Timestamp,Score,Lives,Chaos,Level,Enemies,Bullets,AvgBtnFreq,GoalDist,StartDist,TimeElapsed,AtTower
1656355853032,0,3,0.1,0,0,0,0.375,842.4345671920163,0.0,104,0
1656355853132,0,3,0.4,0,0,0,0.7777777777777778,842.4345671920163,0.0,204,0
1656355853247,0,3,0.75,0,0,0,0.7,842.4345671920163,0.0,319,0
1656355853356,0,3,1.1,0,0,0,0.7,842.4345671920163,0.0,428,0
1656355853461,0,3,1.4,0,0,0,1.0,840.4403607633323,2.0,533,0
1656355853571,0,3,1.75,0,0,0,1.7,830.469746589242,12.0,643,0
1656355853690,0,3,2.1,0,0,0,1.7,825.4847060969695,17.0,762,0
1656355853804,0,3,2.45,0,0,0,2.0,823.4907406886855,19.0,876,0
1656355853919,0,3,2.8,0,0,0,2.7,813.5213580478389,29.0,991,0
1656355854019,0,3,3.1,0,0,0,3.3,802.555917055005,40.0,1091,0
1656355854119,0,3,3.4,0,0,0,3.8,794.3456426518621,48.093658625644196,1191,0
1656355854231,0,3,3.75,0,0,0,4.8,787.5887251605371,55.78530272392541,1303,0
1656355854342,0,3,4.05,0,0,0,4.8,785.6570498633612,57.48912940721924,1414,0
1656355854458,0,3,4.4,0,0,0,4.8,785.9974554666193,56.568542494923804,1530,0
1656355854568,0,3,4.75,0,0,0,4.5,785.9974554666193,56.568542494923804,1640,0
1656355854671,0,3,5.05,0,0,0,4.6,785.5297575521886,57.97413216254297,1743,0
1656355854771,0,3,5.35,0,0,0,5.7,774.9322551036315,70.9365914038728,1843,0
1656355854875,0,3,5.65,0,0,0,5.4,771.0382610480493,74.0,1947,0
1656355854983,0,3,6.0,0,0,0,4.7,771.0382610480493,74.0,2055,0
1656355855085,0,3,6.3,0,0,0,4.1,771.0382610480493,74.0,2157,0
1656355855188,0,3,6.6,0,0,0,3.4,771.0382610480493,74.0,2260,0
1656355855294,0,3,6.95,0,0,0,2.7,764.0477733754611,80.65358020571684,2366,0
1656355855394,0,3,7.25,0,0,0,2.8,758.0560665280636,86.4002314811714,2466,0
1656355855497,0,3,7.55,0,0,0,2.8,758.0560665280636,86.4002314811714,2569,0
1656355855603,0,3,7.85,0,0,0,2.8,758.0560665280636,86.4002314811714,2675,0
1656355855710,0,3,8.2,0,0,0,2.6,753.0630783672773,91.21403400793103,2782,0
1656355855810,0,3,8.5,0,0,0,2.1,745.0744929200033,98.95453501482385,2882,0
1656355855924,1,3,8.85,0,0,0,3.0,734.931969640728,109.38464243210746,2996,0
1656355856024,1,3,9.15,0,0,0,4.2,725.5404881879439,120.50311199301036,3096,0
1656355856125,1,3,9.45,0,0,0,5.4,713.1795005466715,135.76818478568535,3197,0
1656355856240,1,3,9.8,0,0,0,5.9,706.2556194466703,141.35416513141732,3312,0
1656355856340,3,3,10.1,0,0,0,5.2,706.5550226273958,138.7515765676196,3412,0
1656355856459,3,3,10.45,0,0,0,5.1,707.1322365724815,136.13228860193308,3531,0
1656355856576,3,3,10.8,0,0,0,5.1,707.1322365724815,136.13228860193308,3648,0
1656355856688,3,3,11.15,0,0,0,5.3,706.1338400048534,137.11673858431726,3760,0
1656355856808,3,3,11.5,0,0,0,5.9,696.781888398371,147.2990156111031,3880,0
1656355856923,4,3,11.85,0,0,0,6.7,684.3222924908993,161.8177987738061,3995,0
1656355857032,4,3,12.2,0,0,0,7.2,676.2669591219136,170.06175348972502,4104,0
1656355857135,6,3,12.5,0,0,0,6.4,669.505041056451,175.1713446885649,4207,0
1656355857236,6,3,12.8,0,0,0,5.2,669.0239158654944,174.1062893751975,4308,0
1656355857358,6,3,13.15,0,0,0,4.6,669.1965331649589,173.6663467687393,4430,0
1656355857473,6,3,13.5,0,0,0,4.8,669.1375045534363,173.80736463107655,4545,0
1656355857590,6,3,13.85,0,0,0,6.2,659.5945724458321,184.5453873712372,4662,0
1656355857699,6,3,14.2,0,0,0,7.6,647.2232999514155,198.64037857394453,4771,0
1656355857808,6,3,14.5,0,0,0,8.6,636.3466036681581,208.48261318392954,4880,0
1656355857913,6,3,14.85,0,0,0,7.8,628.716152170437,214.7091055358389,4985,0
1656355858036,6,3,15.2,0,0,0,6.4,629.2725959391527,213.3541656495134,5108,0
1656355858146,6,3,15.55,0,0,0,5.0,629.2725959391527,213.3541656495134,5218,0
1656355858254,6,3,15.85,0,0,0,5.0,626.2786919575022,216.33538776631067,5326,0
1656355858361,6,3,16.2,0,0,0,5.9,617.1709649683789,225.50388023269136,5433,0
1656355858483,7,3,16.55,0,0,0,7.3,607.6923563777974,235.61409125941515,5555,0
1656355858594,9,3,16.9,0,0,0,8.5,594.30379436783,250.08198655640916,5666,0
1656355858697,9,3,17.2,0,0,0,8.0,586.4511914899654,257.2877766237643,5769,0
1656355858805,9,3,17.55,0,0,0,6.6,583.4937874562162,260.09421369957465,5877,0
1656355858912,9,3,17.85,0,0,0,5.4,583.4937874562162,260.09421369957465,5984,0
1656355859012,9,3,18.15,0,0,0,5.0,583.4937874562162,260.09421369957465,6084,0
1656355859128,9,3,18.5,0,0,0,5.0,583.4937874562162,260.09421369957465,6200,0
1656355859237,9,3,18.85,0,0,0,5.0,583.4937874562162,260.09421369957465,6309,0
1656355859351,9,3,19.2,0,0,0,5.5,577.3127402023968,266.82203807032136,6423,0
1656355859453,11,3,19.5,0,0,0,5.8,570.1263017963652,274.96181553081146,6525,0
1656355859570,12,3,19.85,0,0,0,5.8,560.0142855320745,286.35642126552705,6642,0
1656355859685,12,3,20.2,0,0,0,4.7,553.0578631571926,292.4123800388759,6757,0
1656355859787,12,3,20.5,0,0,0,3.8,553.0578631571926,292.4123800388759,6859,0
1656355859894,12,3,20.85,0,0,0,3.8,553.0578631571926,292.4123800388759,6966,0
1656355859995,12,3,21.15,0,0,0,3.8,553.0578631571926,292.4123800388759,7067,0
1656355860095,12,3,21.45,0,0,0,4.2,550.0581787411219,295.3574106062009,7167,0
1656355860197,12,3,21.75,0,0,0,5.1,543.0230197698805,302.8035666896941,7269,0
1656355860308,12,3,22.1,0,0,0,6.5,531.0461373553148,317.0520462006198,7380,0
1656355860408,12,3,22.4,0,0,0,6.8,524.1373865695901,325.01076905235004,7480,0
1656355860527,12,3,22.75,0,0,0,5.7,519.0616533707725,328.9756829919196,7599,0
1656355860636,12,3,23.1,0,0,0,4.3,519.0616533707725,328.9756829919196,7708,0
1656355860737,12,3,23.4,0,0,0,4.0,519.0616533707725,328.9756829919196,7809,0
1656355860842,12,3,23.7,0,0,0,4.3,519.1887903258314,330.3407331831786,7914,0
1656355860951,12,3,24.05,0,0,0,5.0,519.5546169557152,332.8438072129328,8023,0
1656355861067,12,3,24.4,0,0,0,5.6,519.809580519636,334.2005385992069,8139,0
1656355861167,12,3,24.7,0,0,0,5.2,519.5546169557152,332.8438072129328,8239,0
1656355861272,12,3,25.0,0,0,0,4.3,519.5546169557152,332.8438072129328,8344,0
1656355861382,12,3,25.35,0,0,0,2.9,519.5546169557152,332.8438072129328,8454,0
1656355861482,12,3,25.65,0,0,0,2.3,519.9855767230472,335.04775778984106,8554,0
1656355861588,12,3,25.95,0,0,0,2.8,520.6169417143471,337.7365837453799,8660,0
1656355861691,12,3,26.3,0,0,0,2.9,520.6966487312934,338.04881304332366,8763,0
1656355861813,12,3,26.65,0,0,0,2.9,520.5391435809606,337.4270291485257,8885,0
1656355861913,12,3,26.95,0,1,0,3.2,513.5601230625291,344.0930106817051,8985,0
1656355862023,12,3,27.3,0,1,0,3.3,501.6781836994708,355.84406697316166,9095,0
1656355862136,12,3,27.65,0,1,0,4.1,494.43401986513834,365.88659445243417,9208,0
1656355862236,14,3,27.95,0,1,0,5.3,486.46993740620803,377.2704600150932,9308,0
1656355862346,14,3,28.25,0,1,0,6.5,475.42927970414274,387.38224017112606,9418,0
1656355862456,14,3,28.6,0,1,0,7.9,467.266519237148,397.81654063148255,9528,0
1656355862570,14,3,28.95,0,2,0,8.7,457.19361325372864,413.0883682700349,9642,0
1656355862670,14,3,29.25,0,2,0,9.3,446.51539727091165,423.7924020083418,9742,0
1656355862783,14,3,29.6,0,2,0,10.6,436.17656975128773,429.4671116628141,9855,0
1656355862900,14,3,29.95,0,2,0,12.0,423.71688661180355,436.8065933568311,9972,0
1656355863103,14,3,30.55,0,2,0,13.0,406.8722158122867,453.17656603138687,101,0
1656355863218,14,3,30.9,0,2,0,13.0,398.50345042420895,465.52013919915436,216,0
1656355863326,14,3,41.25,0,2,0,13.2,392.8422075083074,474.22041288835305,324,0
1656355863430,14,3,41.55,0,2,0,13.2,381.077419955578,480.80349416367596,428,0
1656355863533,14,3,41.85,0,2,0,13.0,369.67553340733815,487.9877047631426,531,0
1656355863640,14,3,42.2,0,2,0,13.0,362.465170740583,494.32479201431926,638,0
1656355863744,14,3,42.5,0,2,0,12.4,354.1412147717348,504.0079364454492,742,0
1656355863859,14,3,42.85,0,2,0,11.0,350.30415355801875,505.56206345017614,857,0
1656355863981,14,3,43.2,0,2,0,9.6,350.30415355801875,505.56206345017614,979,0
1656355864088,14,3,43.55,0,2,0,8.4,350.30415355801875,505.56206345017614,1086,0
1656355864194,14,3,43.85,0,2,0,7.6,347.3326935374786,508.4879546262625,1192,0
1656355864300,14,3,41.4,0,2,0,6.5,338.4213350248474,517.2707221562033,1298,1
1656355864414,14,3,40.35,0,2,0,5.1,338.4213350248474,517.2707221562033,1412,1
1656355864526,14,3,48.9,0,2,0,3.9,339.69986753014786,516.7320388750827,1524,0
1656355864628,14,3,48.0,0,2,0,2.7,339.4112549695428,516.2944896084017,1626,1
1656355864729,14,3,47.1,0,2,0,1.3,339.4112549695428,516.2944896084017,1727,1
1656355864838,14,3,46.05,0,2,0,0.7,339.4112549695428,516.2944896084017,1836,1
1656355864938,14,3,45.15,0,2,0,0.7,339.4112549695428,516.2944896084017,1936,1
1656355865039,14,3,53.85,0,2,0,0.7,340.40123384030204,515.3183482081732,2037,0
1656355865154,14,3,52.8,0,2,0,0.7,340.40123384030204,515.3183482081732,2152,1
1656355865273,14,3,51.75,0,2,0,0.3,340.40123384030204,515.3183482081732,2271,1
1656355865385,14,3,50.7,0,2,0,0.0,340.40123384030204,515.3183482081732,2383,1
1656355865491,14,3,49.8,0,2,0,0.0,340.40123384030204,515.3183482081732,2489,1
1656355865600,14,3,48.35,0,2,0,0.3,342.3813663153998,513.3663409301392,2598,1
1656355865714,14,3,48.5,0,2,1,0.8,346.3423162133094,509.4634432420053,2712,0
1656355865817,14,3,47.6,0,2,1,1.1,346.3423162133094,509.4634432420053,2815,1
1656355865921,14,3,48.7,0,2,2,1.4,346.3423162133094,509.4634432420053,2919,0
1656355866022,14,3,49.8,0,2,2,1.8,346.3423162133094,509.4634432420053,3020,0
1656355866131,14,3,50.75,0,2,3,2.0,346.3423162133094,509.4634432420053,3129,0
1656355866245,14,3,49.7,0,2,2,2.2,346.3423162133094,509.4634432420053,3243,1
1656355866346,24,3,47.8,0,1,2,2.8,339.4112549695428,516.2944896084017,3344,1
1656355866448,24,3,45.7,0,1,2,3.1,332.4830822763769,523.1300029629347,3446,1
1656355866672,24,3,46.35,0,1,2,2.8,330.50416033690107,525.0838028353188,108,0
1656355866779,24,3,44.7,0,1,1,3.0,337.4314745248285,518.2470453364882,215,1
1656355866895,24,3,42.65,0,1,1,2.8,342.3813663153998,513.3663409301392,331,1
1656355867003,24,3,41.75,0,1,0,2.7,342.8148188162233,514.0291820509805,439,1
1656355867116,24,3,41.7,0,1,0,3.0,344.8042923166705,516.8462053648068,552,1
1656355867226,24,3,42.05,0,1,0,3.5,346.3553088953596,518.8699258966549,662,0
1656355867326,24,3,44.35,0,1,1,3.6,345.5575205374642,517.8436057343955,762,0
1656355867437,24,3,44.7,0,1,1,3.4,344.095916860401,515.8778925288425,873,0
1656355867545,24,3,44.2,0,1,1,3.1,342.3813663153998,513.3663409301392,981,1
1656355867645,24,3,43.3,0,1,1,3.1,342.3813663153998,513.3663409301392,1081,1
1656355867764,24,3,42.25,0,1,1,3.1,342.3813663153998,513.3663409301392,1200,1
1656355867864,24,3,41.75,0,1,1,3.0,343.7586362551492,515.4046953608397,1300,1
1656355867980,24,3,42.1,0,1,1,3.3,344.9884056022753,517.0928349919384,1416,0
1656355868089,24,3,44.45,0,1,2,3.4,343.59423743712586,515.1708454483813,1525,0
1656355868205,24,3,43.4,0,1,2,3.0,342.3813663153998,513.3663409301392,1641,1
1656355868306,24,3,42.5,0,1,2,2.3,342.3813663153998,513.3663409301392,1742,1
1656355868407,24,3,41.6,0,1,2,2.0,342.3813663153998,513.3663409301392,1843,1
1656355868512,24,3,40.9,0,1,2,2.1,343.59423743712586,515.1708454483813,1948,1
1656355868631,24,3,41.25,0,1,2,2.7,345.17531777344686,517.3412800076948,2067,0
1656355868739,24,3,43.6,0,1,3,2.8,344.095916860401,515.8778925288425,2175,0
1656355868861,24,3,42.75,0,1,3,3.5,342.3813663153998,513.3663409301392,2297,1
1656355868962,24,3,41.85,0,1,1,2.9,342.3813663153998,513.3663409301392,2398,1
1656355869072,24,3,40.8,0,1,1,2.5,342.3813663153998,513.3663409301392,2508,1
1656355869194,24,3,39.95,0,1,1,2.8,343.7586362551492,515.4046953608397,2630,1
1656355869307,24,3,40.3,0,1,1,3.0,345.17531777344686,517.3412800076948,2743,0
1656355869407,24,3,42.6,0,1,2,3.2,344.095916860401,515.8778925288425,2843,0
1656355869520,24,3,41.75,0,1,2,3.7,342.3813663153998,513.3663409301392,2956,1
1656355869622,24,3,40.85,0,1,2,3.2,342.3813663153998,513.3663409301392,3058,1
1656355869835,24,3,38.9,0,1,0,3.0,343.2739430833631,514.7086554547145,101,1
1656355869946,24,3,39.05,0,1,0,3.0,344.9884056022753,517.0928349919384,212,0
1656355870047,24,3,39.35,0,1,0,3.0,344.622982402509,516.601393726343,313,0
1656355870149,24,3,41.05,0,1,1,3.5,342.96501279285036,514.2538283766102,415,0
1656355870261,24,3,40.0,0,1,0,3.2,342.3813663153998,513.3663409301392,527,1
1656355870381,44,3,38.95,0,0,0,2.7,342.3813663153998,513.3663409301392,647,1
1656355870484,44,3,38.05,0,0,0,2.5,342.3813663153998,513.3663409301392,750,1
1656355870598,44,3,37.0,0,0,0,2.0,342.3813663153998,513.3663409301392,864,1
1656355870711,44,3,35.95,0,0,0,2.1,342.3813663153998,513.3663409301392,977,1
1656355870826,44,3,35.1,0,0,0,2.8,353.2760959929216,502.6370459884548,1092,1
1656355870952,44,3,35.45,0,0,0,2.6,359.63453671748493,497.4746224683225,1218,0
1656355871057,44,3,35.8,0,0,0,2.6,361.02077502548246,499.6318644762361,1323,0
1656355871169,44,3,36.1,0,0,0,2.6,360.85592692929407,499.3846213090667,1435,0
1656355871278,44,3,36.4,0,0,0,2.1,359.22138021003144,496.78969393496885,1544,0
1656355871391,44,3,36.75,0,0,0,1.8,359.22138021003144,496.78969393496885,1657,0
1656355871493,44,3,37.05,0,0,0,1.8,359.22138021003144,496.78969393496885,1759,0
1656355871595,44,3,37.35,0,0,0,1.8,359.22138021003144,496.78969393496885,1861,0
1656355871696,44,3,37.65,0,0,0,2.1,357.23941551850066,498.738408386601,1962,0
1656355871801,44,3,38.0,0,0,0,2.7,349.3136126749142,506.53726417707907,2067,0
1656355871913,44,3,36.3,0,0,0,2.5,339.4112549695428,516.2944896084017,2179,1
1656355872018,44,3,34.65,0,0,0,2.5,336.44167399417097,519.2234586379934,2284,1
1656355872118,44,3,33.75,0,0,0,2.1,336.44167399417097,519.2234586379934,2384,1
1656355872219,44,3,32.85,0,0,0,2.2,336.44167399417097,519.2234586379934,2485,1
1656355872328,44,3,30.75,0,0,0,2.8,342.3813663153998,513.3663409301392,2594,1
1656355872435,44,3,30.3,0,0,0,3.8,352.28539566663846,503.6119537898201,2701,1
1656355872551,44,3,30.65,0,0,0,4.5,355.25906040522034,497.98092332939825,2817,0
1656355872651,44,3,30.95,0,0,0,5.3,355.44338508403837,495.3907548592323,2917,0
1656355872763,45,3,31.3,0,0,0,5.7,362.6678921547922,485.6747883100378,3029,0
1656355872877,45,3,31.65,0,0,0,6.1,370.3903346471125,476.9287158475572,3143,0
1656355872977,47,3,31.95,0,0,0,6.8,380.9580029347067,468.9147043972923,3243,0
1656355873093,48,3,32.3,0,0,0,7.9,390.6622582231358,461.95346085942464,3359,0
1656355873204,48,3,32.65,0,0,0,9.0,399.3657471541594,452.51850790879257,3470,0
1656355873305,50,3,32.95,0,0,0,9.3,406.5956222095855,442.4386963184843,3571,0
1656355873420,50,3,33.3,0,0,0,9.2,404.31670754496406,443.2786933747211,3686,0
1656355873536,50,3,33.65,0,0,0,8.9,394.32473926955186,453.1180861541504,3802,0
1656355873651,50,3,34.0,0,0,0,8.9,384.1575197754172,462.12660602912706,3917,0
1656355873751,51,3,34.3,0,0,0,8.7,382.0052355662158,462.7310233818346,4017,0
1656355873852,52,3,34.6,0,0,0,8.4,382.13086763568316,461.1724189497893,4118,0
1656355873952,52,3,34.9,0,0,0,8.1,388.25249516261965,454.75707800978756,4218,0
1656355874068,54,3,35.25,0,0,0,8.3,397.03148489760855,446.9116243733206,4334,0
1656355874169,55,3,35.55,0,0,0,8.1,408.04411526206326,437.6345507383986,4435,0
1656355874284,55,3,35.9,0,0,0,7.7,420.01904718714843,425.4691528183917,4550,0
1656355874388,56,3,36.2,0,0,0,7.7,423.02954979528323,421.1531787841569,4654,0
1656355874501,56,3,36.55,0,0,0,7.9,412.31056256176606,430.68317821804936,4767,0
1656355874614,56,3,36.9,0,0,0,7.9,403.31749280188683,439.6282520493878,4880,0
1656355874728,56,3,37.25,0,0,0,7.9,393.3255648950371,449.5697943590071,4994,0
1656355874839,56,3,37.6,0,0,0,8.0,386.3314639011428,456.5303932927138,5105,0
1656355874942,56,3,37.9,0,0,0,8.5,376.1608698416144,467.0171303068015,5208,0
1656355875046,57,3,38.2,0,0,0,8.9,365.0,479.29218645832316,5312,0
1656355875156,57,3,38.55,0,0,0,8.3,356.00140449161154,488.3451648168537,5422,0
1656355875271,57,3,38.9,0,0,0,7.2,352.0,492.17882928870483,5537,0
1656355875372,57,3,39.2,0,0,0,6.5,354.0,490.1958792156458,5638,0
1656355875488,57,3,39.55,0,0,0,7.5,363.1377149236912,482.70591461054215,5754,0
1656355875603,57,3,39.9,0,0,0,8.0,374.4823093284915,473.3339201874296,5869,0
1656355875716,57,3,40.25,0,0,0,8.0,382.33493170255844,464.9344039754426,5982,0
1656355875826,57,3,40.55,0,0,0,7.9,391.3272287996326,456.07126636086156,6092,0
1656355875938,57,3,40.9,0,0,0,8.1,404.49474656662716,444.01801765243715,6204,0
1656355876050,57,3,41.25,0,0,0,8.6,416.15622066719123,435.4882317583335,6316,0
1656355876166,57,3,41.6,0,0,0,8.3,425.44212297326646,427.6178200215702,6432,0
1656355876271,57,3,41.9,0,0,0,8.0,425.205832509386,426.9332500520427,6537,0
1656355876377,57,3,42.2,0,0,0,8.9,417.73197148410844,436.0963196359263,6643,0
1656355876489,57,3,42.55,0,0,0,10.0,409.7047717564442,447.0011185668331,6755,0
1656355876600,57,3,42.9,0,0,0,9.7,400.39105884122836,457.93558498985425,6866,0
1656355876703,57,3,43.2,0,0,0,9.1,387.9806696215676,468.5819031930277,6969,0
1656355876815,57,3,43.55,0,0,0,9.1,379.0514476954283,477.3258844856415,7081,0
1656355876915,57,3,43.85,0,0,0,9.1,370.12565433917166,486.07921165176367,7181,0
1656355877016,57,3,44.15,0,0,0,8.8,359.22138021003144,496.78969393496885,7282,0
1656355877122,57,3,44.45,0,0,0,8.0,348.3231258472512,507.51256142089727,7388,0
1656355877232,57,3,42.4,0,0,0,7.8,340.40123384030204,515.3183482081732,7498,1
1656355877333,57,3,40.7,0,0,0,7.3,336.44167399417097,519.2234586379934,7599,1
1656355877438,57,3,39.65,0,0,0,6.3,336.44167399417097,519.2234586379934,7704,1
1656355877540,57,3,38.75,0,0,0,4.9,336.44167399417097,519.2234586379934,7806,1
1656355877648,57,3,37.85,0,0,0,3.8,336.44167399417097,519.2234586379934,7914,1
1656355877762,57,3,36.8,0,0,0,3.2,336.44167399417097,519.2234586379934,8028,1
1656355877872,57,3,35.75,0,0,0,2.5,336.44167399417097,519.2234586379934,8138,1
1656355877985,57,3,34.7,0,0,0,1.9,336.44167399417097,519.2234586379934,8251,1
1656355878100,57,3,33.65,0,0,0,1.3,336.44167399417097,519.2234586379934,8366,1
1656355878217,57,3,32.6,0,0,0,0.7,336.44167399417097,519.2234586379934,8483,1
1656355878318,57,3,31.7,0,0,0,0.0,336.44167399417097,519.2234586379934,8584,1
1656355878418,57,3,30.8,0,0,0,0.0,336.44167399417097,519.2234586379934,8684,1
1656355878531,57,3,29.75,0,0,0,0.0,336.44167399417097,519.2234586379934,8797,1
1656355878632,57,3,28.85,0,0,0,0.0,336.44167399417097,519.2234586379934,8898,1
1656355878735,57,3,27.95,0,0,0,0.0,336.44167399417097,519.2234586379934,9001,1
1656355878849,57,3,26.9,0,0,0,0.0,336.44167399417097,519.2234586379934,9115,1
1656355878965,57,3,25.85,0,0,0,0.0,336.44167399417097,519.2234586379934,9231,1
1656355879069,57,3,24.95,0,0,0,0.0,336.44167399417097,519.2234586379934,9335,1
1656355879180,57,3,23.9,0,0,0,0.0,336.44167399417097,519.2234586379934,9446,1
1656355879282,57,3,23.0,0,0,0,0.0,336.44167399417097,519.2234586379934,9548,1
1656355879382,57,3,22.1,0,0,0,0.0,336.44167399417097,519.2234586379934,9648,1
1656355879497,57,3,21.05,0,0,0,0.0,336.44167399417097,519.2234586379934,9763,1
1656355879598,57,3,20.15,0,0,0,0.0,336.44167399417097,519.2234586379934,9864,1
1656355879708,57,3,19.1,0,0,0,0.0,336.44167399417097,519.2234586379934,9974,1
1656355879822,57,3,18.05,0,0,0,0.0,336.44167399417097,519.2234586379934,10088,1
1656355879934,57,3,17.0,0,0,0,0.0,336.44167399417097,519.2234586379934,10200,1
1656355880036,57,3,16.1,0,0,0,0.0,336.44167399417097,519.2234586379934,10302,1
1656355880153,57,3,14.25,0,0,0,0.8,333.08407347094817,524.0009541976045,10419,1
1656355880265,57,3,14.6,0,0,0,2.2,326.55933610907533,533.6075336799511,10531,0
1656355880365,57,3,14.9,0,0,0,3.1,318.49646779831016,543.2936590831887,10631,0
1656355880467,57,3,15.2,0,0,0,3.1,313.41346493091197,545.8094905734051,10733,0
1656355880580,57,3,15.55,0,0,0,3.6,313.9824835878588,546.4878772671907,10846,0
1656355880695,57,3,15.9,0,0,0,4.8,310.8713560301109,551.3048158686807,10961,0
1656355880808,57,3,16.25,0,0,0,5.8,304.2449670906653,558.3448755025875,11074,0
1656355880909,57,3,16.55,0,0,0,5.8,300.8853602287755,560.8029957123981,11175,0
1656355881011,57,3,16.85,0,0,0,5.8,300.8853602287755,560.8029957123981,11277,0
1656355881111,57,3,17.15,0,0,0,6.2,297.95469454264355,563.7242233574854,11377,0
1656355881227,57,3,17.5,0,0,0,6.6,288.39209420509434,577.4859305645463,11493,0
1656355881332,57,3,17.8,0,0,0,6.4,280.6439024814186,588.8777462258189,11598,0
1656355881442,57,3,18.15,0,0,0,6.5,270.7175650008695,600.0333324074589,11708,0
1656355881543,57,3,18.45,0,0,0,6.6,261.4000765110829,604.723077118775,11809,0
1656355881654,57,3,18.75,0,0,0,6.1,261.1225765804251,604.4973118219799,11920,0
1656355881763,57,3,19.1,0,0,0,5.2,260.44001228689876,605.6971190289747,12029,0
1656355881882,57,3,19.45,0,1,0,5.6,259.6247291765559,611.9191123016178,12148,0
1656355881990,57,3,19.8,0,1,0,6.5,251.87298386289865,622.8322406555396,12256,0
1656355882105,57,3,20.15,0,1,0,6.5,247.6226968595569,623.1059299990652,12371,0
1656355882222,57,3,20.5,0,1,0,6.1,247.2973918180295,622.8739840449269,12488,0
1656355882335,57,3,22.85,0,1,1,5.4,247.2973918180295,622.8739840449269,12601,0
1656355882458,57,3,25.2,0,1,2,4.4,247.2973918180295,622.8739840449269,12724,0
1656355882567,57,3,27.55,0,1,2,3.7,247.2973918180295,622.8739840449269,12833,0
1656355882670,57,3,27.85,0,1,2,4.1,247.2973918180295,622.8739840449269,12936,0
1656355882787,57,3,28.2,0,1,1,4.8,239.741527483246,630.6599717755995,13053,0
1656355882898,77,3,28.55,0,0,0,5.2,231.16444363266595,636.1485675532093,13164,0
1656355883000,77,3,28.85,0,0,0,4.3,219.82947936980608,643.0715356785744,13266,0
1656355883112,77,3,29.2,0,0,0,3.4,216.6679487141557,645.8118921172016,13378,0
1656355883216,77,3,29.5,0,0,0,3.4,216.6679487141557,645.8118921172016,13482,0
1656355883322,77,3,29.85,0,0,0,4.1,210.94312029549576,651.6939465730827,13588,0
1656355883423,77,3,30.15,0,0,0,4.6,204.96341136895632,660.5285762175623,13689,0
1656355883524,77,3,30.45,0,0,0,5.6,198.29775591266787,674.7636623292632,13790,0
1656355883641,78,3,30.8,0,0,0,5.9,190.1841213140571,682.1568734536066,13907,0
1656355883741,78,3,31.1,0,0,0,5.4,185.0108104949546,683.8632904316476,14007,0
1656355883857,79,3,31.45,0,0,0,4.7,180.2775637731995,681.3780154950701,14123,0
1656355883970,79,3,31.8,0,0,0,4.0,178.98603297464305,680.6614430096654,14236,0
1656355884076,79,3,32.15,0,0,0,3.8,179.62182495454164,681.0168867216142,14342,0
1656355884183,79,3,32.45,0,0,0,5.0,175.30829986055994,690.5396440465964,14449,0
1656355884296,80,3,32.8,0,0,0,6.4,172.62966141425406,699.1602105383287,14562,0
1656355884411,80,3,33.15,0,0,0,6.0,164.58432489152787,705.2375486316649,14677,0
1656355884526,80,3,33.5,0,0,0,5.1,164.12799883018133,706.4120610521878,14792,0
1656355884626,80,3,33.8,0,0,0,5.0,164.98484778912274,713.5180446211574,14892,0
1656355884737,80,3,34.15,0,0,0,5.3,163.08280105516948,720.6469315830047,15003,0
1656355884850,80,3,34.5,0,0,0,5.3,159.84992962150469,719.3886293235389,15116,0
1656355884956,80,3,34.8,0,0,0,5.3,157.78466338652814,718.5763703323398,15222,0
1656355885056,80,3,35.1,0,0,0,5.6,158.29403020960706,718.7774342590341,15322,0
1656355885165,80,3,35.45,0,0,0,6.7,163.6367929287298,720.8612904019747,15431,0
1656355885272,80,3,35.75,0,0,0,6.7,165.23922052587878,729.1474473657574,15538,0
1656355885386,80,3,33.9,0,0,0,5.6,156.33937443907087,737.2448711249201,15652,1
1656355885487,80,3,32.8,0,0,0,5.3,153.67498169838836,737.563556583431,15753,1
1656355885601,80,3,31.75,0,0,0,5.2,153.67498169838836,737.563556583431,15867,1
1656355885711,80,3,30.7,0,0,0,4.1,153.67498169838836,737.563556583431,15977,1
1656355885812,80,3,29.8,0,0,0,3.2,153.67498169838836,737.563556583431,16078,1
1656355885916,80,3,28.9,0,0,0,3.2,153.67498169838836,737.563556583431,16182,1
1656355886032,80,3,27.85,0,0,0,3.2,153.67498169838836,737.563556583431,16298,1
1656355886144,80,3,26.8,0,0,0,2.9,153.67498169838836,737.563556583431,16410,1
1656355886245,80,3,25.9,0,0,0,1.5,153.67498169838836,737.563556583431,16511,1
1656355886345,80,3,25.0,0,0,0,0.3,153.67498169838836,737.563556583431,16611,1
1656355886555,80,3,23.05,0,0,0,0.0,153.67498169838836,737.563556583431,110,1
1656355886665,80,3,22.15,0,0,0,0.0,153.67498169838836,737.563556583431,220,1
1656355886771,80,3,21.1,0,0,0,0.0,153.67498169838836,737.563556583431,326,1
1656355886873,80,3,20.2,0,0,0,0.0,153.67498169838836,737.563556583431,428,1
1656355886976,80,3,19.3,0,0,0,0.0,153.67498169838836,737.563556583431,531,1
1656355887083,80,3,18.25,0,0,0,0.0,153.67498169838836,737.563556583431,638,1
1656355887186,80,3,17.35,0,0,0,0.1,153.67498169838836,737.563556583431,741,1
1656355887402,80,3,15.4,0,0,0,1.0,153.67498169838836,737.563556583431,116,1
1656355887520,80,3,14.35,0,0,0,1.0,153.67498169838836,737.563556583431,234,1
1656355887627,80,3,13.3,0,0,0,1.0,153.67498169838836,737.563556583431,341,1
1656355887730,80,3,12.4,0,0,0,1.0,153.67498169838836,737.563556583431,444,1
1656355887848,80,3,11.35,0,0,0,1.0,153.67498169838836,737.563556583431,562,1
1656355887958,80,3,10.3,0,0,0,1.0,153.67498169838836,737.563556583431,672,1
1656355888058,80,3,9.4,0,0,0,1.0,153.67498169838836,737.563556583431,772,1
1656355888169,80,3,8.35,0,0,0,1.0,153.67498169838836,737.563556583431,883,1
1656355888283,80,3,7.3,0,0,0,0.9,153.67498169838836,737.563556583431,997,1
1656355888390,80,3,6.4,0,0,0,0.3,153.67498169838836,737.563556583431,1104,1
1656355888497,80,3,4.15,0,0,0,0.7,149.03690818049066,743.4218183507934,1211,1
1656355888609,80,3,4.1,0,0,0,0.8,139.94641831786907,747.8188283267544,1323,1
1656355888728,80,3,4.45,0,0,0,1.5,137.05838172107536,741.9117198157743,1442,0
1656355888840,80,3,4.8,0,0,0,2.0,131.0267148332736,739.870258896788,1554,0
1656355888941,80,3,5.1,0,0,0,2.0,128.9961239727768,739.1670988348981,1655,0
1656355889061,80,3,5.45,0,0,0,2.6,124.67958934805647,744.0920641963601,1775,0
1656355889171,80,3,5.8,0,1,0,3.3,116.10770861575041,750.1526511317546,1885,0
1656355889273,80,3,6.1,0,1,0,3.7,104.7091209016674,756.6372975210779,1987,0
1656355889374,80,3,6.4,0,2,0,4.2,100.46392387319938,753.9316945188071,2088,0
1656355889487,80,3,6.75,0,2,0,4.7,105.51303237041385,743.5892683464441,2201,0
1656355889601,80,3,7.1,0,2,0,4.0,105.38026380684383,740.4437858473796,2315,0
1656355889715,80,3,7.45,0,2,0,3.9,104.30723848324239,739.5133534967438,2429,0
1656355889815,80,3,7.75,0,3,0,3.2,104.00480758118829,738.6914105362266,2529,0
1656355889917,80,3,8.05,0,3,0,2.7,104.38869670610896,738.0521661779742,2631,0
1656355890018,80,3,8.35,0,3,0,2.7,105.90561835898981,737.3140443528796,2732,0
1656355890136,80,3,8.7,0,3,0,2.1,108.81176406988355,736.6953237261656,2850,0
1656355890243,80,3,9.05,0,3,0,1.4,108.81176406988355,736.6953237261656,2957,0
1656355890358,80,3,9.4,0,3,0,1.5,104.04326023342405,741.6906363167867,3072,0
1656355890476,80,3,9.75,0,3,0,2.4,91.67878707749138,752.1735172152765,3190,0
1656355890588,80,3,10.1,0,2,0,2.5,80.60397012554654,762.5122949828417,3302,0
1656355890690,80,3,10.4,0,2,0,2.5,79.62411694957754,763.5103142721779,3404,0
1656355890807,80,3,10.75,0,2,0,2.5,79.62411694957754,763.5103142721779,3521,0
1656355890917,80,3,11.1,0,2,0,3.1,86.83317338436964,757.1657678474378,3631,0
1656355891018,80,3,11.4,0,2,0,3.7,100.24470060806206,745.6869316274758,3732,0
1656355891118,80,3,11.7,0,2,0,3.7,104.9952379872535,740.6915687382975,3832,0
1656355891218,80,3,12.0,0,3,0,3.7,104.9952379872535,740.6915687382975,3932,0
1656355891318,80,3,12.3,0,3,0,4.1,102.1420579389313,743.6887789929333,4032,0
1656355891430,80,3,12.65,0,3,0,4.5,92.34717104492157,752.8612089887484,4144,0
1656355891535,80,3,12.95,0,2,0,4.3,82.22530024268686,761.331071216721,4249,0
1656355891642,80,3,13.3,0,2,0,5.1,74.81310045707235,767.8313616934386,4356,0
1656355891745,80,3,13.6,0,2,0,6.0,66.70832032063167,776.5474872794324,4459,0
1656355891865,80,3,13.95,0,2,0,6.0,62.0966987850401,781.475527447917,4579,0
1656355891978,80,3,14.3,0,2,0,5.4,62.0966987850401,781.475527447917,4692,0
1656355892088,80,3,14.65,0,2,0,4.8,62.0966987850401,781.475527447917,4802,0
1656355892189,80,3,14.95,0,2,0,5.2,65.0,778.4812136461611,4903,0
1656355892302,80,3,15.3,0,2,0,5.9,72.78049189171504,770.4965931138179,5016,0
1656355892402,80,3,15.6,0,2,0,6.1,84.40379138403678,759.2759709091287,5116,0
1656355892506,80,3,15.9,0,2,0,5.3,91.706052144883,753.812974152077,5220,0
1656355892617,80,3,16.25,0,2,0,4.1,92.69843580125826,753.6796401655015,5331,0
1656355892824,80,3,16.85,0,2,0,2.9,102.20078277586722,742.8250130414295,103,0
1656355892936,80,3,17.2,0,3,0,4.3,111.30588483993108,731.5114489876423,215,0
1656355893050,80,3,17.55,0,3,0,5.7,119.41942890501528,723.0193635028041,329,0
1656355893155,80,3,17.85,0,3,0,6.9,130.98091464026353,711.6206854778744,434,0
1656355893268,80,3,28.2,0,3,0,7.4,137.05838172107534,705.5671477612887,547,0
1656355893385,80,3,28.55,0,3,0,6.7,139.08630414242808,704.1370605216005,664,0
1656355893498,80,3,28.9,0,3,0,6.1,140.68759717899798,703.7279303821896,777,0
1656355893598,80,3,29.2,0,3,0,6.0,140.68759717899798,703.7279303821896,877,0
1656355893705,80,3,29.55,0,2,0,6.6,145.5609837834301,698.7331393314618,984,0
1656355893808,80,3,29.85,0,2,0,6.9,156.46724896923317,689.3837828089663,1087,0
1656355893929,80,3,30.2,0,2,0,6.8,170.88007490635061,676.1893226012963,1208,0
1656355894039,80,3,30.55,0,2,0,6.1,180.49930747789588,666.1921644690817,1318,0
1656355894140,80,3,40.85,0,2,0,5.3,187.48066566982317,658.2742589529079,1419,0
1656355894252,80,3,41.2,0,1,0,4.8,196.93907687404246,649.1971965435464,1531,0
1656355894362,80,3,41.5,0,1,0,5.1,194.5507645834372,649.5613904782211,1641,0
1656355894476,80,3,41.85,0,2,0,6.5,181.59295140505864,661.2110101926615,1755,0
1656355894580,80,3,42.15,0,2,0,7.7,170.55790805471318,672.2514410546102,1859,0
1656355894688,80,3,42.5,0,2,0,8.7,160.85397104206038,683.6153889432273,1967,0
1656355894789,80,3,52.8,0,2,0,8.2,156.2049935181331,688.5695317104875,2068,0
1656355894904,80,3,53.15,0,2,0,7.6,158.52129194527782,688.2623046484531,2183,0
1656355895012,80,3,53.5,0,2,0,6.9,159.3988707613702,688.1860213634102,2291,0
1656355895116,80,3,53.8,0,2,0,6.2,159.3988707613702,688.1860213634102,2395,0
1656355895232,80,3,54.15,0,2,0,5.6,159.3988707613702,688.1860213634102,2511,0
1656355895332,80,3,54.45,0,2,0,4.9,159.3988707613702,688.1860213634102,2611,0
1656355895440,80,3,54.8,0,2,0,3.7,159.3988707613702,688.1860213634102,2719,0
1656355895549,80,3,55.1,0,2,0,2.3,159.3988707613702,688.1860213634102,2828,0
1656355895667,80,3,55.45,0,2,0,1.4,161.30716041143367,686.1865635525079,2946,0
1656355895775,80,3,55.8,0,2,0,1.1,169.9205696788944,677.1890430300833,3054,0
1656355895877,80,3,56.1,0,2,0,1.6,177.6091213873882,669.1913029919023,3156,0
1656355895984,80,3,66.45,0,2,0,2.3,181.66177363441105,664.271781727931,3263,0
1656355896084,80,3,66.75,0,2,0,2.9,190.15782918407538,656.1950929411161,3363,0
1656355896187,80,3,67.05,0,2,0,3.5,197.9090700296477,648.1975007665487,3466,0
1656355896289,80,3,67.35,0,2,0,4.1,197.9090700296477,648.1975007665487,3568,0
1656355896400,80,3,67.7,0,2,0,4.9,195.96938536414305,650.196893256189,3679,0
1656355896500,80,3,68.0,0,2,0,5.8,185.8090417606205,659.3671208060043,3779,0
1656355896603,80,3,68.3,0,2,0,7.0,172.80335644888382,670.8121942839143,3882,0
1656355896717,80,3,68.65,0,2,0,8.1,164.0731544159495,679.064061779152,3996,0
1656355896825,80,3,69.0,0,2,0,8.8,156.10893632332522,687.7921197571254,4104,0
1656355896932,80,3,69.3,0,2,0,8.7,151.92103211866356,694.3486156103431,4211,0
1656355897047,80,3,69.65,0,2,0,8.0,152.73833834371774,695.184148265767,4326,0
1656355897154,80,3,70.0,0,2,0,7.6,153.68799562750502,694.1844135386503,4433,0
1656355897255,80,3,70.3,0,2,0,7.6,161.30716041143367,686.1865635525079,4534,0
1656355897368,80,3,70.65,0,2,0,7.3,170.88007490635061,676.1893226012963,4647,0
1656355897473,80,3,70.95,0,2,0,7.0,168.00297616411444,679.1884863570642,4752,0
1656355897584,80,3,71.3,0,2,0,6.6,159.3988707613702,688.1860213634102,4863,0
1656355897700,80,3,71.65,0,2,0,6.1,166.0873264279969,681.1879329524269,4979,0
1656355897804,80,3,81.95,0,2,0,5.0,168.96153408394468,678.1887642832193,5083,0
1656355898039,80,3,82.65,0,2,0,3.6,160.35273617871323,687.1862920635132,108,0
1656355898141,80,3,82.95,0,2,0,3.8,161.30716041143367,686.1865635525079,210,0
1656355898252,80,3,83.3,0,2,0,4.3,169.9205696788944,677.1890430300833,321,0
1656355898370,80,3,83.65,0,2,0,4.4,179.535511807553,667.1918764493464,439,0
1656355898477,80,3,84.0,0,2,0,4.8,189.19038030513076,657.1947960840835,546,0
1656355898581,80,3,84.3,0,1,0,4.9,197.9090700296477,648.1975007665487,650,0
1656355898683,80,3,84.6,0,2,0,5.1,196.93907687404246,649.1971965435464,752,0
1656355898793,80,3,94.95,0,2,0,5.1,190.63315556324406,655.2472815662801,862,0
1656355898893,80,3,95.25,0,2,0,5.4,183.3930205869351,663.1930337390465,962,0
1656355898997,80,3,95.55,0,2,0,5.5,172.8004629623428,674.1898842314381,1066,0
1656355899097,80,3,95.85,0,2,0,6.1,165.13025161974412,682.1876574667707,1166,0
1656355899197,80,3,96.15,0,2,0,6.4,156.54072952429985,691.18521396222,1266,0
1656355899304,80,3,96.5,0,2,0,5.7,152.73833834371774,695.184148265767,1373,0
1656355899418,80,3,96.85,0,2,0,5.0,152.73833834371774,695.184148265767,1487,0
1656355899521,80,3,97.15,0,2,0,4.3,152.73833834371774,695.184148265767,1590,0
1656355899634,80,2,0.15,0,2,0,4.4,153.7335357038275,693.2604128320036,1703,1
1656355899736,80,2,0.45,0,2,0,4.4,153.7335357038275,693.2604128320036,1805,0
1656355899849,80,2,0.8,0,2,0,5.1,153.7335357038275,693.2604128320036,1918,0
1656355899956,80,2,1.1,0,2,0,5.7,153.7335357038275,693.2604128320036,2025,0
1656355900066,80,2,1.45,0,2,0,6.5,153.7335357038275,693.2604128320036,2135,0
1656355900174,80,2,1.8,0,2,0,6.1,153.7335357038275,693.2604128320036,2243,0
1656355900276,80,2,2.1,0,2,0,5.6,153.7335357038275,693.2604128320036,2345,0
1656355900380,80,2,2.4,0,2,0,5.6,153.7335357038275,693.2604128320036,2449,0
1656355900491,80,2,2.75,0,2,0,5.6,153.7335357038275,693.2604128320036,2560,0
1656355900602,80,2,3.1,0,2,0,5.6,153.7335357038275,693.2604128320036,2671,0
1656355900709,80,2,3.4,0,2,0,4.9,153.7335357038275,693.2604128320036,2778,0
1656355900818,80,2,3.75,0,2,0,4.2,153.7335357038275,693.2604128320036,2887,0
1656355900933,80,2,4.1,0,2,0,2.8,153.7335357038275,693.2604128320036,3002,0
1656355901034,80,2,4.4,0,2,0,1.6,153.7335357038275,693.2604128320036,3103,0
1656355901156,80,2,4.75,0,2,0,0.2,153.7335357038275,693.2604128320036,3225,0
1656355901261,80,2,4.95,0,2,0,0.0,153.7335357038275,693.2604128320036,3330,0
1656355902114,80,2,0,0,0,0,0.1,842.4345671920163,0.0,123,1
1656355902226,80,2,0.35,0,0,0,0.3,842.4345671920163,0.0,235,0
1656355902326,80,2,0.65,0,0,0,0.3,842.4345671920163,0.0,335,0
1656355902433,80,2,0.95,0,0,0,0.3,842.4345671920163,0.0,442,0
1656355902544,80,2,1.3,0,0,0,0.6,840.4403607633323,2.0,553,0
1656355902651,80,2,1.6,0,0,0,1.2,830.469746589242,12.0,660,0
1656355902974,80,2,2.6,0,0,0,2.1,816.5120942153889,26.0,103,0
1656355903092,80,2,2.95,0,0,0,2.8,808.5369502997373,34.0,221,0
1656355903205,80,2,3.3,0,0,0,3.8,796.0433405286423,46.52956049652737,334,0
1656355903317,80,2,3.65,0,0,0,5.0,786.466146760304,57.28001396647874,446,0
1656355903417,80,2,3.95,0,0,0,6.0,777.1357667743777,67.67569726275453,546,0
1656355903529,80,2,4.3,0,0,0,6.0,777.4220218131205,66.21933252457322,658,0
1656355903642,80,2,4.65,0,0,0,5.7,777.4831187877973,65.96969000988257,771,0
1656355903744,80,2,4.95,0,0,0,5.1,777.4831187877973,65.96969000988257,873,0
1656355903856,80,2,5.3,0,0,0,5.6,777.1904528492356,67.35725647619564,985,0
1656355903970,80,2,5.65,0,0,0,6.8,770.7068184465478,76.55716818169283,1099,0
1656355904070,80,2,5.95,0,0,0,7.2,764.6286680474385,82.85529554590943,1199,0
1656355904170,80,2,6.25,0,0,0,6.5,763.9456786971178,81.27115109311545,1299,0
1656355904273,80,2,6.55,0,0,0,5.7,762.050523259449,82.56512580987206,1402,0
1656355904382,80,2,6.9,0,0,0,5.0,752.0644919154208,92.17917335276987,1511,0
1656355904485,80,2,7.2,0,0,0,4.6,744.075936984929,99.92497185388646,1614,0
1656355904591,81,2,7.5,0,0,0,5.7,733.6981668233879,111.68258592994702,1720,0
1656355904698,81,2,7.85,0,0,0,7.1,720.250650815395,128.16005617976296,1827,0
1656355904799,81,2,8.15,0,0,0,8.3,712.2029205219535,136.35615130972272,1928,0
1656355904899,82,2,8.45,0,0,0,7.9,703.4806322849265,142.1724305201258,2028,0
1656355905003,82,2,8.75,0,0,0,6.5,701.9237850365238,141.79210133149166,2132,0
1656355905118,82,2,9.1,0,0,0,6.1,702.140299370432,141.05672617780408,2247,0
1656355905219,82,2,9.4,0,0,0,6.1,702.140299370432,141.05672617780408,2348,0
1656355905327,82,2,9.7,0,0,0,5.8,702.140299370432,141.05672617780408,2456,0
1656355905434,82,2,10.05,0,0,0,5.4,704.1370605216005,139.08630414242808,2563,0
1656355905539,82,2,10.35,0,0,0,5.3,711.125867902441,132.19682295728595,2668,0
1656355905645,82,2,10.7,0,0,0,4.2,714.1211381831517,129.24782396620841,2774,0
1656355905750,83,2,11.0,0,0,0,3.5,708.9146634116125,134.93702234746402,2879,0
1656355905865,83,2,11.35,0,0,0,3.7,697.4482059622778,148.22280526288793,2994,0
1656355905983,83,2,11.7,0,0,0,4.3,689.2619240898194,157.56268593801008,3112,0
1656355906095,84,2,12.05,0,0,0,5.7,677.4614380169546,167.60071598892412,3224,0
1656355906209,85,2,12.4,0,0,0,5.9,670.862131887022,172.6267650163207,3338,0
1656355906309,85,2,12.7,0,0,0,5.9,671.1929677819935,171.68575945604806,3438,0
1656355906412,85,2,13.0,0,0,0,5.9,671.1929677819935,171.68575945604806,3541,0
1656355906528,85,2,13.35,0,0,0,5.8,671.076746728718,171.97674261364529,3657,0
1656355906639,85,2,13.7,0,0,0,6.7,662.5503754432564,181.8048404196104,3768,0
1656355906754,85,2,14.05,0,0,0,8.1,651.2219283777227,194.7562579225633,3883,0
1656355906868,85,2,14.4,0,0,0,8.1,643.3428323996468,201.6382900145704,3997,0
1656355906983,85,2,14.75,0,0,0,6.7,642.6546506483868,201.0696396774013,4112,0
1656355907086,85,2,15.05,0,0,0,5.3,643.2448989304152,199.44924166313592,4215,0
1656355907194,85,2,15.35,0,0,0,4.4,638.2546513735721,204.41379601191304,4323,0
1656355907300,85,2,15.7,0,0,0,4.9,630.2705768160212,212.3605424743495,4429,0
1656355907407,85,2,16.0,0,0,0,5.7,622.1012779282808,220.65810658119952,4536,0
1656355907516,86,2,16.35,0,0,0,7.1,609.5129202896359,234.26907606425567,4645,0
1656355907631,88,2,16.7,0,0,0,8.3,598.2415899952126,246.52180430947686,4760,0
1656355907737,88,2,17.0,0,0,0,8.1,589.4107226713813,254.4896854491356,4866,0
1656355907847,88,2,17.35,0,0,0,6.9,583.4937874562162,260.09421369957465,4976,0
1656355907963,88,2,17.7,0,0,0,6.2,583.4937874562162,260.09421369957465,5092,0
1656355908077,88,2,18.05,0,0,0,6.2,583.4937874562162,260.09421369957465,5206,0
1656355908189,88,2,18.4,0,0,0,6.5,581.4954857950318,262.070601174569,5318,0
1656355908293,89,2,18.7,0,0,0,6.7,570.4244034050437,273.2471408816568,5422,0
1656355908395,90,2,19.0,0,0,0,7.2,560.1080252951211,284.97192844208354,5524,0
1656355908510,91,2,19.35,0,0,0,7.8,554.0036100965408,292.64312737530673,5639,0
1656355908622,91,2,19.7,0,0,0,6.4,550.0227268031749,295.94087247286404,5751,0
1656355908733,91,2,20.05,0,0,0,5.0,550.0581787411219,295.3574106062009,5862,0
1656355908847,91,2,20.4,0,0,0,3.8,550.0581787411219,295.3574106062009,5976,0
1656355908961,91,2,20.75,0,0,0,4.5,545.0036697124158,301.44485399488906,6090,0
1656355909063,91,2,21.05,0,0,0,5.7,534.0758373115189,314.58703088334715,6192,0
1656355909179,91,2,21.4,0,0,0,6.8,527.1603171711619,322.33212685055145,6308,0
1656355909291,91,2,21.75,0,0,0,6.5,524.0610651441299,324.09875038327436,6420,0
1656355909395,91,2,22.05,0,0,0,5.8,524.0610651441299,324.09875038327436,6524,0
1656355909511,91,2,22.4,0,0,0,4.8,524.1154452980755,324.77838598034816,6640,0
1656355909620,91,2,22.75,0,0,0,4.1,524.4206326986001,327.23233336576016,6749,0
1656355909728,91,2,23.05,0,0,0,4.7,524.8018673747265,329.40097146183405,6857,0
1656355909839,91,2,23.4,0,0,0,4.8,524.5960350593588,328.29407548720707,6968,0
1656355909949,91,2,23.75,0,0,0,4.8,524.5493303779922,328.02438933713444,7078,0
1656355910063,91,2,24.1,0,0,0,4.1,524.6951495868816,328.8419073050149,7192,0
1656355910178,91,2,24.45,0,0,0,3.6,525.449331524934,332.3627536292236,7307,0
1656355910278,91,2,24.75,0,0,0,3.1,525.8440833555134,333.9461034358688,7407,0
1656355910389,91,2,25.1,0,0,0,3.3,525.5244999046191,332.67401461490795,7518,0
1656355910493,91,2,25.4,0,0,0,3.4,525.5244999046191,332.67401461490795,7622,0
1656355910615,91,2,25.75,0,0,0,3.9,516.5510623355642,341.23452345857385,7744,0
1656355910722,91,2,26.1,0,0,0,3.9,505.58480989839876,351.7271669916897,7851,0
1656355910822,91,2,26.4,0,1,0,4.3,497.22630662506185,362.4168870237699,7951,0
1656355910923,93,2,26.7,0,1,0,5.4,486.5901766373835,377.5950211536164,8052,0
1656355911024,93,2,27.0,0,1,0,6.6,480.28324975997236,385.84971167541386,8153,0
1656355911137,93,2,27.35,0,1,0,7.8,469.7201294387968,393.7067436557316,8266,0
1656355911252,93,2,27.7,0,1,0,8.5,458.6251192422849,400.2811511925087,8381,0
1656355911374,93,2,38.05,0,1,0,8.8,452.55275935519387,405.76347790307597,8503,0
1656355911482,93,2,38.4,0,2,0,9.3,442.61043819593766,415.38415954390945,8611,0
1656355911584,93,2,38.7,0,2,0,9.8,435.65238436166055,422.1291271637152,8713,0
1656355911693,93,2,39.05,0,2,0,9.8,425.7146931925183,431.7788785941248,8822,0
1656355911806,93,2,39.4,0,2,0,9.8,417.76668129471506,439.50995438101285,8935,0
1656355911921,93,2,39.75,0,2,0,9.5,407.83452526729513,449.1870434462686,9050,0
1656355912028,93,2,40.05,0,2,0,9.2,397.68329107469424,461.345857248117,9157,0
1656355912138,93,2,50.4,0,2,0,9.4,392.1186045063406,473.0803314448826,9267,0
1656355912252,93,2,50.75,0,2,0,9.4,383.6039624404316,484.66070606146735,9381,0
1656355912355,93,2,51.05,0,2,0,9.2,371.46466857562643,493.26868945839243,9484,0
1656355912456,93,2,51.35,0,2,0,9.5,357.5723702972589,501.8067357060884,9585,0
1656355912569,93,2,51.7,0,2,0,10.2,348.46233655877364,507.7341824222592,9698,0
1656355912685,93,2,49.45,0,2,0,11.0,338.82886535831034,520.2662779769605,9814,1
1656355912786,93,2,49.75,0,2,0,10.6,331.29594021056164,528.5120623032175,9915,0
1656355912900,93,2,51.7,0,2,1,10.6,332.9294219500584,523.7804883727533,10029,0
1656355913014,93,2,49.45,0,2,1,10.6,338.4213350248474,517.2707221562033,10143,1
1656355913127,93,2,50.4,0,2,2,10.1,338.4213350248474,517.2707221562033,10256,0
1656355913242,103,2,51.35,0,1,1,9.1,338.4213350248474,517.2707221562033,10371,0
1656355913359,103,2,52.3,0,1,2,8.2,338.4213350248474,517.2707221562033,10488,0
1656355913476,103,2,51.25,0,1,2,7.4,338.4213350248474,517.2707221562033,10605,1
1656355913600,103,2,50.2,0,1,2,6.2,338.4213350248474,517.2707221562033,10729,1
1656355913716,103,2,49.3,0,1,2,5.1,339.0117992046885,518.1515222403578,10845,1
1656355913830,103,2,49.35,0,1,2,4.2,340.6890077475351,520.4815078367337,10959,0
1656355913935,103,2,51.6,0,1,3,4.1,341.05864598335575,520.9692889221014,11064,0
1656355914051,103,2,51.9,0,1,2,4.0,339.98382314457257,519.5276701004481,11180,0
1656355914162,103,2,51.2,0,1,1,3.3,338.4213350248474,517.2707221562033,11291,1
1656355914277,103,2,50.3,0,1,0,3.0,338.71079108879894,517.7074463439752,11406,1
1656355914384,103,2,50.25,0,1,0,3.3,340.5084433608071,520.2403290787827,11513,1
1656355914487,103,2,50.55,0,1,0,3.4,341.05864598335575,520.9692889221014,11616,0
1656355914595,103,2,52.85,0,1,1,3.3,340.6890077475351,520.4815078367337,11724,0
1656355914699,103,2,52.55,0,1,1,3.7,338.71079108879894,517.7074463439752,11828,1
1656355914808,103,2,51.5,0,1,0,3.4,338.4213350248474,517.2707221562033,11937,1
1656355914910,103,2,50.8,0,1,0,3.3,339.6483475596488,519.0616533707725,12039,1
1656355915022,103,2,51.15,0,1,0,3.8,341.05864598335575,520.9692889221014,12151,0
1656355915137,103,2,53.5,0,1,1,3.4,340.6890077475351,520.4815078367337,12266,0
1656355915253,103,2,53.45,0,1,1,3.9,339.0117992046885,518.1515222403578,12382,1
1656355915353,103,2,52.55,0,1,1,3.8,338.4213350248474,517.2707221562033,12482,1
1656355915458,123,2,51.65,0,0,0,3.1,338.4213350248474,517.2707221562033,12587,1
1656355915575,123,2,50.6,0,0,0,2.5,338.4213350248474,517.2707221562033,12704,1
1656355915683,123,2,49.55,0,0,0,2.2,338.4213350248474,517.2707221562033,12812,1
1656355915785,123,2,48.65,0,0,0,1.8,338.4213350248474,517.2707221562033,12914,1
1656355915900,123,2,47.6,0,0,0,1.8,338.4213350248474,517.2707221562033,13029,1
1656355916008,123,2,46.7,0,0,0,1.4,338.4213350248474,517.2707221562033,13137,1
1656355916117,123,2,45.65,0,0,0,0.7,338.4213350248474,517.2707221562033,13246,1
1656355916234,123,2,44.6,0,0,0,0.5,338.4213350248474,517.2707221562033,13363,1
1656355916351,123,2,43.55,0,0,0,0.0,338.4213350248474,517.2707221562033,13480,1
1656355916460,123,2,42.5,0,0,0,0.2,338.4213350248474,517.2707221562033,13589,1
1656355916576,123,2,41.45,0,0,0,0.9,338.4213350248474,517.2707221562033,13705,1
1656355916690,123,2,40.4,0,0,0,1.6,338.4213350248474,517.2707221562033,13819,1
1656355916794,123,2,39.5,0,0,0,2.2,338.4213350248474,517.2707221562033,13923,1
1656355916903,123,2,38.45,0,0,0,2.9,338.4213350248474,517.2707221562033,14032,1
1656355917003,123,2,37.55,0,0,0,3.5,338.4213350248474,517.2707221562033,14132,1
1656355917108,123,2,36.65,0,0,0,4.1,338.4213350248474,517.2707221562033,14237,1
1656355917223,123,2,35.6,0,0,0,4.8,338.4213350248474,517.2707221562033,14352,1
1656355917338,123,2,34.55,0,0,0,5.0,338.4213350248474,517.2707221562033,14467,1
1656355917439,123,2,33.65,0,0,0,5.0,338.4213350248474,517.2707221562033,14568,1
1656355917558,123,2,32.6,0,0,0,4.8,338.4213350248474,517.2707221562033,14687,1
1656355917669,123,2,31.55,0,0,0,4.1,338.4213350248474,517.2707221562033,14798,1
1656355917774,123,2,30.65,0,0,0,3.4,338.4213350248474,517.2707221562033,14903,1
1656355917884,123,2,29.6,0,0,0,2.8,338.4213350248474,517.2707221562033,15013,1
1656355917984,123,2,28.7,0,0,0,2.1,338.4213350248474,517.2707221562033,15113,1
1656355918089,123,2,27.8,0,0,0,1.5,338.4213350248474,517.2707221562033,15218,1
1656355918191,123,2,26.9,0,0,0,0.9,338.4213350248474,517.2707221562033,15320,1
1656355918301,123,2,25.85,0,0,0,0.2,338.4213350248474,517.2707221562033,15430,1
1656355918401,123,2,24.95,0,0,0,0.0,338.4213350248474,517.2707221562033,15530,1
1656355918515,123,2,23.1,0,0,0,0.5,342.3813663153998,513.3663409301392,15644,1
1656355918628,123,2,21.85,0,0,0,0.7,348.3231258472512,507.51256142089727,15757,1
1656355918729,123,2,21.35,0,0,0,1.0,345.3519943477958,510.4390267211158,15858,1
1656355918829,123,2,20.45,0,0,0,1.0,345.3519943477958,510.4390267211158,15958,1
1656355919037,123,2,18.65,0,0,0,1.0,345.3519943477958,510.4390267211158,107,1
1656355919151,123,2,17.4,0,0,0,1.2,344.361728419405,511.414704520705,221,1
1656355919269,123,2,14.95,0,0,0,1.5,336.44167399417097,519.2234586379934,339,1
1656355919376,123,2,13.9,0,0,0,1.5,336.44167399417097,519.2234586379934,446,1
1656355919490,123,2,13.0,0,0,0,1.5,336.44167399417097,519.2234586379934,560,1
1656355919596,123,2,11.95,0,0,0,1.0,336.44167399417097,519.2234586379934,666,1
1656355919700,123,2,11.05,0,0,0,0.8,336.44167399417097,519.2234586379934,770,1
1656355919800,123,2,10.15,0,0,0,0.5,336.44167399417097,519.2234586379934,870,1
1656355919901,123,2,9.25,0,0,0,0.5,336.44167399417097,519.2234586379934,971,1
1656355920012,123,2,8.2,0,0,0,0.5,336.44167399417097,519.2234586379934,1082,1
1656355920112,123,2,6.7,0,0,0,1.0,333.7663853655728,522.5858781100002,1182,1
1656355920219,123,2,7.0,0,0,0,2.0,324.7799254880141,535.7854048030797,1289,0
1656355920326,123,2,7.35,0,0,0,3.0,318.49646779831016,543.2936590831887,1396,0
1656355920439,123,2,7.7,0,0,0,3.0,313.6000637755037,546.0338817326266,1509,0
1656355920540,123,2,8.0,0,0,0,3.0,313.04951684997053,545.3659321959889,1610,0
1656355920641,123,2,8.3,0,0,0,4.2,310.8713560301109,551.3048158686807,1711,0
1656355920742,123,2,8.6,0,0,0,5.3,303.89800920703647,561.9555142535751,1812,0
1656355920863,123,2,8.95,0,0,0,5.3,298.0956222422597,565.8524542670112,1933,0
1656355920971,123,2,9.3,0,0,0,5.3,296.97811367169805,564.6981494568581,2041,0
1656355921085,123,2,9.65,0,0,0,5.9,292.5423046330223,570.0219294027205,2155,0
1656355921203,123,2,10.0,0,0,0,6.8,285.3086048474529,582.086763292209,2273,0
1656355921312,123,2,10.35,0,0,0,6.8,277.76968877111125,591.7871238883117,2382,0
1656355921417,123,2,10.65,0,0,0,5.7,269.9203586245395,597.6294838777618,2487,0
1656355921528,123,2,11.0,0,0,0,5.7,267.8581714265966,597.6788435271907,2598,0
1656355921628,123,2,11.3,0,1,0,6.3,266.0845730214362,601.5189107584233,2698,0
1656355921742,123,2,11.65,0,1,0,6.5,260.27101260032777,612.4026453241364,2812,0
1656355921845,123,2,11.95,0,1,0,5.9,253.74790639530408,620.892905419284,2915,0
1656355921948,123,2,12.25,0,1,0,5.9,250.1379619330101,619.9556435746028,3018,0
1656355922051,123,2,12.55,0,1,0,5.9,250.1379619330101,619.9556435746028,3121,0
1656355922155,123,2,12.9,0,1,0,5.3,250.1379619330101,619.9556435746028,3225,0
1656355922257,123,2,13.2,0,1,0,4.3,247.2973918180295,622.8739840449269,3327,0
1656355922370,123,2,13.55,0,1,0,3.2,241.6278129686233,628.7129710766272,3440,0
1656355922483,123,2,13.9,0,1,0,3.0,241.6278129686233,628.7129710766272,3553,0
1656355922588,123,2,14.2,0,1,0,3.9,239.00836805434238,634.9716529105847,3658,0
1656355922699,123,2,14.55,0,1,0,4.7,233.13729860320504,648.309339744539,3769,0
1656355922815,123,2,14.9,0,1,0,4.7,225.39964507514205,660.2098151345524,3885,0
1656355922928,123,2,15.25,0,1,0,5.6,215.11392330576837,666.2507035643564,3998,0
1656355923041,123,2,25.6,0,1,0,6.5,207.50903594783532,672.3481241142865,4111,0
1656355923144,123,2,25.9,0,1,0,6.5,204.50183373260984,670.7585258496532,4214,0
1656355923255,123,2,26.25,0,1,0,6.5,200.55173896029922,668.6082560064601,4325,0
1656355923356,123,2,26.55,0,1,0,6.1,196.70282153543198,666.4082832618453,4426,0
1656355923470,123,2,26.9,0,1,0,6.0,194.24726510301247,664.9180400620817,4540,0
1656355923698,123,2,27.6,0,1,0,6.2,183.74166647769363,675.7403347440495,115,0
1656355923812,124,2,27.95,0,1,0,6.2,177.15812146215598,688.576066967187,229,0
1656355923915,125,2,38.25,0,1,0,6.0,178.01123560045306,697.4525073436901,332,0
1656355924028,125,2,38.6,0,1,0,6.0,169.19810873647495,707.2340489540927,445,0
1656355924142,125,2,38.95,0,1,0,6.4,162.3607095328177,709.7443201604364,559,0
1656355924255,125,2,39.3,0,1,0,6.4,160.99689437998487,709.1628867897698,672,0
1656355924359,125,2,39.6,0,1,0,6.4,160.99689437998487,709.1628867897698,776,0
1656355924469,125,2,39.95,0,1,0,7.1,162.82505949638096,709.9408426059175,886,0
1656355924569,125,2,40.25,0,1,0,8.3,163.78339354159198,715.6821920377787,986,0
1656355924682,125,2,40.6,0,1,0,8.0,160.37767924496225,719.5950249966991,1099,0
1656355924782,125,2,40.9,0,1,0,7.3,157.78466338652814,718.5763703323398,1199,0
1656355924890,125,2,41.2,0,1,0,5.9,157.78466338652814,718.5763703323398,1307,0
1656355925002,125,2,41.55,0,1,0,6.1,163.08280105516948,720.6469315830047,1419,0
1656355925113,125,2,41.9,0,1,0,6.1,166.40012019226427,725.7720027667091,1530,0
1656355925217,125,2,41.4,0,1,0,5.1,160.2404443328837,732.3694422898869,1634,1
1656355925336,125,2,40.15,0,1,0,5.1,157.610278852618,732.6834241335066,1753,1
1656355925443,125,2,39.1,0,1,0,5.1,157.610278852618,732.6834241335066,1860,1
1656355925550,125,2,38.2,0,1,0,4.5,157.610278852618,732.6834241335066,1967,1
1656355925665,125,2,35.75,0,1,0,3.7,151.34397906755325,740.4924037422666,2082,1
1656355925887,125,2,33.25,0,1,0,3.6,149.80320423809366,742.445284179245,112,1
1656355925996,125,2,32.35,0,1,0,3.6,149.80320423809366,742.445284179245,221,1
1656355926112,125,2,31.3,0,1,0,2.2,149.80320423809366,742.445284179245,337,1
1656355926221,125,2,30.25,0,1,0,0.8,149.80320423809366,742.445284179245,446,1
1656355926322,125,2,29.35,0,1,0,0.5,149.80320423809366,742.445284179245,547,1
1656355926433,125,2,28.3,0,1,0,0.5,149.80320423809366,742.445284179245,658,1
1656355926533,125,2,27.2,0,1,0,0.7,149.03690818049066,743.4218183507934,758,1
1656355926639,125,2,27.1,0,1,0,1.8,149.91330828182,754.629710520332,864,1
1656355926748,125,2,27.45,0,0,0,2.8,150.57224179774968,765.464564823219,973,0
1656355926862,125,2,27.8,0,0,0,3.9,145.4269576110289,776.6266799434591,1087,0
1656355926985,125,2,28.15,0,0,0,4.6,131.48764200486676,784.0975704591872,1210,0
1656355927092,125,2,28.5,0,0,0,5.3,120.37026210821342,790.2056694304338,1317,0
1656355927195,125,2,28.8,0,0,0,5.6,108.16653826391968,795.0572306444361,1420,0
1656355927308,125,2,29.15,0,0,0,5.9,99.86490875177326,796.4954488256666,1533,0
1656355927422,125,2,29.5,0,0,0,6.5,85.98255637046388,804.5775288932696,1647,0
1656355927522,125,2,29.8,0,1,0,6.9,73.24616030891994,810.8495544797445,1747,0
1656355927639,125,2,30.15,0,1,0,7.4,59.53990258641678,819.2539288889618,1864,0
1656355927749,125,2,30.5,0,1,0,6.4,47.41307836451879,824.8393783034367,1974,0
1656355927851,125,2,30.8,0,1,0,5.5,35.84689665786984,831.6760186514939,2076,0
1656355927952,125,2,31.1,0,1,0,4.4,24.16609194718914,834.4435271484824,2177,0
1656355928062,125,2,31.45,0,1,0,3.9,16.64331697709324,834.6526223525569,2287,0
1656355928178,125,2,0.15,1,1,0,3.5,758.0949808566206,4.47213595499958,50,1
1656355928278,125,2,0.45,1,1,0,3.2,757.3493249485339,15.297058540778355,150,0
1656355928392,125,2,0.8,1,1,0,2.9,757.3803535872844,16.278820596099706,264,0
1656355928507,125,2,1.15,1,1,0,2.3,757.3803535872844,16.278820596099706,379,0
1656355928620,125,2,1.5,1,1,0,1.9,757.3803535872844,16.278820596099706,492,0
1656355928721,125,2,1.8,1,1,0,1.5,755.3813606384525,16.76305461424021,593,0
1656355928821,125,2,2.1,1,1,0,1.9,747.3854427268436,20.615528128088304,693,0
1656355928937,125,2,2.45,1,1,0,2.7,742.1138726637577,18.681541692269406,809,0
1656355929040,126,2,2.75,1,1,0,3.1,735.0435361255821,25.0,912,0
1656355929142,126,2,3.05,1,0,0,2.9,735.1149569965231,25.495097567963924,1014,0
1656355929251,126,2,3.4,1,0,0,2.6,735.1741290333877,26.248809496813376,1123,0
1656355929356,126,2,3.7,1,0,0,2.6,735.1741290333877,26.248809496813376,1228,0
1656355929456,126,2,4.0,1,0,0,2.6,735.1741290333877,26.248809496813376,1328,0
1656355929560,126,2,4.3,1,1,0,3.5,730.0438343003796,30.0,1432,0
1656355929671,127,2,4.65,1,1,0,3.9,724.0006906074054,36.6742416417845,1543,0
1656355929771,127,2,4.95,1,1,0,3.6,724.0338389882063,36.013886210738214,1643,0
1656355929894,127,2,5.3,1,1,0,3.0,724.2761904135743,37.94733192202055,1766,0
1656355929994,127,2,5.6,1,1,0,1.7,724.3976808356028,39.395431207184416,1866,0
1656355930094,127,2,7.9,1,1,1,1.5,724.3976808356028,39.395431207184416,1966,0
1656355930203,127,2,8.25,1,1,1,1.9,724.3976808356028,39.395431207184416,2075,0
1656355930305,127,2,10.55,1,1,1,2.3,724.3976808356028,39.395431207184416,2177,0
1656355930408,137,2,10.85,1,0,0,2.5,724.3976808356028,39.395431207184416,2280,0
1656355930508,137,2,11.15,1,0,0,3.1,721.3057604095507,41.10960958218893,2380,0
1656355930618,137,2,11.5,1,0,0,3.6,711.0850863293366,49.0917508345343,2490,0
1656355930739,137,2,11.85,1,0,0,4.1,700.0349991250437,60.00833275471,2611,0
1656355930840,137,2,12.15,1,0,0,4.3,692.1416040088906,68.26419266350405,2712,0
1656355930946,137,2,12.5,1,0,0,4.3,691.3826726205973,70.61161377563892,2818,0
1656355931051,137,2,12.8,1,0,0,4.4,691.4166616447712,70.83078426785913,2923,0
1656355931152,137,2,13.1,1,1,0,4.8,682.4221567329125,79.62411694957754,3024,0
1656355931262,137,2,13.45,1,1,0,4.6,676.4259013373156,85.51023330572781,3134,0
1656355931362,137,2,13.75,1,1,0,4.7,667.431644440088,94.36630754670864,3234,0
1656355931463,137,2,14.05,1,1,0,4.5,663.4342469303194,98.3107318658548,3335,0
1656355931578,137,2,14.4,1,1,0,4.2,659.4368809825547,102.25947388873072,3450,0
1656355931691,137,2,14.75,1,1,0,2.8,659.4368809825547,102.25947388873072,3563,0
1656355931795,137,2,15.05,1,1,0,1.9,659.4368809825547,102.25947388873072,3667,0
1656355931906,138,2,15.4,1,1,0,2.7,653.248038649945,107.46627377926528,3778,0
1656355932007,139,2,15.7,1,1,0,3.9,646.0936464631114,114.03946685248927,3879,0
1656355932121,140,2,16.05,1,1,0,4.3,638.0195921756635,122.03687967167959,3993,0
1656355932221,140,2,16.35,1,1,0,3.7,638.0501547684163,122.0,4093,0
1656355932340,140,2,16.7,1,1,0,3.5,638.0501547684163,122.0,4212,0
1656355932449,140,2,17.05,1,1,0,3.0,638.0501547684163,122.0,4321,0
1656355932553,140,2,17.35,1,1,0,3.0,638.0501547684163,122.0,4425,0
1656355932656,140,2,17.65,1,1,0,2.9,637.0502334981128,123.0,4528,0
1656355932766,140,2,18.0,1,1,0,4.2,628.0007961778392,132.30646242719965,4638,0
1656355932869,140,2,18.3,1,1,0,5.4,618.0978886875445,143.26548781894405,4741,0
1656355932985,141,2,18.65,1,1,0,4.7,613.1174438882,148.35430563350698,4857,0
1656355933095,141,2,19.0,1,1,0,3.5,613.0008156601425,147.27525250360293,4967,0
1656355933196,141,2,19.3,1,1,0,3.0,613.0522000612998,147.0,5068,0
1656355933311,141,2,19.65,1,1,0,3.0,613.0522000612998,147.0,5183,0
1656355933411,141,2,19.95,1,1,0,3.4,610.052456760892,150.0,5283,0
1656355933512,141,2,20.25,1,2,0,4.5,602.0008305642111,158.15498727514097,5384,0
1656355933626,142,2,30.6,1,2,0,5.9,594.2154491428173,167.72596698186004,5498,0
1656355933739,142,2,30.95,1,2,0,7.1,586.2465351709978,175.78680269007683,5611,0
1656355933845,143,2,31.25,1,2,0,7.0,578.0700649575274,182.7922317824256,5717,0
1656355933959,143,2,31.6,1,2,0,6.5,568.0140843324223,192.04166214652486,5831,0
1656355934072,143,2,31.95,1,2,0,6.2,567.0564345812505,193.0,5944,0
1656355934186,143,2,32.3,1,2,0,6.2,567.0564345812505,193.0,6058,0
1656355934288,143,2,32.6,1,2,0,6.8,573.0558437011177,187.0,6160,0
1656355934409,143,2,32.95,1,2,0,7.4,579.0008635572144,181.1353085403285,6281,0
1656355934519,143,2,33.3,1,2,0,7.5,579.0423127889705,181.620483426292,6391,0
1656355934635,143,2,33.65,1,2,0,6.4,579.0008635572144,181.22361876973986,6507,0
1656355934749,143,2,36.0,1,1,1,5.6,579.055265065434,181.0,6621,0
1656355934950,143,2,36.6,1,1,0,3.2,579.055265065434,181.0,100,0
1656355935053,143,2,36.9,1,1,0,2.5,579.055265065434,181.0,203,0
1656355935166,143,2,37.25,1,2,0,3.1,584.0547919502073,176.0,316,0
1656355935290,143,2,37.6,1,1,0,3.4,590.0135591662279,170.0470523119998,440,0
1656355935398,143,2,37.95,1,1,0,3.3,590.0076270693455,170.35551062410633,548,0
1656355935512,143,2,38.3,1,1,0,2.9,589.0076400183617,171.0730837975396,662,0
1656355935613,143,2,38.6,1,1,0,3.0,580.0551697899089,180.0,763,0
1656355935718,143,2,38.9,1,2,0,3.6,570.0561375864661,190.0,868,0
1656355935826,143,2,39.25,1,2,0,3.7,561.0570380986233,199.0,976,0
1656355935927,143,2,39.55,1,2,0,4.1,551.0580731647074,209.0,1077,0
1656355936037,143,2,39.85,1,2,0,4.7,539.0593659329184,221.0,1187,0
1656355936144,143,2,40.2,1,2,0,5.4,529.0604880351583,231.0,1294,0
1656355936247,143,2,40.5,1,2,0,4.9,522.0612990827801,238.0,1397,0
1656355936362,143,2,40.85,1,2,0,4.8,523.0611818898435,237.0,1512,0
1656355936473,143,2,41.2,1,2,0,5.3,531.0,229.13969538253298,1623,0
1656355936574,143,2,41.5,1,2,0,5.7,534.1348144429458,226.88322987827902,1724,0
1656355936675,143,2,41.8,1,2,0,5.2,534.1834890746812,227.06827167175956,1825,0
1656355936775,143,2,44.1,1,2,1,5.2,534.0234077266651,226.37358503146962,1925,0
1656355936876,143,2,44.4,1,1,1,4.5,534.0337068013591,226.0088493842664,2026,0
1656355936990,143,2,44.75,1,1,1,3.9,534.0599217316349,226.0,2140,0
1656355937092,143,2,45.05,1,1,1,3.4,534.0599217316349,226.0,2242,0
1656355937204,143,2,45.4,1,1,1,3.4,523.0611818898435,237.0,2354,0
1656355937306,143,2,45.7,1,0,1,3.9,512.0624961857683,248.0,2456,0
1656355937407,143,2,46.0,1,0,1,4.3,501.06386818448607,259.0,2557,0
1656355937524,143,2,46.35,1,2,1,4.0,492.0650363519034,268.0,2674,0
1656355937643,143,2,46.7,1,3,1,3.9,482.06638546988523,278.0,2793,0
1656355937744,143,2,47.0,1,3,1,3.8,479.06680118747533,281.0,2894,0
1656355937855,143,2,47.35,1,2,1,3.3,479.06680118747533,281.0,3005,0
1656355937967,143,2,47.7,1,3,1,4.7,470.00425529988553,290.17236257093816,3117,0
1656355938067,143,2,48.0,1,3,1,5.8,462.08765402248093,298.4845054605013,3217,0
1656355938190,143,2,48.35,1,3,1,5.8,456.03947197583676,304.3221976787102,3340,0
1656355938303,143,2,48.7,1,3,0,5.1,456.0,304.1052449399714,3453,0
1656355938413,143,2,49.05,1,3,0,4.5,456.0,304.1052449399714,3563,0
1656355938515,143,2,49.35,1,3,0,3.9,456.0,304.1052449399714,3665,0
1656355938615,143,2,49.65,1,3,0,3.2,456.0,304.1052449399714,3765,0
1656355938717,143,2,49.95,1,3,0,3.1,453.0,307.1042168385189,3867,0
1656355938834,143,2,50.3,1,3,0,3.4,445.0,315.1015709259476,3984,0
1656355938945,143,2,50.65,1,2,0,3.3,445.0,315.1015709259476,4095,0
1656355939045,143,2,50.95,1,2,0,1.9,445.0,315.1015709259476,4195,0
1656355939159,143,2,51.3,1,2,0,1.7,441.01814021647675,319.22562553780045,4309,0
1656355939259,143,2,51.6,1,2,0,2.8,432.19555758938566,328.67156859089596,4409,0
1656355939359,144,2,51.9,1,2,0,4.0,422.4736678184807,339.1577803913689,4509,0
1656355939459,144,2,52.2,1,1,0,4.0,417.2696969586936,343.77027212951384,4609,0
1656355939575,145,2,52.55,1,1,0,4.0,417.02997494184996,343.2462672775918,4725,0
1656355939690,145,2,52.9,1,1,0,4.0,417.0,343.09328177625395,4840,0
1656355939791,145,2,53.2,1,1,0,3.6,417.0,343.09328177625395,4941,0
1656355939993,145,2,53.8,1,2,0,4.0,414.04347597806685,346.2831211595506,101,0
1656355940109,145,2,64.15,1,2,0,5.4,408.5400837127246,353.1925820285585,217,0
1656355940210,145,2,64.45,1,3,0,5.7,398.05778474990285,364.8808024547194,318,0
1656355940325,145,2,64.8,1,3,0,5.9,392.7340066762744,369.3886841796863,433,0
1656355940425,145,2,65.1,1,3,0,5.9,391.28761799985443,369.7161073039691,533,0
1656355940540,145,2,65.45,1,3,0,7.2,382.03272111168695,378.22347891160854,648,0
1656355940640,145,2,65.75,1,3,0,7.2,379.0,381.0839802458246,748,0
1656355940740,145,2,66.05,1,3,0,7.2,379.0,381.0839802458246,848,0
1656355940840,145,2,66.35,1,3,0,7.2,379.0,381.0839802458246,948,0
1656355940940,145,2,66.65,1,3,0,7.2,379.0,381.0839802458246,1048,0
1656355941045,145,2,66.95,1,3,0,6.8,379.03298009540015,381.22172026263144,1153,0
1656355941163,145,2,67.3,1,3,0,6.6,375.34117812997823,385.7473266271588,1271,0
1656355941279,145,2,67.65,1,3,0,6.7,365.3505166275258,395.72844224290986,1387,0
1656355941393,145,2,68.0,1,3,0,5.4,359.3563690822802,401.7175624739352,1501,0
1656355941504,145,2,68.35,1,3,0,4.2,359.3563690822802,401.7175624739352,1612,0
1656355941604,145,2,68.65,1,3,0,2.9,359.3563690822802,401.7175624739352,1712,0
1656355941704,146,2,68.95,1,3,0,3.2,359.556671471967,401.97636746455623,1812,0
1656355941820,146,2,69.3,1,3,0,4.6,369.22080114749764,393.83752995366,1928,0
1656355941920,146,2,69.6,1,5,0,5.2,375.72862547322643,388.499678249545,2028,0
1656355942034,146,2,69.95,1,3,0,5.2,376.36285682835387,387.07234465923807,2142,0
1656355942135,146,2,70.25,1,3,0,4.9,376.36285682835387,387.07234465923807,2243,0
1656355942250,146,2,70.6,1,3,0,3.7,376.36285682835387,387.07234465923807,2358,0
1656355942350,146,2,70.9,1,3,0,3.3,381.0013123336979,383.8880045013129,2458,0
1656355942466,146,2,69.85,1,4,0,4.5,391.4690281490989,376.8076432345819,2574,1
1656355942578,146,2,68.0,1,3,0,4.6,395.0506296666289,372.3882382675371,2686,1
1656355942693,146,2,66.95,1,3,0,4.6,394.9278415103195,372.23648397221893,2801,1
1656355942797,146,2,66.05,1,3,0,4.3,394.9278415103195,372.23648397221893,2905,1
1656355942910,146,2,64.8,1,3,0,3.1,394.9278415103195,372.23648397221893,3018,1
1656355943024,146,2,62.35,1,3,0,3.2,394.9278415103195,372.23648397221893,3132,1
1656355943139,146,2,59.9,1,2,0,3.9,394.9278415103195,372.23648397221893,3247,1
1656355943339,146,2,55.7,1,2,0,5.1,394.9278415103195,372.23648397221893,100,1
1656355943440,146,2,53.6,1,2,0,4.8,394.9278415103195,372.23648397221893,201,1
1656355943553,146,2,51.15,1,2,0,4.2,394.9278415103195,372.23648397221893,314,1
1656355943653,146,2,49.05,1,2,0,4.7,394.9278415103195,372.23648397221893,414,1
1656355943754,146,2,46.95,1,2,0,5.3,394.9278415103195,372.23648397221893,515,1
1656355943867,146,2,44.5,1,2,0,6.0,394.9278415103195,372.23648397221893,628,1
1656355943979,146,2,42.05,1,2,0,6.5,394.9278415103195,372.23648397221893,740,1
1656355944079,146,2,39.95,1,3,0,6.4,394.9278415103195,372.23648397221893,840,1
1656355944180,146,2,37.85,1,4,0,6.3,394.9278415103195,372.23648397221893,941,1
1656355944294,146,2,35.4,1,4,0,6.4,394.9278415103195,372.23648397221893,1055,1
1656355944410,146,2,32.95,1,4,0,6.5,394.9278415103195,372.23648397221893,1171,1
1656355944514,146,2,30.85,1,4,0,6.5,394.9278415103195,372.23648397221893,1275,1
1656355944627,146,2,28.4,1,4,0,6.5,394.9278415103195,372.23648397221893,1388,1
1656355944738,146,2,25.95,1,4,0,6.6,394.9278415103195,372.23648397221893,1499,1
1656355944853,146,2,23.5,1,4,0,6.7,394.9278415103195,372.23648397221893,1614,1
1656355944954,146,2,21.4,1,6,0,6.6,394.9278415103195,372.23648397221893,1715,1
1656355945070,146,2,18.95,1,6,0,6.6,394.9278415103195,372.23648397221893,1831,1
1656355945186,146,2,16.5,1,6,0,6.3,394.9278415103195,372.23648397221893,1947,1
1656355945300,146,2,14.85,1,6,0,6.1,394.9278415103195,372.23648397221893,2061,1
1656355945401,146,2,12.75,1,6,0,5.9,394.9278415103195,372.23648397221893,2162,1
1656355945516,146,2,10.3,1,6,0,5.6,394.9278415103195,372.23648397221893,2277,1
1656355945630,146,2,7.85,1,6,0,5.6,394.9278415103195,372.23648397221893,2391,1
1656355945744,146,2,5.4,1,5,0,5.4,394.9278415103195,372.23648397221893,2505,1
1656355945844,146,2,4.1,1,5,0,4.7,394.9278415103195,372.23648397221893,2605,1
1656355945945,146,2,3.2,1,5,0,4.0,394.9278415103195,372.23648397221893,2706,1
1656355946045,146,2,2.3,1,5,0,3.4,394.9278415103195,372.23648397221893,2806,1
1656355946159,146,2,0.65,1,5,0,3.6,395.8396139852604,373.3537196814839,2920,1
1656355946260,146,2,0.75,1,4,0,4.0,402.80019860968287,368.7058448139926,3021,0
1656355946361,146,2,1.05,1,3,0,3.6,404.04083951996734,365.8209944768069,3122,0
1656355946475,146,2,1.4,1,3,0,3.1,403.9009779636588,365.64463622484607,3236,0
1656355946591,146,2,1.75,1,3,0,2.7,403.9009779636588,365.64463622484607,3352,0
1656355946692,146,2,2.05,1,3,0,2.1,403.9009779636588,365.64463622484607,3453,0
1656355946809,146,2,2.4,1,3,0,1.6,403.9009779636588,365.64463622484607,3570,0
1656355946920,146,2,2.75,1,3,0,1.6,403.9009779636588,365.64463622484607,3681,0
1656355947152,146,2,3.45,1,2,0,2.6,416.01562470657274,351.81387124444086,117,0
1656355947266,146,2,5.8,1,2,1,2.1,421.7404415040132,345.5676489487985,231,0
1656355947379,146,2,6.15,1,2,1,1.8,421.7404415040132,345.5676489487985,344,0
1656355947495,146,2,8.5,1,1,2,2.2,421.7404415040132,345.5676489487985,460,0
1656355947725,146,2,13.2,1,4,3,2.9,421.7404415040132,345.5676489487985,116,0
1656355947827,146,2,13.5,1,4,2,3.2,421.7404415040132,345.5676489487985,218,0
1656355947928,156,2,13.8,1,3,2,3.2,421.7404415040132,345.5676489487985,319,0
1656355948042,156,2,14.15,1,3,2,3.2,421.7404415040132,345.5676489487985,433,0
1656355948158,156,2,14.5,1,3,1,2.9,421.7404415040132,345.5676489487985,549,0
1656355948274,166,2,14.85,1,3,0,3.5,430.2046024858405,340.85187398634025,665,0
1656355948388,168,2,15.2,1,3,0,4.5,440.4384179428493,333.9970059746045,779,0
1656355948502,168,2,15.55,1,3,0,5.4,448.0379448216412,325.75143898377485,893,0
1656355948616,168,2,15.9,1,3,0,5.6,455.7060456039616,314.99206339207973,1007,0
1656355948732,168,2,16.25,1,3,0,5.2,458.5193561890272,309.1148653817865,1123,0
1656355948846,168,2,16.6,1,3,0,4.9,458.5193561890272,309.1148653817865,1237,0
1656355948962,168,2,16.95,1,3,0,4.9,459.7270929584203,308.5012155567624,1353,0
1656355949063,168,2,17.25,1,3,0,6.1,470.9670901453731,301.01494979485653,1454,0
1656355949175,169,2,17.6,1,2,0,7.5,478.8527957525152,295.92566634207316,1566,0
1656355949289,170,2,17.95,1,2,0,8.8,487.3540807257081,286.457675756821,1680,0
1656355949405,170,2,18.3,1,1,0,7.8,494.9545433673683,275.0781707078917,1796,0
1656355949518,170,2,18.65,1,1,0,6.4,495.3312023283007,272.8094573140748,1909,0
1656355949633,170,2,19.0,1,1,0,5.3,494.33591817710357,273.7882393383617,2024,0
1656355949747,170,2,19.35,1,1,0,6.0,486.2355396307432,284.29737951659,2138,0
1656355949862,170,2,19.7,1,2,0,7.4,476.7315806614871,297.6054434986027,2253,0
1656355949975,170,2,20.05,1,2,0,8.8,468.6704599182671,305.1098162957069,2366,0
1656355950090,171,2,20.4,1,3,0,9.5,459.5486916530173,310.8713560301109,2481,0
1656355950205,171,2,20.75,1,3,0,8.8,459.51387356640276,308.13146544940844,2596,0
1656355950318,171,2,21.1,1,3,0,8.1,467.4708547064726,300.2682134359214,2709,0
1656355950432,171,2,21.45,1,3,0,7.5,476.42418074652755,291.4309523712264,2823,0
1656355950532,171,2,21.75,1,2,0,7.9,486.57579060203966,282.02836736753983,2923,0
1656355950647,171,2,22.1,1,2,0,9.3,496.5178748041202,275.2780412601049,3038,0
1656355950762,172,2,22.45,1,2,0,10.5,507.5756101311409,268.00186566514793,3153,0
1656355950863,172,2,22.75,1,2,0,10.4,518.0936208833303,256.6028059082753,3254,0
1656355950978,172,2,23.1,1,2,0,9.4,526.7750943239439,244.00819658363937,3369,0
1656355951094,172,2,23.45,1,2,0,8.0,526.1938806181614,242.5530869727285,3485,0
1656355951208,172,2,23.8,1,2,0,7.7,529.4619910815129,240.35390573069537,3599,0
1656355951323,172,2,24.15,1,2,0,8.6,537.5872022286245,236.59247663440192,3714,0
1656355951423,172,2,24.45,1,2,0,8.9,546.2490274590884,230.8679276123039,3814,0
1656355951538,172,2,24.8,1,2,0,8.2,549.7381194714444,225.7875107263464,3929,0
1656355951642,172,2,25.1,1,1,0,7.6,549.9745448654875,226.43321311150447,4033,0
1656355951755,172,2,25.45,1,1,0,7.6,558.6591089385369,220.98868749327417,4146,0
1656355951869,172,2,25.8,1,1,0,7.0,565.6014497859778,214.478437144623,4260,0
1656355951982,172,2,26.15,1,1,0,5.8,566.5933285876212,213.55093069335942,4373,0
1656355952095,172,2,26.5,1,1,0,5.4,566.5933285876212,213.55093069335942,4486,0
1656355952196,172,2,26.8,1,0,0,5.4,566.5933285876212,213.55093069335942,4587,0
1656355952310,172,2,27.15,1,0,0,4.7,566.5933285876212,213.55093069335942,4701,0
1656355952423,172,2,27.5,1,0,0,3.3,566.5933285876212,213.55093069335942,4814,0
1656355952539,172,2,27.85,1,0,0,2.4,566.8509504270061,214.30818929756276,4930,0
1656355952654,172,2,28.2,1,0,0,3.8,566.4141594275341,220.56518310921152,5045,0
1656355952769,172,2,28.55,1,0,0,4.4,563.0781473294803,225.88713996153035,5160,0
1656355952884,172,2,28.9,1,0,0,3.0,560.9456301639224,227.27076362788065,5275,0
1656355952999,172,2,29.25,1,0,0,2.3,561.1033772844359,227.69497139814047,5390,0
1656355953099,172,2,29.55,1,0,0,3.5,557.8548198232226,236.57979626333267,5490,0
1656355953213,172,2,29.9,1,0,0,3.9,553.47990026739,242.3963696097778,5604,0
1656355953329,172,2,30.25,1,0,0,3.9,552.4056480522262,239.73318502034715,5720,0
1656355953444,172,2,30.6,1,0,0,3.9,552.4056480522262,239.73318502034715,5835,0
1656355953555,172,2,30.95,1,0,0,5.3,553.8519657814712,243.31050121192877,5946,0
1656355953669,172,2,31.3,1,0,0,5.8,546.7723475085403,252.25384040684102,6060,0
1656355953782,172,2,31.65,1,1,0,4.4,545.9963369840498,250.43961347997646,6173,0
1656355953883,172,2,31.95,1,1,0,3.7,545.9963369840498,250.43961347997646,6274,0
1656355953998,172,2,32.3,1,1,0,4.2,546.7723475085403,252.25384040684102,6389,0
1656355954113,172,2,32.65,1,1,0,5.5,544.4997704315402,259.53805116013336,6504,0
1656355954227,172,2,33.0,1,1,0,5.3,535.0934497823721,272.0680062043312,6618,0
1656355954328,173,2,33.3,1,2,0,5.5,522.3686437756386,277.74268667239465,6719,0
1656355954440,173,2,43.65,1,2,0,5.9,517.2707221562033,281.824413420839,6831,0
1656355954541,173,2,45.95,1,2,1,6.4,515.59771139911,278.5121182282739,6932,0
1656355954655,173,2,48.3,1,2,2,5.1,515.59771139911,278.5121182282739,7046,0
1656355954755,173,2,48.6,1,2,2,4.8,515.59771139911,278.5121182282739,7146,0
1656355954855,173,2,50.9,1,2,2,5.3,515.59771139911,278.5121182282739,7246,0
1656355954955,183,2,63.2,1,1,2,5.5,517.6069937703702,279.6515689210415,7346,0
1656355955055,183,2,63.5,1,1,2,5.5,516.5771965543969,277.5968299530814,7446,0
1656355955168,183,2,63.85,1,1,2,4.1,516.5771965543969,277.5968299530814,7559,0
1656355955284,183,2,64.2,1,1,2,3.1,516.5771965543969,277.5968299530814,7675,0
1656355955399,183,2,66.55,1,1,3,2.7,516.5771965543969,277.5968299530814,7790,0
1656355955515,183,2,66.9,1,1,3,2.8,516.5771965543969,277.5968299530814,7906,0
1656355955631,183,2,69.25,1,1,3,2.7,516.5771965543969,277.5968299530814,8022,0
1656355955747,183,2,69.6,1,1,1,3.1,513.638978271704,280.34443101299513,8138,0
1656355955858,183,2,69.95,1,1,1,4.1,507.2928148515411,290.49268493371744,8249,0
1656355955958,194,2,70.25,1,0,0,4.8,500.5956452067876,302.42354405700627,8349,0
1656355956072,194,2,70.6,1,0,0,5.5,492.13920794832023,313.60006377550377,8463,0
1656355956186,195,2,70.95,1,0,0,5.2,483.1324870053762,316.3178780910115,8577,0
1656355956287,195,2,71.25,1,0,0,5.2,481.05093285430803,312.8993448379207,8678,0
1656355956400,195,2,71.6,1,0,0,6.0,480.5257537323052,314.56795768164307,8791,0
1656355956501,195,2,71.9,1,0,0,7.0,473.2071428032337,327.6171546180084,8892,0
1656355956615,195,2,72.25,1,0,0,7.9,465.3815638806505,339.5585369269929,9006,0
1656355956731,196,2,72.6,1,0,0,8.9,453.61657818029533,345.7744929863971,9122,0
1656355956832,196,2,72.9,1,0,0,8.7,442.14251096224615,350.4083332342426,9223,0
1656355956946,196,2,73.25,1,0,0,7.4,439.48265039703216,351.33032889290956,9337,0
1656355957058,196,2,73.6,1,0,0,7.2,438.03652815718465,356.1179579858337,9449,0
1656355957173,197,2,73.95,1,0,0,7.7,431.7244491570984,367.63296914177874,9564,0
1656355957274,197,2,74.25,1,0,0,8.7,421.44513284649526,378.3120405168199,9665,0
1656355957390,197,2,72.6,1,0,0,10.1,408.92297563233103,386.4324002979047,9781,1
1656355957501,197,2,70.15,1,1,0,10.2,403.6334971233185,394.6542790848719,9892,1
1656355957615,197,2,69.1,1,1,0,9.0,401.2405762133236,394.03806922681974,10006,1
1656355957715,197,2,68.2,1,1,0,7.6,400.9600977653512,393.7321424522006,10106,1
1656355957829,197,2,67.15,1,1,0,6.2,400.9600977653512,393.7321424522006,10220,1
1656355957943,197,2,66.1,1,1,0,5.9,400.9600977653512,393.7321424522006,10334,1
1656355958056,197,2,65.05,1,1,0,5.9,400.9600977653512,393.7321424522006,10447,1
1656355958156,197,2,63.95,1,1,0,5.1,401.9203901271992,392.7798365496885,10547,1
1656355958272,197,2,61.5,1,1,0,4.1,410.5715528382355,384.2199890687625,10663,1
1656355958386,197,2,60.25,1,1,0,2.9,411.53371672318667,383.27013971871065,10777,1
1656355958486,197,2,59.35,1,1,0,1.5,411.53371672318667,383.27013971871065,10877,1
1656355958587,197,2,58.45,1,1,0,0.6,411.53371672318667,383.27013971871065,10978,1
1656355958701,197,2,57.4,1,1,0,0.6,411.53371672318667,383.27013971871065,11092,1
1656355958812,197,2,56.35,1,0,0,0.6,411.53371672318667,383.27013971871065,11203,1
1656355958913,197,2,55.45,1,0,0,0.6,411.53371672318667,383.27013971871065,11304,1
1656355959013,197,2,54.55,1,0,0,0.6,411.53371672318667,383.27013971871065,11404,1
1656355959127,197,2,53.5,1,0,0,0.6,411.53371672318667,383.27013971871065,11518,1
1656355959241,197,2,52.45,1,0,0,0.4,411.53371672318667,383.27013971871065,11632,1
1656355959356,197,2,51.4,1,0,0,0.0,411.53371672318667,383.27013971871065,11747,1
1656355959470,197,2,50.35,1,0,0,0.0,411.53371672318667,383.27013971871065,11861,1
1656355959583,197,2,49.3,1,0,0,0.0,411.53371672318667,383.27013971871065,11974,1
1656355959696,197,2,48.25,1,0,0,0.0,411.53371672318667,383.27013971871065,12087,1
1656355959925,197,2,44.55,1,0,0,0.6,401.9203901271992,392.7798365496885,115,1
1656355960040,197,2,46.5,1,0,1,1.1,397.8341362930034,392.32639472765527,230,0
1656355960158,197,2,48.85,1,0,2,1.5,397.8341362930034,392.32639472765527,348,0
1656355960274,197,2,51.2,1,1,3,1.9,397.8341362930034,392.32639472765527,464,0
1656355960388,197,2,51.55,1,1,3,2.0,397.8341362930034,392.32639472765527,578,0
1656355960503,197,2,51.9,1,1,2,2.0,397.8341362930034,392.32639472765527,693,0
1656355960604,197,2,52.2,1,1,2,2.7,398.0967219156671,392.6130410467793,794,0
1656355960718,197,2,50.95,1,1,2,3.9,401.5233492587946,394.34629451790215,908,1
1656355960833,197,2,49.7,1,1,2,3.9,402.88087569404433,391.82776828601624,1023,1
1656355960934,197,2,48.8,1,1,2,3.7,402.88087569404433,391.82776828601624,1124,1
1656355961046,197,2,47.75,1,1,2,3.3,402.88087569404433,391.82776828601624,1236,1
1656355961249,197,2,44.35,1,1,2,3.1,412.49606058724976,382.3205461389697,100,1
1656355961349,197,2,43.85,1,1,2,2.7,413.8067181668273,377.6188554614295,200,1
1656355961461,197,2,44.2,1,1,2,2.9,413.29892329886366,377.0198933743417,312,0
1656355961577,197,2,44.55,1,1,2,3.2,413.29892329886366,377.0198933743417,428,0
1656355961678,197,2,44.85,1,1,2,2.5,413.29892329886366,377.0198933743417,529,0
1656355961790,197,2,45.2,1,1,1,1.5,413.8067181668273,377.6188554614295,641,0
1656355961907,197,2,43.95,1,1,0,2.9,412.6402791778815,384.5412851697461,758,1
1656355962019,197,2,42.1,1,1,0,3.1,407.1719538475115,390.5444917035702,870,1
1656355962134,197,2,41.05,1,1,0,3.1,405.76347790307597,388.97300677553454,985,1
1656355962248,197,2,40.0,1,1,0,2.8,405.76347790307597,388.97300677553454,1099,1
1656355962364,197,2,38.95,1,1,0,2.4,405.76347790307597,388.97300677553454,1215,1
1656355962465,197,2,40.05,1,0,1,2.9,405.76347790307597,388.97300677553454,1316,0
1656355962579,197,2,41.0,1,0,2,2.8,405.76347790307597,388.97300677553454,1430,0
1656355962694,197,2,39.95,1,0,2,2.8,405.76347790307597,388.97300677553454,1545,1
1656355962794,197,2,41.05,1,0,3,3.3,405.76347790307597,388.97300677553454,1645,0
1656355962907,197,2,40.0,1,0,3,3.1,405.76347790307597,388.97300677553454,1758,1
1656355963019,217,2,38.95,1,0,2,1.7,405.76347790307597,388.97300677553454,1870,1
1656355963134,217,2,37.9,1,0,2,1.5,405.76347790307597,388.97300677553454,1985,1
1656355963250,217,2,36.85,1,0,2,1.5,405.76347790307597,388.97300677553454,2101,1
1656355963350,217,2,35.95,1,0,2,1.5,405.76347790307597,388.97300677553454,2201,1
1656355963465,217,2,34.9,1,0,2,1.5,405.76347790307597,388.97300677553454,2316,1
1656355963579,217,2,33.85,1,0,2,1.0,405.76347790307597,388.97300677553454,2430,1
1656355963691,217,2,32.8,1,0,2,0.8,405.76347790307597,388.97300677553454,2542,1
1656355963806,217,2,31.75,1,0,2,0.5,405.76347790307597,388.97300677553454,2657,1
1656355963906,217,2,30.25,1,0,2,0.6,398.4833748100414,395.03544144797945,2757,1
1656355964021,217,2,30.6,1,1,2,1.3,387.39772843939085,401.0947518978527,2872,0
1656355964135,217,2,30.95,1,1,2,2.0,377.41356626385334,408.4617485150843,2986,0
1656355964237,217,2,31.25,1,1,1,2.0,372.58019271024057,413.29892329886366,3088,0
1656355964351,217,2,31.6,1,1,1,2.0,372.58019271024057,413.29892329886366,3202,0
1656355964464,217,2,31.95,1,1,0,2.2,371.61404709725383,414.2668222293453,3315,0
1656355964579,217,2,32.3,1,1,0,2.7,363.1115531073062,421.2861260473694,3430,0
1656355964680,217,2,32.6,1,1,0,2.7,358.95403605475735,423.03664143901295,3531,0
1656355964792,217,2,32.95,1,1,0,2.9,357.98463654184934,424.0106130747201,3643,0
1656355964906,217,2,33.3,1,1,0,3.5,350.23563496594693,431.8066697030049,3757,0
1656355965018,217,2,33.65,1,1,0,2.9,347.3326935374786,434.7321014141928,3869,0
1656355965133,217,2,34.0,1,1,0,2.9,341.53184331772053,440.5859734489967,3984,0
1656355965247,217,2,34.35,1,1,0,2.3,335.7379930838927,446.4437254570838,4098,0
1656355965347,217,2,34.65,1,1,0,2.9,327.9405433916337,452.4522074208502,4198,0
1656355965447,217,2,34.95,1,1,0,3.0,321.1245864146811,457.54234776684876,4298,0
1656355965559,217,2,35.3,1,1,0,3.0,320.1562118716424,458.5237180343019,4410,0
1656355965674,217,2,35.65,1,1,0,3.1,311.4498354470588,467.3596045873027,4525,0
1656355965789,217,2,36.0,1,1,0,3.6,301.7962889102515,477.18445071062405,4640,0
1656355965903,217,2,36.35,1,1,0,4.1,293.1279584072457,486.03292069570756,4754,0
1656355966003,217,2,36.65,1,2,0,3.9,284.2692385749819,491.55365932927407,4854,0
1656355966116,217,2,37.0,1,1,0,4.5,284.8859420891105,493.5504026945981,4967,0
1656355966229,217,2,37.35,1,2,0,3.8,283.81684234731387,492.8691509924313,5080,0
1656355966345,217,2,37.7,1,2,0,3.7,283.30195904723286,492.5403536767318,5196,0
1656355966462,217,2,38.05,1,1,0,3.1,283.30195904723286,492.5403536767318,5313,0
1656355966576,217,2,38.4,1,1,0,3.1,283.30195904723286,492.5403536767318,5427,0
1656355966690,218,2,38.75,1,1,0,4.2,277.4833328328028,501.6024322110091,5541,0
1656355966805,218,2,39.1,1,0,0,4.5,269.75729832573575,514.0437724552257,5656,0
1656355966920,218,2,39.45,1,0,0,4.0,266.26678350857054,515.1019316601327,5771,0
1656355967036,219,2,39.8,1,0,0,3.3,263.04562341920837,513.2728319324918,5887,0
1656355967137,221,2,40.1,1,1,0,2.9,260.0173071162764,511.53983227115367,5988,0
1656355967250,222,2,40.45,1,1,0,2.7,255.55625603768735,513.6350844714561,6101,0
1656355967350,222,2,40.75,1,1,0,3.3,243.82165613415066,522.4949760524019,6201,0
1656355967466,222,2,41.1,1,1,0,3.3,237.16871631815187,526.5216044950103,6317,0
1656355967579,222,2,41.45,1,1,0,3.7,239.10876186371755,522.9196879062787,6430,0
1656355967694,222,2,41.8,1,1,0,4.3,248.34049206683954,512.4304830901456,6545,0
1656355967806,222,2,42.15,1,1,0,3.5,255.07057846799972,505.19402213407074,6657,0
1656355967921,222,2,52.5,1,1,0,2.6,257.0486335306998,503.1679640040689,6772,0
1656355968022,222,2,52.8,1,1,0,2.8,256.0,504.0634880647476,6873,0
1656355968138,222,2,53.15,1,1,0,3.9,248.0322559668399,512.1406056933974,6989,0
1656355968238,222,2,53.45,1,1,0,5.1,237.47420912595962,523.5054918527599,7089,0
1656355968341,222,2,53.75,1,1,0,5.9,226.27637967759694,535.956154923143,7192,0
1656355968455,222,2,54.1,1,1,0,6.7,215.83790213954543,545.668397472311,7306,0
1656355968567,222,2,54.45,1,1,0,8.1,208.34586628968665,552.3622000101021,7418,0
1656355968683,222,2,54.8,1,1,0,9.1,200.00999975001247,560.0892785976179,7534,0
1656355968784,222,2,55.1,1,1,0,9.6,200.1599360511489,560.2285248003711,7635,0
1656355968898,222,2,55.45,1,1,0,10.5,192.75113488641256,568.5499098584046,7749,0
1656355969012,222,2,55.8,1,1,0,11.9,193.03885619221845,568.6897220805032,7863,0
1656355969112,222,2,56.1,1,1,0,12.4,192.37463450257678,568.3520036034008,7963,0
1656355969212,222,2,56.4,1,1,0,11.3,192.16659439142902,568.2253074265524,8063,0
1656355969327,222,2,56.75,1,1,0,10.1,192.16659439142902,568.2253074265524,8178,0
1656355969442,222,2,57.1,1,1,0,8.9,192.16659439142902,568.2253074265524,8293,0
1656355969555,222,2,57.45,1,1,0,7.5,192.16659439142902,568.2253074265524,8406,0
1656355969670,222,2,57.8,1,1,0,6.1,192.16659439142902,568.2253074265524,8521,0
1656355969770,222,2,58.1,1,1,0,5.1,195.16403357176242,565.2265032710338,8621,0
1656355969885,222,2,58.45,1,1,0,4.6,204.02205763103163,556.1088023040095,8736,0
1656355970001,222,2,60.8,1,1,1,3.8,210.0,550.0581787411219,8852,0
1656355970116,222,2,63.15,1,1,2,2.6,210.0,550.0581787411219,8967,0
1656355970230,222,2,63.5,1,1,1,2.2,210.0,550.0581787411219,9081,0
1656355970345,222,2,63.85,1,1,1,2.6,207.0,553.0578631571926,9196,0
1656355970446,232,2,64.15,1,0,0,3.5,200.0624902374256,560.150872533463,9297,0
1656355970546,232,2,64.45,1,0,0,4.7,193.6620768245554,567.5077091987386,9397,0
1656355970658,232,2,64.8,1,0,0,6.1,193.14502323383846,568.7398350739993,9509,0
1656355970774,232,2,65.15,1,0,0,7.5,192.50974001333026,568.4258966655196,9625,0
1656355970874,232,2,65.45,1,0,0,7.5,192.16659439142902,568.2253074265524,9725,0
1656355970988,232,2,65.8,1,0,0,6.8,192.16659439142902,568.2253074265524,9839,0
1656355971103,232,2,66.15,1,0,0,7.0,192.21082175569617,568.2543444620551,9954,0
1656355971215,232,2,66.5,1,0,0,8.2,192.6655132606767,568.5068161420759,10066,0
1656355971330,232,2,66.85,1,0,0,9.3,193.49418595916518,568.9006943219528,10181,0
1656355971447,232,2,67.2,1,0,0,10.0,181.59295140505864,580.8820878629328,10298,0
1656355971560,232,2,67.55,1,0,0,9.3,172.9392957080605,588.5745492288976,10411,0
1656355971660,232,2,67.85,1,0,0,8.1,172.74258305351347,588.489592091483,10511,0
1656355971775,232,2,68.2,1,0,0,7.1,169.75570682601514,591.4871089043278,10626,0
1656355971875,232,2,68.5,1,0,0,6.1,161.79307772584093,599.4806085270816,10726,0
1656355971988,232,2,68.85,1,0,0,5.7,159.80300372646317,601.4790104400985,10839,0
1656355972103,232,2,69.2,1,0,0,6.3,152.8397853963424,608.4734998338055,10954,0
1656355972218,232,2,69.55,1,0,0,5.8,144.88616221019868,616.4673551778715,11069,0
1656355972333,232,2,69.9,1,0,0,4.9,138.92443989449805,622.462850297108,11184,0
1656355972448,232,2,68.25,1,1,0,4.1,129.98846102635417,631.4562534332841,11299,1
1656355972563,232,2,66.4,1,2,0,3.0,126.01983970788092,635.4533814529591,11414,1
1656355972678,232,2,65.35,1,3,0,2.8,126.01983970788092,635.4533814529591,11529,1
1656355972793,232,2,64.3,1,3,0,2.8,126.01983970788092,635.4533814529591,11644,1
1656355972907,232,2,63.25,1,3,0,2.4,126.01983970788092,635.4533814529591,11758,1
1656355973009,232,2,62.35,1,2,0,2.0,126.01983970788092,635.4533814529591,11860,1
1656355973109,232,2,60.85,1,2,0,2.4,123.04470732217621,638.4512510756009,11960,1
1656355973225,232,2,61.2,1,2,0,2.5,113.13708498984761,648.4442921331022,12076,0
1656355973341,232,2,61.55,1,3,0,2.5,105.22357150372723,656.43887758115,12192,0
1656355973442,232,2,61.85,1,2,0,2.0,105.22357150372723,656.43887758115,12293,0
1656355973543,232,2,62.15,1,2,0,1.4,105.22357150372723,656.43887758115,12394,0
1656355973656,232,2,62.5,1,1,0,1.4,105.22357150372723,656.43887758115,12507,0
1656355973771,232,2,62.85,1,1,0,2.5,100.22474744293446,662.6348919276738,12622,0
1656355973884,232,2,63.2,1,1,0,3.7,95.50916186418976,670.0223876856653,12735,0
1656355973999,232,2,63.55,1,1,0,3.7,92.72000862812729,671.8608486881789,12850,0
1656355974100,232,2,63.85,1,0,0,3.7,92.17917335276987,671.7626068783525,12951,0
1656355974213,232,2,64.2,1,0,0,3.3,92.17917335276987,671.7626068783525,13064,0
1656355974329,232,2,64.55,1,1,0,3.0,92.34717104492157,672.9635948548777,13180,0
1656355974429,232,2,64.85,1,1,0,3.9,87.2066511224918,683.617583155963,13280,0
1656355974529,232,2,65.15,1,2,0,4.7,82.37718130647589,693.029580898247,13380,0
1656355974644,232,2,65.5,1,3,0,4.7,75.29276193632427,696.5206386030495,13495,0
1656355974745,232,2,65.8,1,3,0,4.7,70.00714249274856,695.8311576812296,13596,0
1656355974846,232,2,66.1,1,3,0,3.6,66.70832032063167,695.3804713967743,13697,0
1656355974959,232,2,66.45,1,3,0,2.4,65.37583651472461,695.1618516575835,13810,0
1656355975072,232,2,76.8,1,3,0,2.4,66.27216610312357,694.1411960113015,13923,0
1656355975186,232,2,77.15,1,3,0,2.4,66.0,694.0461079784253,14037,0
1656355975300,232,2,77.5,1,3,0,2.4,66.0,694.0461079784253,14151,0
1656355975529,232,2,88.2,1,3,0,0.8,67.18630812896329,693.1219228966863,115,0
1656355975644,232,2,88.55,1,3,0,0.0,67.0,693.046174507875,230,0
1656355975758,232,2,88.9,1,3,0,0.0,67.0,693.046174507875,344,0
1656355975858,232,2,89.2,1,3,0,0.0,67.0,693.046174507875,444,0
1656355975975,232,2,89.55,1,3,0,0.0,67.0,693.046174507875,561,0
1656355976088,232,2,89.9,1,3,0,1.1,62.28964600958975,698.1403870282824,674,0
1656355976204,232,2,90.25,1,3,0,2.5,53.75872022286245,709.4406247178125,790,0
1656355976319,232,2,90.6,1,3,0,3.6,45.617978911828175,719.5449951184429,905,0
1656355976433,232,2,90.95,1,3,0,3.6,39.84971769034255,722.2769551910126,1019,0
1656355976545,232,2,91.3,1,3,0,3.9,40.311288741492746,720.1173515476488,1131,0
1656355976645,232,2,91.6,1,3,0,4.5,50.0,710.0450689921028,1231,0
1656355976760,232,2,91.95,1,3,0,5.0,60.0,700.0457127931003,1346,0
1656355976874,232,2,92.3,1,3,0,5.2,62.0,698.0458437667256,1460,0
1656355976975,232,2,94.6,1,3,1,5.9,54.0,706.0453243241542,1561,0
1656355977075,232,2,94.9,1,3,1,6.2,50.0,710.0450689921028,1661,0
1656355977188,232,2,97.25,1,3,1,5.5,50.0,710.0450689921028,1774,0
1656355977289,242,2,99.55,1,2,1,4.2,50.0,710.0450689921028,1875,0
1656355977389,242,2,99.85,1,2,0,3.3,50.0,710.0450689921028,1975,0
1656355977490,242,1,0.1,1,2,0,3.3,50.0,710.0450689921028,2076,1
1656355977605,242,1,0.45,1,2,0,3.0,50.0,710.0450689921028,2191,0
1656355977721,242,1,0.8,1,2,0,2.4,50.0,710.0450689921028,2307,0
1656355977833,242,1,1.15,1,2,0,2.3,50.0,710.0450689921028,2419,0
1656355977949,242,1,1.5,1,2,0,2.3,50.0,710.0450689921028,2535,0
1656355978064,242,1,1.85,1,2,0,1.6,50.0,710.0450689921028,2650,0
1656355978177,242,1,2.2,1,2,0,1.3,50.0,710.0450689921028,2763,0
1656355978277,242,1,2.5,1,2,0,0.9,50.0,710.0450689921028,2863,0
1656355978393,242,1,2.85,1,2,0,0.8,50.0,710.0450689921028,2979,0
1656355978508,242,1,3.2,1,2,0,0.6,50.0,710.0450689921028,3094,0
1656355978609,242,1,3.5,1,2,0,0.6,50.0,710.0450689921028,3195,0
1656355978710,242,1,3.8,1,2,0,0.6,50.0,710.0450689921028,3296,0
1656355978810,242,1,4.1,1,2,0,0.6,50.0,710.0450689921028,3396,0
1656355978924,242,1,4.45,1,2,0,0.2,50.0,710.0450689921028,3510,0
1656355979025,242,1,4.75,1,2,0,0.0,50.0,710.0450689921028,3611,0
1656355979139,242,1,5.0,1,2,0,0.0,50.0,710.0450689921028,3725,0
1656355979899,242,1,0.1,1,1,0,0.3,760.0947309381904,4.0,101,1
1656355979999,242,1,0.4,1,1,0,0.7,760.2900762209119,13.0,201,0
1656355980101,242,1,0.7,1,1,0,0.7,760.3788529410849,16.0,303,0
1656355980211,242,1,1.05,1,1,0,0.7,760.3788529410849,16.0,413,0
1656355980317,242,1,1.35,1,1,0,0.7,760.3788529410849,16.0,519,0
1656355980429,242,1,1.7,1,0,0,0.7,760.3788529410849,16.0,631,0
1656355980529,242,1,2.0,1,0,0,0.7,760.3788529410849,16.0,731,0
1656355980642,242,1,2.35,1,0,0,1.4,754.3818661659359,17.08800749063506,844,0
1656355980945,242,1,2.45,1,0,0,1.6,751.383390819893,18.35755975068582,1147,0
1656355981052,242,1,2.8,1,0,0,2.7,727.8193457170537,66.03786792439622,1254,0
1656355981167,242,1,3.15,1,0,0,3.1,720.8467243457516,70.0,1369,0
1656355981281,242,1,3.5,1,1,0,2.7,720.7065977219855,77.93587107359487,1483,0
1656355981382,242,1,3.8,1,0,0,2.7,722.0207753243669,88.19297024139735,1584,0
1656355981498,242,1,4.15,1,0,0,2.7,723.2662027220683,97.04638066409278,1700,0
1656355981614,242,1,4.5,1,0,0,2.7,724.9399975170359,107.9351657246145,1816,0
1656355981729,242,1,4.85,1,0,0,2.7,726.4833102005854,117.17508267545621,1931,0
1656355981844,242,1,5.2,1,0,0,2.7,728.1606965498755,126.53062870309307,2046,0
1656355981944,242,1,5.5,1,0,0,2.0,729.784214682669,135.02962637880623,2146,0
1656355982044,242,1,5.8,1,0,0,1.8,731.7137418417122,144.5441109142811,2246,0
1656355982145,242,1,6.1,1,0,0,0.7,734.2022882012832,156.04166110369368,2347,0
1656355982245,242,1,6.4,1,0,0,0.0,736.19155116043,164.7118696390761,2447,0
1656355982346,242,1,6.7,1,0,0,0.0,738.7645091637794,175.3539278145773,2548,0
1656355982449,242,1,7.0,1,0,0,0.0,741.7472615385918,187.0106948813356,2651,0
1656355982565,242,1,7.35,1,0,0,0.0,745.1831989517746,199.68475154603067,2767,0
1656355982678,242,1,7.7,1,0,0,0.0,747.4021675109057,207.5042168246226,2880,0
1656355982793,242,1,8.05,1,0,0,0.0,749.9926666308144,216.31689716709604,2995,0
1656355982894,242,1,8.35,1,0,0,0.0,752.6818717094228,225.14439810930227,3096,0
1656355983006,242,1,8.7,1,0,0,0.0,755.7843607802427,234.96808293893875,3208,0
1656355983107,242,1,9.0,1,0,0,0.0,759.3345771134092,245.79056125083403,3309,0
1656355983207,242,1,9.3,1,0,0,0.0,762.3450662265744,254.65663156493684,3409,0
1656355983307,242,1,9.6,1,0,0,0.0,766.1520736772824,265.5051788572117,3509,0
1656355983423,242,1,9.95,1,0,0,0.0,769.7330706160416,275.3779221361073,3625,0
1656355983537,242,1,10.3,1,0,0,0.0,773.4267903298928,285.2595309538316,3739,0
1656355983651,242,1,10.65,1,0,0,0.0,776.8461881222047,294.15982050579237,3853,0
1656355983751,242,1,10.95,1,0,0,0.0,780.3544066640491,303.06599941266916,3953,0
1656355983867,242,1,11.3,1,0,0,0.0,785.1681348602986,314.9492022533158,4069,0
1656355983981,242,1,11.65,1,0,0,0.0,788.8789514241079,323.86725675807367,4183,0
1656355984097,242,1,12.0,1,0,0,0.0,793.1015067442503,333.78136556734256,4299,0
1656355984198,242,1,12.3,1,0,0,0.0,797.4271126566991,343.70045097439134,4400,0
1656355984312,242,1,12.65,1,0,0,0.0,802.3023120993731,354.6166944744706,4514,0
1656355984427,242,1,13.0,1,0,0,0.0,806.3808033429367,363.55192201389883,4629,0
1656355984542,242,1,13.35,1,0,0,0.0,811.0055486863207,373.4836007109281,4744,0
1656355984657,242,1,13.7,1,0,0,0.0,816.2040186129937,384.4125388173492,4859,0
1656355984758,242,1,14.0,1,0,0,0.0,821.5168896620446,395.3454185898706,4960,0
1656355984858,242,1,14.3,1,0,0,0.0,826.4441904932238,405.2875522391479,5060,0
1656355984972,242,1,14.65,1,0,0,0.0,830.9566775710995,414.23785437837523,5174,0
1656355985072,242,1,14.95,1,0,0,0.0,835.5417404295252,423.19026453830435,5274,0
1656355985172,242,1,15.25,1,0,0,0.0,840.7199295841631,433.13970032773494,5374,0
1656355985285,242,1,15.6,1,0,0,0.0,845.4543157379942,442.0961433896478,5487,0
1656355985387,242,1,15.9,1,0,0,0.0,850.7955100962863,452.04977602029624,5589,0
1656355985498,242,1,16.25,1,0,0,0.0,855.128645292625,460.0141302177575,5700,0
1656355985600,242,1,16.55,1,0,0,0.0,859.514397785168,467.9797004144517,5802,0
1656355985716,242,1,16.9,1,0,0,0.0,867.313668749663,481.9221928900971,5918,0
