Timestamp(ms)	Intensity	Winning Status
1655496577849	0.5	0.5
1655496577961	0.5	0.5
1655496578061	0.5	0.5
1655496578178	0.5	0.5
1655496578280	0.5	0.5
1655496578393	0.5	0.5
1655496578507	0.5	0.5
1655496578608	0.5	0.5
1655496578721	0.5	0.5
1655496578838	0.5	0.5
1655496578950	0.5	0.5
1655496579050	0.5	0.5
1655496579166	0.5	0.5
1655496579266	0.5	0.5
1655496579368	0.5	0.5
1655496579482	0.5	0.5
1655496579582	0.5	0.5
1655496579682	0.5	0.5
1655496579784	0.5	0.5
1655496579886	0.46275215918454543	0.5
1655496580001	0.2117679372539445	0.5
1655496580101	0.1725516525772881	0.5
1655496580216	0.14510025330362863	0.5
1655496580318	0.14510025330362863	0.5
1655496580418	0.14510025330362863	0.5
1655496580532	0.14510025330362863	0.5
1655496580633	0.14902188177129427	0.5
1655496580748	0.14902188177129427	0.5
1655496580864	0.14902188177129427	0.5
1655496580976	0.17647328104495374	0.5
1655496581094	0.26667073580126344	0.5
1655496581196	0.26667073580126344	0.5
1655496581308	0.26667073580126344	0.5
1655496581410	0.26667073580126344	0.5
1655496581525	0.2549058503982665	0.5
1655496581627	0.24706259346293524	0.5
1655496581742	0.24706259346293524	0.5
1655496581844	0.24706259346293524	0.5
1655496581959	0.24706259346293524	0.5
1655496582076	0.24706259346293524	0.5
1655496582190	0.24706259346293524	0.5
1655496582292	0.4588305307168798	0.5
1655496582403	0.45490890224921415	0.5
1655496582505	0.47451704458754235	0.5
1655496582606	0.47451704458754235	0.5
1655496582707	0.4705954161198767	0.5
1655496582819	0.4980468153935362	0.5
1655496582921	0.5137333292641988	0.5
1655496583034	0.5137333292641988	0.5
1655496583136	0.5137333292641988	0.5
1655496583250	0.5137333292641988	0.5
1655496583366	0.5254982146671957	0.5
1655496583484	0.5529496139408552	0.5
1655496583597	0.6117740409558398	0.5
1655496583698	0.6117740409558398	0.5
1655496583815	0.6117740409558398	0.5
1655496583917	0.6117740409558398	0.5
1655496584033	0.5372631000701926	0.5
1655496584148	0.5176549577318644	0.5
1655496584263	0.4902035584582049	0.5
1655496584379	0.40392773216956085	0.5
1655496584479	0.40392773216956085	0.5
1655496584594	0.40392773216956085	0.5
1655496584696	0.4196142460402234	0.5
1655496584807	0.4823603015228736	0.5
1655496584908	0.4823603015228736	0.5
1655496585012	0.5058900723288675	0.5
1655496585126	0.5176549577318644	0.5
1655496585239	0.5176549577318644	0.5
1655496585340	0.5176549577318644	0.5
1655496585451	0.5215765861995301	0.5
1655496585554	0.5019684438612019	0.5
1655496585667	0.4823603015228736	0.5
1655496585783	0.478438673055208	0.5
1655496585884	0.478438673055208	0.5
1655496585985	0.5019684438612019	0.5
1655496586088	0.5137333292641988	0.5
1655496586204	0.5176549577318644	0.5
1655496586307	0.5215765861995301	0.5
1655496586421	0.5294198431348613	0.5
1655496586523	0.5294198431348613	0.5
1655496586638	0.5254982146671957	0.5
1655496586752	0.4823603015228736	0.5
1655496586868	0.3647114474929044	0.5
1655496586984	0.3647114474929044	0.5
1655496587085	0.3647114474929044	0.5
1655496587185	0.3647114474929044	0.5
1655496587302	0.3333384197515793	0.5
1655496587404	0.3058870204779198	0.5
1655496587504	0.3019653920102542	0.5
1655496587619	0.3019653920102542	0.5
1655496587720	0.3019653920102542	0.5
1655496587834	0.29804376354258855	0.533341471602527
1655496587949	0.3019653920102542	0.6862849818414869
1655496588050	0.3019653920102542	0.6862849818414869
1655496588150	0.3019653920102542	0.6862849818414869
1655496588262	0.3019653920102542	0.6862849818414869
1655496588364	0.3058870204779198	0.6862849818414869
1655496588478	0.30980864894558546	0.6862849818414869
1655496588579	0.3137302774132511	0.6862849818414869
1655496588694	0.3137302774132511	0.6862849818414869
1655496588797	0.3137302774132511	0.6862849818414869
1655496588897	0.3137302774132511	0.6862849818414869
1655496589010	0.31765190588091674	0.6862849818414869
1655496589113	0.3215735343485824	0.6862849818414869
1655496589215	0.3215735343485824	0.6862849818414869
1655496589328	0.3215735343485824	0.6862849818414869
1655496589432	0.325495162816248	0.6862849818414869
1655496589540	0.3215735343485824	0.6862849818414869
1655496589642	0.325495162816248	0.6862849818414869
1655496589743	0.3215735343485824	0.6862849818414869
1655496589843	0.3411816766869106	0.6862849818414869
1655496589959	0.3451033051545762	0.6862849818414869
1655496590061	0.34902493362224185	0.6862849818414869
1655496590174	0.36078981902523877	0.6862849818414869
1655496590274	0.3647114474929044	0.6862849818414869
1655496590374	0.40392773216956085	0.6862849818414869
1655496590474	0.4196142460402234	0.6862849818414869
1655496590588	0.4823603015228736	0.6862849818414869
1655496590690	0.5058900723288675	0.6823633533738213
1655496590805	0.5254982146671957	0.6666768395031587
1655496590921	0.5294198431348613	0.6627552110354931
1655496591022	0.5294198431348613	0.6627552110354931
1655496591122	0.5294198431348613	0.6627552110354931
1655496591225	0.5294198431348613	0.6627552110354931
1655496591339	0.5294198431348613	0.6627552110354931
1655496591455	0.5294198431348613	0.6627552110354931
1655496591571	0.5294198431348613	0.6627552110354931
1655496591690	0.5294198431348613	0.6627552110354931
1655496591802	0.533341471602527	0.6627552110354931
1655496591907	0.533341471602527	0.6588335825678274
1655496592022	0.533341471602527	0.6627552110354931
1655496592135	0.5451063570055239	0.6627552110354931
1655496592252	0.5490279854731895	0.6627552110354931
1655496592368	0.5451063570055239	0.6627552110354931
1655496592468	0.5490279854731895	0.6627552110354931
1655496592580	0.5451063570055239	0.6000091555528428
1655496592684	0.5451063570055239	0.5372631000701926
1655496592799	0.5490279854731895	0.5294198431348613
1655496592899	0.5490279854731895	0.5137333292641988
1655496592999	0.5490279854731895	0.5019684438612019
1655496593102	0.5490279854731895	0.4902035584582049
1655496593214	0.5451063570055239	0.48628192999053926
1655496593334	0.5451063570055239	0.48628192999053926
1655496593448	0.5451063570055239	0.48628192999053926
1655496593550	0.5490279854731895	0.48628192999053926
1655496593668	0.5490279854731895	0.5058900723288675
1655496593782	0.5490279854731895	0.5098117007965332
1655496593899	0.5451063570055239	0.4980468153935362
1655496594000	0.5451063570055239	0.4902035584582049
1655496594114	0.5215765861995301	0.5019684438612019
1655496594216	0.5215765861995301	0.5529496139408552
1655496594318	0.5215765861995301	0.6823633533738213
1655496594431	0.5137333292641988	0.7647175511947997
1655496594545	0.5137333292641988	0.7882473220007935
1655496594646	0.5137333292641988	0.7882473220007935
1655496594760	0.5137333292641988	0.7764824365977966
1655496594876	0.5137333292641988	0.7764824365977966
1655496594990	0.5137333292641988	0.772560808130131
1655496595105	0.5137333292641988	0.772560808130131
1655496595207	0.5137333292641988	0.772560808130131
1655496595320	0.5137333292641988	0.7764824365977966
1655496595420	0.5098117007965332	0.772560808130131
1655496595520	0.49412518692587054	0.7764824365977966
1655496595635	0.4902035584582049	0.772560808130131
1655496595736	0.47451704458754235	0.7764824365977966
1655496595851	0.36078981902523877	0.7764824365977966
1655496595951	0.2705923642689291	0.7764824365977966
1655496596065	0.1921597949156163	0.7764824365977966
1655496596166	0.13725699636829736	0.7764824365977966
1655496596267	0.13333536790063172	0.7764824365977966
1655496596378	0.09804071169164097	0.7764824365977966
1655496596478	0.09019745475630969	0.7764824365977966
1655496596579	0.09019745475630969	0.7764824365977966
1655496596680	0.09411908322397533	0.7764824365977966
1655496596781	0.09411908322397533	0.7764824365977966
1655496596898	0.09804071169164097	0.7764824365977966
1655496596998	0.10196234015930661	0.7764824365977966
1655496597112	0.10588396862697225	0.7764824365977966
1655496597225	0.10588396862697225	0.7764824365977966
1655496597327	0.10588396862697225	0.7764824365977966
1655496597440	0.10588396862697225	0.7764824365977966
1655496597542	0.10588396862697225	0.7764824365977966
1655496597657	0.10588396862697225	0.7764824365977966
1655496597758	0.10588396862697225	0.7764824365977966
1655496597873	0.10588396862697225	0.7764824365977966
1655496597985	0.10588396862697225	0.7764824365977966
1655496598087	0.10588396862697225	0.7764824365977966
1655496598187	0.10588396862697225	0.7764824365977966
1655496598301	0.10588396862697225	0.7764824365977966
1655496598402	0.10588396862697225	0.7764824365977966
1655496598503	0.10588396862697225	0.7764824365977966
1655496598619	0.10588396862697225	0.7764824365977966
1655496598733	0.10588396862697225	0.7764824365977966
1655496598834	0.10588396862697225	0.7764824365977966
1655496598934	0.10588396862697225	0.7764824365977966
1655496599049	0.10588396862697225	0.7764824365977966
1655496599149	0.10588396862697225	0.7764824365977966
1655496599250	0.10588396862697225	0.7764824365977966
1655496599365	0.10980559709463789	0.7764824365977966
1655496599481	0.10980559709463789	0.7764824365977966
1655496599584	0.10980559709463789	0.7764824365977966
1655496599686	0.10588396862697225	0.7764824365977966
1655496599799	0.10980559709463789	0.7764824365977966
1655496599900	0.10980559709463789	0.7764824365977966
1655496600000	0.10980559709463789	0.7764824365977966
1655496600113	0.10980559709463789	0.7764824365977966
1655496600214	0.10980559709463789	0.7764824365977966
1655496600315	0.10980559709463789	0.7764824365977966
1655496600415	0.10980559709463789	0.7764824365977966
1655496600516	0.10980559709463789	0.7764824365977966
1655496600618	0.10980559709463789	0.7764824365977966
1655496600733	0.10980559709463789	0.7764824365977966
1655496600835	0.10980559709463789	0.7764824365977966
1655496600948	0.10980559709463789	0.7764824365977966
1655496601053	0.10980559709463789	0.7764824365977966
1655496601168	0.10980559709463789	0.7764824365977966
1655496601285	0.10980559709463789	0.7764824365977966
1655496601386	0.10980559709463789	0.7764824365977966
1655496601486	0.10588396862697225	0.7764824365977966
1655496601596	0.10980559709463789	0.7764824365977966
1655496601696	0.10980559709463789	0.7764824365977966
1655496601797	0.10588396862697225	0.7764824365977966
1655496601897	0.10196234015930661	0.7764824365977966
1655496602011	0.08235419782097841	0.7764824365977966
1655496602113	0.07451094088564714	0.7764824365977966
1655496602227	0.0705893124179815	0.7764824365977966
1655496602340	0.047059541611987665	0.7764824365977966
1655496602440	0.011764885402996916	0.7764824365977966
1655496602543	0.0	0.7764824365977966
1655496602644	0.0	0.7764824365977966
1655496602759	0.0	0.7764824365977966
1655496602873	0.0	0.7764824365977966
1655496602986	0.0	0.7764824365977966
1655496603087	0.0	0.7764824365977966
1655496603187	0.0	0.7764824365977966
1655496603287	0.003921628467665639	0.7764824365977966
1655496603400	0.047059541611987665	0.7764824365977966
1655496603502	0.1215704824976348	0.7764824365977966
1655496603602	0.12549211096530044	0.7764824365977966
1655496603702	0.12549211096530044	0.7764824365977966
1655496603804	0.12549211096530044	0.7764824365977966
1655496603919	0.12549211096530044	0.7764824365977966
1655496604034	0.12549211096530044	0.7764824365977966
1655496604135	0.12549211096530044	0.7764824365977966
1655496604238	0.12549211096530044	0.7764824365977966
1655496604341	0.12549211096530044	0.7764824365977966
1655496604454	0.12549211096530044	0.7764824365977966
1655496604557	0.12549211096530044	0.7764824365977966
1655496604672	0.12549211096530044	0.7764824365977966
1655496604787	0.12549211096530044	0.7764824365977966
1655496604900	0.12549211096530044	0.7764824365977966
1655496605002	0.15686513870662555	0.7764824365977966
1655496605103	0.16863002410962247	0.7764824365977966
1655496605203	0.18431653798028502	0.7764824365977966
1655496605317	0.3411816766869106	0.7686391796624653
1655496605417	0.36078981902523877	0.7647175511947997
1655496605531	0.41569261757255777	0.7647175511947997
1655496605647	0.46667378765221107	0.7686391796624653
1655496605748	0.46667378765221107	0.7647175511947997
1655496605864	0.46667378765221107	0.7647175511947997
1655496605967	0.46667378765221107	0.7647175511947997
1655496606067	0.46667378765221107	0.7647175511947997
1655496606170	0.46667378765221107	0.7647175511947997
1655496606284	0.46667378765221107	0.7647175511947997
1655496606387	0.45490890224921415	0.7647175511947997
1655496606504	0.43530075991088596	0.7647175511947997
1655496606605	0.42353587450788904	0.7647175511947997
1655496606706	0.41569261757255777	0.7647175511947997
1655496606816	0.4117709891048921	0.7647175511947997
1655496606916	0.4117709891048921	0.7647175511947997
1655496607017	0.4117709891048921	0.7647175511947997
1655496607119	0.4117709891048921	0.7686391796624653
1655496607219	0.4117709891048921	0.7647175511947997
1655496607337	0.4117709891048921	0.7098147526474807
1655496607451	0.4117709891048921	0.7058931241798151
1655496607552	0.4117709891048921	0.7058931241798151
1655496607666	0.4117709891048921	0.6784417249061556
1655496607769	0.4117709891048921	0.6588335825678274
1655496607869	0.4117709891048921	0.6588335825678274
1655496607972	0.4117709891048921	0.6353038117618336
1655496608086	0.4117709891048921	0.5254982146671957
1655496608187	0.4117709891048921	0.5254982146671957
1655496608300	0.4117709891048921	0.5294198431348613
1655496608414	0.4117709891048921	0.5254982146671957
1655496608514	0.4117709891048921	0.5254982146671957
1655496608615	0.4117709891048921	0.5254982146671957
1655496608729	0.4117709891048921	0.5294198431348613
1655496608845	0.4117709891048921	0.5294198431348613
1655496608961	0.4117709891048921	0.533341471602527
1655496609076	0.4117709891048921	0.533341471602527
1655496609176	0.4117709891048921	0.533341471602527
1655496609292	0.4117709891048921	0.533341471602527
1655496609392	0.4117709891048921	0.5372631000701926
1655496609507	0.4117709891048921	0.5490279854731895
1655496609621	0.4117709891048921	0.5529496139408552
1655496609735	0.4117709891048921	0.5529496139408552
1655496609835	0.4117709891048921	0.5490279854731895
1655496609935	0.4117709891048921	0.5529496139408552
1655496610035	0.4000061037018952	0.5529496139408552
1655496610135	0.4000061037018952	0.5568712424085208
1655496610248	0.4000061037018952	0.5568712424085208
1655496610349	0.39216284676656393	0.5568712424085208
1655496610464	0.36863307596057004	0.5568712424085208
1655496610576	0.3451033051545762	0.5568712424085208
1655496610676	0.3451033051545762	0.5568712424085208
1655496610780	0.3411816766869106	0.5607928708761865
1655496610892	0.3451033051545762	0.5568712424085208
1655496610993	0.3451033051545762	0.5568712424085208
1655496611093	0.3451033051545762	0.5568712424085208
1655496611193	0.3451033051545762	0.5568712424085208
1655496611309	0.3451033051545762	0.5568712424085208
1655496611410	0.3411816766869106	0.5607928708761865
1655496611513	0.3451033051545762	0.5607928708761865
1655496611614	0.3451033051545762	0.5568712424085208
1655496611726	0.3451033051545762	0.5568712424085208
1655496611831	0.3451033051545762	0.5568712424085208
1655496611946	0.3411816766869106	0.5568712424085208
1655496612046	0.3451033051545762	0.5607928708761865
1655496612147	0.39216284676656393	0.5568712424085208
1655496612262	0.41569261757255777	0.5568712424085208
1655496612365	0.478438673055208	0.5568712424085208
1655496612465	0.478438673055208	0.5568712424085208
1655496612580	0.478438673055208	0.5607928708761865
1655496612682	0.478438673055208	0.5568712424085208
1655496612783	0.48628192999053926	0.5568712424085208
1655496612899	0.5019684438612019	0.5568712424085208
1655496613015	0.5019684438612019	0.5568712424085208
1655496613115	0.4980468153935362	0.5568712424085208
1655496613231	0.4980468153935362	0.5568712424085208
1655496613331	0.5019684438612019	0.5568712424085208
1655496613432	0.5019684438612019	0.5568712424085208
1655496613544	0.5019684438612019	0.5294198431348613
1655496613645	0.49412518692587054	0.5137333292641988
1655496613761	0.3333384197515793	0.5137333292641988
1655496613871	0.29804376354258855	0.5215765861995301
1655496613973	0.2509842219306009	0.5215765861995301
1655496614074	0.24706259346293524	0.5176549577318644
1655496614174	0.2313760795922727	0.5058900723288675
1655496614288	0.2235328226569414	0.5058900723288675
1655496614392	0.20392468031861322	0.5058900723288675
1655496614509	0.20392468031861322	0.5058900723288675
1655496614624	0.20392468031861322	0.5058900723288675
1655496614738	0.20392468031861322	0.5058900723288675
1655496614855	0.20392468031861322	0.5058900723288675
1655496614955	0.20392468031861322	0.5098117007965332
1655496615056	0.20392468031861322	0.5098117007965332
1655496615172	0.20392468031861322	0.5098117007965332
1655496615286	0.20392468031861322	0.5098117007965332
1655496615387	0.20392468031861322	0.5098117007965332
1655496615501	0.20000305185094758	0.5098117007965332
1655496615603	0.20000305185094758	0.5137333292641988
1655496615703	0.20392468031861322	0.5137333292641988
1655496615804	0.20784630878627885	0.5137333292641988
1655496615917	0.282357249671926	0.5176549577318644
1655496616031	0.3215735343485824	0.5215765861995301
1655496616131	0.3529465620899075	0.5294198431348613
1655496616242	0.380397961363567	0.5490279854731895
1655496616348	0.38431958983123266	0.5882442701498459
1655496616464	0.4000061037018952	0.6039307840205085
1655496616564	0.4078493606372265	0.6117740409558398
1655496616678	0.40392773216956085	0.6431470686971649
1655496616779	0.40392773216956085	0.6509903256324961
1655496616880	0.40392773216956085	0.6588335825678274
1655496616982	0.40392773216956085	0.6627552110354931
1655496617082	0.40392773216956085	0.6627552110354931
1655496617198	0.4078493606372265	0.6784417249061556
1655496617299	0.40392773216956085	0.6784417249061556
1655496617399	0.4313791314432203	0.6784417249061556
1655496617501	0.380397961363567	0.6784417249061556
1655496617615	0.4470656453138829	0.5372631000701926
1655496617731	0.4470656453138829	0.5254982146671957
1655496617845	0.4470656453138829	0.533341471602527
1655496617960	0.478438673055208	0.5490279854731895
1655496618075	0.45490890224921415	0.6549119541001618
1655496618175	0.41569261757255777	0.6705984679708243
1655496618276	0.4078493606372265	0.6902066103091525
1655496618391	0.40392773216956085	0.7255012665181433
1655496618505	0.4313791314432203	0.7255012665181433
1655496618621	0.576479384746849	0.7255012665181433
1655496618735	0.6235389263588367	0.7255012665181433
1655496618837	0.6274605548265023	0.7255012665181433
1655496618940	0.6274605548265023	0.7255012665181433
1655496619055	0.6274605548265023	0.7215796380504776
1655496619170	0.6274605548265023	0.7215796380504776
1655496619271	0.6274605548265023	0.7255012665181433
1655496619376	0.631382183294168	0.7255012665181433
1655496619489	0.6627552110354931	0.7255012665181433
1655496619591	0.6627552110354931	0.7215796380504776
1655496619692	0.6627552110354931	0.7255012665181433
1655496619808	0.6627552110354931	0.7255012665181433
1655496619924	0.6627552110354931	0.7255012665181433
1655496620024	0.6627552110354931	0.7215796380504776
1655496620125	0.6627552110354931	0.7255012665181433
1655496620226	0.6627552110354931	0.7215796380504776
1655496620326	0.6627552110354931	0.7215796380504776
1655496620426	0.6627552110354931	0.7255012665181433
1655496620540	0.6627552110354931	0.7255012665181433
1655496620654	0.6627552110354931	0.7255012665181433
1655496620755	0.6627552110354931	0.7255012665181433
1655496620871	0.6627552110354931	0.7215796380504776
1655496620985	0.6627552110354931	0.7215796380504776
1655496621100	0.6627552110354931	0.7255012665181433
1655496621202	0.6627552110354931	0.7255012665181433
1655496621313	0.6666768395031587	0.7255012665181433
1655496621413	0.6705984679708243	0.7255012665181433
1655496621522	0.6666768395031587	0.7215796380504776
1655496621626	0.6666768395031587	0.7215796380504776
1655496621740	0.6666768395031587	0.7255012665181433
1655496621840	0.6666768395031587	0.7255012665181433
1655496621943	0.6666768395031587	0.7255012665181433
1655496622058	0.6666768395031587	0.7255012665181433
1655496622160	0.6705984679708243	0.7255012665181433
1655496622277	0.6666768395031587	0.7255012665181433
1655496622387	0.6666768395031587	0.7255012665181433
1655496622488	0.6666768395031587	0.7255012665181433
1655496622603	0.6666768395031587	0.7255012665181433
1655496622707	0.6666768395031587	0.7255012665181433
1655496622820	0.6666768395031587	0.7255012665181433
1655496622921	0.6666768395031587	0.7255012665181433
1655496623022	0.6666768395031587	0.7255012665181433
1655496623135	0.6666768395031587	0.7255012665181433
1655496623252	0.6705984679708243	0.7255012665181433
1655496623368	0.6666768395031587	0.7255012665181433
1655496623485	0.6666768395031587	0.7255012665181433
1655496623597	0.6666768395031587	0.7294228949858089
1655496623697	0.6666768395031587	0.7294228949858089
1655496623797	0.6431470686971649	0.7333445234534746
1655496623914	0.5137333292641988	0.7372661519211402
1655496624025	0.4902035584582049	0.7490310373241371
1655496624143	0.39608447523422957	0.7686391796624653
1655496624257	0.3058870204779198	0.7686391796624653
1655496624359	0.29020050660725727	0.7686391796624653
1655496624473	0.24706259346293524	0.7686391796624653
1655496624586	0.2117679372539445	0.7686391796624653
1655496624692	0.1725516525772881	0.772560808130131
1655496624804	0.16863002410962247	0.772560808130131
1655496624904	0.12549211096530044	0.7882473220007935
1655496625006	0.1215704824976348	0.7921689504684591
1655496625119	0.1215704824976348	0.7921689504684591
1655496625231	0.1215704824976348	0.7921689504684591
1655496625332	0.1215704824976348	0.7921689504684591
1655496625443	0.1215704824976348	0.7921689504684591
1655496625543	0.1215704824976348	0.7921689504684591
1655496625657	0.1215704824976348	0.7960905789361248
1655496625758	0.12549211096530044	0.7960905789361248
1655496625873	0.12549211096530044	0.7960905789361248
1655496625974	0.12549211096530044	0.8000122074037904
1655496626087	0.12549211096530044	0.8039338358714561
1655496626189	0.12549211096530044	0.8039338358714561
1655496626305	0.12941373943296608	0.8039338358714561
1655496626407	0.12941373943296608	0.8039338358714561
1655496626523	0.12941373943296608	0.8078554643391217
1655496626640	0.12941373943296608	0.8078554643391217
1655496626753	0.12941373943296608	0.8078554643391217
1655496626853	0.12941373943296608	0.8117770928067873
1655496626957	0.12941373943296608	0.8117770928067873
1655496627072	0.13333536790063172	0.8117770928067873
1655496627173	0.13333536790063172	0.8117770928067873
1655496627290	0.13333536790063172	0.815698721274453
1655496627407	0.13333536790063172	0.815698721274453
1655496627517	0.13333536790063172	0.815698721274453
1655496627618	0.13333536790063172	0.8196203497421186
1655496627735	0.12941373943296608	0.8196203497421186
1655496627849	0.1215704824976348	0.8235419782097843
1655496627949	0.1215704824976348	0.8274636066774499
1655496628068	0.08627582628864405	0.8274636066774499
1655496628168	0.11372722556230352	0.8274636066774499
1655496628282	0.16863002410962247	0.8274636066774499
1655496628383	0.2117679372539445	0.8235419782097843
1655496628497	0.4078493606372265	0.8274636066774499
1655496628599	0.4980468153935362	0.8274636066774499
1655496628699	0.5411847285378583	0.8274636066774499
1655496628801	0.6039307840205085	0.8274636066774499
1655496628901	0.6039307840205085	0.8274636066774499
1655496629002	0.631382183294168	0.8235419782097843
1655496629104	0.6509903256324961	0.8274636066774499
1655496629219	0.6549119541001618	0.8274636066774499
1655496629320	0.6705984679708243	0.8274636066774499
1655496629434	0.6705984679708243	0.8274636066774499
1655496629535	0.67452009643849	0.8274636066774499
1655496629646	0.6705984679708243	0.8235419782097843
1655496629749	0.6705984679708243	0.8274636066774499
1655496629849	0.67452009643849	0.8274636066774499
1655496629964	0.6980498672444838	0.8274636066774499
1655496630081	0.7137363811151464	0.8235419782097843
1655496630197	0.7137363811151464	0.8235419782097843
1655496630312	0.7137363811151464	0.8235419782097843
1655496630426	0.7137363811151464	0.8235419782097843
1655496630527	0.7137363811151464	0.8235419782097843
1655496630637	0.7137363811151464	0.8235419782097843
1655496630738	0.7137363811151464	0.8235419782097843
1655496630840	0.7137363811151464	0.8235419782097843
1655496630952	0.7137363811151464	0.8235419782097843
1655496631053	0.7137363811151464	0.8235419782097843
1655496631155	0.7137363811151464	0.8235419782097843
1655496631273	0.7137363811151464	0.8235419782097843
1655496631386	0.7137363811151464	0.8235419782097843
1655496631488	0.7137363811151464	0.8235419782097843
1655496631602	0.7137363811151464	0.8235419782097843
1655496631703	0.7137363811151464	0.8235419782097843
1655496631819	0.7137363811151464	0.8235419782097843
1655496631932	0.7137363811151464	0.8235419782097843
1655496632044	0.7137363811151464	0.8235419782097843
1655496632145	0.7137363811151464	0.8235419782097843
1655496632255	0.7137363811151464	0.8235419782097843
1655496632355	0.7137363811151464	0.8235419782097843
1655496632472	0.7137363811151464	0.8235419782097843
1655496632572	0.7137363811151464	0.8235419782097843
1655496632673	0.7137363811151464	0.8235419782097843
1655496632786	0.7137363811151464	0.8235419782097843
1655496632886	0.7137363811151464	0.8235419782097843
1655496632987	0.7137363811151464	0.8235419782097843
1655496633100	0.7137363811151464	0.8235419782097843
1655496633200	0.7137363811151464	0.8235419782097843
1655496633301	0.7098147526474807	0.8235419782097843
1655496633415	0.7098147526474807	0.8235419782097843
1655496633532	0.7058931241798151	0.8235419782097843
1655496633632	0.7058931241798151	0.8235419782097843
1655496633746	0.7098147526474807	0.8235419782097843
1655496633846	0.7098147526474807	0.8313852351451155
1655496633958	0.7137363811151464	0.8666798913541063
1655496634063	0.7137363811151464	0.8823664052247688
1655496634176	0.7137363811151464	0.8823664052247688
1655496634278	0.7137363811151464	0.8862880336924345
1655496634392	0.7137363811151464	0.8862880336924345
1655496634508	0.7137363811151464	0.8862880336924345
1655496634626	0.7137363811151464	0.8862880336924345
1655496634739	0.7137363811151464	0.8862880336924345
1655496634841	0.7137363811151464	0.8823664052247688
1655496634953	0.7137363811151464	0.8823664052247688
1655496635053	0.7137363811151464	0.8862880336924345
1655496635156	0.7137363811151464	0.8862880336924345
1655496635257	0.7137363811151464	0.8862880336924345
1655496635359	0.7137363811151464	0.8862880336924345
1655496635475	0.7255012665181433	0.8862880336924345
1655496635590	0.7294228949858089	0.8823664052247688
1655496635691	0.7255012665181433	0.8862880336924345
1655496635807	0.7294228949858089	0.8823664052247688
1655496635921	0.7294228949858089	0.8862880336924345
1655496636033	0.7294228949858089	0.8823664052247688
1655496636134	0.7294228949858089	0.8823664052247688
1655496636247	0.7294228949858089	0.8823664052247688
1655496636364	0.7294228949858089	0.8823664052247688
1655496636464	0.7333445234534746	0.8862880336924345
1655496636565	0.7333445234534746	0.8862880336924345
1655496636681	0.7333445234534746	0.8823664052247688
1655496636783	0.7333445234534746	0.8823664052247688
1655496636884	0.7333445234534746	0.8823664052247688
1655496636999	0.7333445234534746	0.8862880336924345
1655496637110	0.7333445234534746	0.8862880336924345
1655496637212	0.7333445234534746	0.8823664052247688
1655496637326	0.7333445234534746	0.8823664052247688
1655496637443	0.7333445234534746	0.8823664052247688
1655496637556	0.7333445234534746	0.8823664052247688
1655496637656	0.7333445234534746	0.8862880336924345
1655496637770	0.7333445234534746	0.8862880336924345
1655496637874	0.7333445234534746	0.8862880336924345
1655496637984	0.7333445234534746	0.8862880336924345
1655496638084	0.7333445234534746	0.8823664052247688
1655496638185	0.7333445234534746	0.8862880336924345
1655496638301	0.7333445234534746	0.8862880336924345
1655496638401	0.7333445234534746	0.8862880336924345
1655496638517	0.7333445234534746	0.8862880336924345
1655496638617	0.7333445234534746	0.8862880336924345
1655496638728	0.7333445234534746	0.8823664052247688
1655496638843	0.7333445234534746	0.8862880336924345
1655496638959	0.7333445234534746	0.8862880336924345
1655496639076	0.7333445234534746	0.8862880336924345
1655496639189	0.7333445234534746	0.8862880336924345
1655496639304	0.7333445234534746	0.8862880336924345
1655496639419	0.7333445234534746	0.8862880336924345
1655496639536	0.7333445234534746	0.8862880336924345
1655496639636	0.7333445234534746	0.8862880336924345
1655496639748	0.7333445234534746	0.901974547563097
1655496639851	0.7333445234534746	0.9215826899014252
1655496639967	0.7333445234534746	0.9215826899014252
1655496640080	0.7333445234534746	0.9215826899014252
1655496640193	0.7333445234534746	0.9215826899014252
1655496640308	0.7333445234534746	0.9255043183690909
1655496640410	0.7333445234534746	0.9294259468367565
1655496640525	0.7333445234534746	0.9372692037720878
1655496640628	0.7333445234534746	0.9372692037720878
1655496640742	0.7333445234534746	0.9372692037720878
1655496640842	0.7333445234534746	0.9372692037720878
1655496640957	0.7333445234534746	0.9372692037720878
1655496641072	0.7333445234534746	0.9372692037720878
1655496641186	0.7333445234534746	0.9372692037720878
1655496641286	0.7333445234534746	0.9372692037720878
1655496641400	0.7333445234534746	0.9372692037720878
1655496641502	0.7451094088564715	0.9372692037720878
1655496641616	0.760795922727134	0.9372692037720878
1655496641730	0.760795922727134	0.9372692037720878
1655496641830	0.760795922727134	0.9372692037720878
1655496641944	0.7647175511947997	0.9372692037720878
1655496642044	0.7647175511947997	0.9372692037720878
1655496642145	0.7647175511947997	0.9372692037720878
1655496642256	0.7647175511947997	0.9372692037720878
1655496642369	0.7647175511947997	0.9372692037720878
1655496642469	0.7647175511947997	0.9372692037720878
1655496642579	0.7686391796624653	0.9372692037720878
1655496642684	0.7804040650654622	0.9372692037720878
1655496642799	0.7843256935331279	0.9372692037720878
1655496642899	0.7882473220007935	0.9372692037720878
1655496643000	0.7921689504684591	0.9372692037720878
1655496643118	0.7960905789361248	0.9372692037720878
1655496643232	0.8196203497421186	0.9372692037720878
1655496643333	0.8706015198217719	0.9372692037720878
1655496643449	0.9058961760307627	0.9372692037720878
1655496643564	0.9764854884487442	0.9372692037720878
1655496643678	0.9921720023194067	0.9529557176427503
1655496643778	1.000015259254738	1.000015259254738
1655496643879	1.000015259254738	1.000015259254738
1655496643980	1.000015259254738	1.000015259254738
1655496644094	1.000015259254738	1.000015259254738
1655496644210	1.000015259254738	1.000015259254738
1655496644313	1.000015259254738	1.000015259254738
1655496644431	1.000015259254738	1.000015259254738
1655496644546	1.000015259254738	1.000015259254738
1655496644658	1.000015259254738	1.000015259254738
1655496644759	1.000015259254738	1.000015259254738
1655496644859	1.000015259254738	1.000015259254738
1655496644959	1.000015259254738	1.000015259254738
1655496645061	1.000015259254738	1.000015259254738
1655496645164	1.000015259254738	1.000015259254738
1655496645275	1.000015259254738	1.000015259254738
1655496645376	1.000015259254738	1.000015259254738
1655496645490	0.9372692037720878	0.9764854884487442
1655496645590	0.5058900723288675	0.5019684438612019
1655496645690	0.5058900723288675	0.5058900723288675
1655496645805	0.5058900723288675	0.5058900723288675
1655496645909	0.5058900723288675	0.5019684438612019
1655496646009	0.5058900723288675	0.5019684438612019
1655496646121	0.5019684438612019	0.5019684438612019
1655496646226	0.4980468153935362	0.5058900723288675
1655496646340	0.48628192999053926	0.5058900723288675
1655496646455	0.478438673055208	0.5137333292641988
1655496646570	0.45490890224921415	0.5254982146671957
1655496646672	0.4313791314432203	0.5254982146671957
1655496646789	0.4117709891048921	0.5254982146671957
1655496646903	0.3764763328959014	0.5254982146671957
1655496647005	0.36863307596057004	0.5254982146671957
1655496647105	0.36863307596057004	0.5254982146671957
1655496647222	0.36863307596057004	0.5254982146671957
1655496647334	0.36863307596057004	0.5254982146671957
1655496647434	0.36863307596057004	0.5254982146671957
1655496647536	0.36863307596057004	0.5254982146671957
1655496647649	0.36863307596057004	0.5294198431348613
1655496647751	0.36863307596057004	0.5294198431348613
1655496647851	0.36863307596057004	0.5294198431348613
1655496647957	0.36863307596057004	0.5294198431348613
1655496648071	0.36863307596057004	0.5294198431348613
1655496648186	0.36863307596057004	0.5294198431348613
1655496648288	0.36863307596057004	0.5294198431348613
1655496648404	0.3764763328959014	0.5294198431348613
1655496648518	0.5019684438612019	0.5294198431348613
1655496648618	0.4980468153935362	0.5294198431348613
1655496648718	0.4980468153935362	0.5294198431348613
1655496648833	0.5294198431348613	0.5294198431348613
1655496648936	0.5372631000701926	0.5294198431348613
1655496649038	0.5451063570055239	0.5294198431348613
1655496649138	0.5960875270851772	0.5294198431348613
1655496649249	0.6117740409558398	0.5294198431348613
1655496649352	0.6117740409558398	0.5294198431348613
1655496649468	0.5882442701498459	0.5294198431348613
1655496649585	0.5882442701498459	0.5294198431348613
1655496649685	0.5882442701498459	0.5294198431348613
1655496649801	0.533341471602527	0.5254982146671957
1655496649916	0.5058900723288675	0.5254982146671957
1655496650017	0.5019684438612019	0.5215765861995301
1655496650117	0.5019684438612019	0.5215765861995301
1655496650236	0.5019684438612019	0.5215765861995301
1655496650351	0.5058900723288675	0.5215765861995301
1655496650466	0.5058900723288675	0.5215765861995301
1655496650568	0.5098117007965332	0.5176549577318644
1655496650686	0.5058900723288675	0.5254982146671957
1655496650803	0.5019684438612019	0.5254982146671957
1655496650917	0.5058900723288675	0.5176549577318644
1655496651020	0.5058900723288675	0.533341471602527
1655496651137	0.5019684438612019	0.5254982146671957
1655496651250	0.5058900723288675	0.478438673055208
1655496651352	0.5058900723288675	0.45490890224921415
1655496651466	0.5058900723288675	0.4509872737815485
1655496651571	0.5058900723288675	0.4509872737815485
1655496651671	0.5058900723288675	0.4509872737815485
1655496651771	0.5058900723288675	0.4509872737815485
1655496651883	0.5058900723288675	0.4509872737815485
1655496651999	0.5058900723288675	0.4509872737815485
1655496652100	0.5058900723288675	0.4509872737815485
1655496652214	0.5058900723288675	0.4509872737815485
1655496652315	0.5058900723288675	0.4509872737815485
1655496652418	0.5058900723288675	0.4509872737815485
1655496652519	0.5058900723288675	0.4470656453138829
1655496652632	0.5058900723288675	0.4470656453138829
1655496652747	0.5058900723288675	0.4470656453138829
1655496652862	0.5058900723288675	0.4470656453138829
1655496652974	0.5058900723288675	0.4470656453138829
1655496653079	0.5058900723288675	0.4470656453138829
1655496653196	0.5058900723288675	0.4470656453138829
1655496653308	0.5058900723288675	0.43530075991088596
1655496653411	0.5058900723288675	0.42353587450788904
1655496653526	0.5058900723288675	0.4196142460402234
1655496653638	0.5058900723288675	0.4196142460402234
1655496653754	0.5058900723288675	0.42353587450788904
1655496653855	0.5058900723288675	0.4196142460402234
1655496653956	0.5058900723288675	0.4117709891048921
1655496654072	0.5058900723288675	0.40392773216956085
1655496654174	0.5058900723288675	0.40392773216956085
1655496654275	0.5058900723288675	0.40392773216956085
1655496654377	0.5058900723288675	0.40392773216956085
1655496654490	0.5058900723288675	0.40392773216956085
1655496654590	0.5058900723288675	0.40392773216956085
1655496654691	0.5058900723288675	0.4000061037018952
1655496654802	0.5058900723288675	0.40392773216956085
1655496654914	0.5058900723288675	0.40392773216956085
1655496655030	0.5058900723288675	0.4000061037018952
1655496655144	0.5058900723288675	0.4000061037018952
1655496655256	0.5058900723288675	0.4000061037018952
1655496655359	0.5058900723288675	0.4000061037018952
1655496655479	0.5058900723288675	0.4000061037018952
1655496655590	0.5058900723288675	0.4000061037018952
1655496655691	0.5058900723288675	0.3882412182988983
1655496655792	0.5058900723288675	0.3647114474929044
1655496655906	0.5058900723288675	0.3451033051545762
1655496656006	0.5058900723288675	0.34902493362224185
1655496656120	0.5058900723288675	0.34902493362224185
1655496656220	0.5058900723288675	0.34902493362224185
1655496656320	0.5058900723288675	0.34902493362224185
1655496656433	0.5058900723288675	0.34902493362224185
1655496656549	0.5058900723288675	0.34902493362224185
1655496656651	0.5058900723288675	0.34902493362224185
1655496656765	0.5058900723288675	0.36863307596057004
1655496656880	0.5058900723288675	0.39608447523422957
1655496656982	0.5058900723288675	0.39608447523422957
1655496657084	0.5058900723288675	0.39608447523422957
1655496657200	0.5058900723288675	0.4000061037018952
1655496657318	0.5058900723288675	0.42353587450788904
1655496657419	0.5058900723288675	0.44314401684621724
1655496657520	0.5058900723288675	0.4705954161198767
1655496657637	0.5058900723288675	0.478438673055208
1655496657752	0.5058900723288675	0.48628192999053926
1655496657853	0.5058900723288675	0.48628192999053926
1655496657969	0.5058900723288675	0.48628192999053926
1655496658072	0.5058900723288675	0.48628192999053926
1655496658186	0.5176549577318644	0.48628192999053926
1655496658303	0.533341471602527	0.48628192999053926
1655496658418	0.5372631000701926	0.48628192999053926
1655496658531	0.5490279854731895	0.4902035584582049
1655496658648	0.5725577562791834	0.48628192999053926
1655496658763	0.6274605548265023	0.48628192999053926
1655496658880	0.6274605548265023	0.48628192999053926
1655496658997	0.6274605548265023	0.48628192999053926
1655496659109	0.6353038117618336	0.4902035584582049
1655496659223	0.7215796380504776	0.48628192999053926
1655496659326	0.7882473220007935	0.48628192999053926
1655496659442	0.7882473220007935	0.48628192999053926
1655496659543	0.7921689504684591	0.48628192999053926
1655496659644	0.7960905789361248	0.48628192999053926
1655496659760	0.7960905789361248	0.48628192999053926
1655496659873	0.8078554643391217	0.4823603015228736
1655496659975	0.815698721274453	0.44314401684621724
1655496660076	0.8196203497421186	0.4078493606372265
1655496660191	0.8196203497421186	0.40392773216956085
1655496660306	0.8196203497421186	0.4000061037018952
1655496660419	0.8196203497421186	0.36078981902523877
1655496660540	0.8313852351451155	0.33726004821924493
1655496660652	0.8313852351451155	0.33726004821924493
1655496660758	0.8313852351451155	0.3333384197515793
1655496660858	0.8313852351451155	0.3333384197515793
1655496660973	0.8313852351451155	0.33726004821924493
1655496661073	0.8313852351451155	0.3333384197515793
1655496661173	0.8313852351451155	0.3333384197515793
1655496661289	0.8353068636127812	0.3333384197515793
1655496661402	0.8313852351451155	0.3333384197515793
1655496661503	0.8313852351451155	0.33726004821924493
1655496661603	0.8313852351451155	0.33726004821924493
1655496661713	0.8313852351451155	0.325495162816248
1655496661827	0.8313852351451155	0.31765190588091674
1655496661929	0.8353068636127812	0.3137302774132511
1655496662044	0.8313852351451155	0.31765190588091674
1655496662158	0.8313852351451155	0.31765190588091674
1655496662271	0.8313852351451155	0.31765190588091674
1655496662372	0.8313852351451155	0.31765190588091674
1655496662472	0.8313852351451155	0.31765190588091674
1655496662574	0.8353068636127812	0.3137302774132511
1655496662688	0.8313852351451155	0.31765190588091674
1655496662800	0.8313852351451155	0.3137302774132511
1655496662901	0.8353068636127812	0.29804376354258855
1655496663018	0.8666798913541063	0.282357249671926
1655496663136	0.8666798913541063	0.2745139927365947
1655496663252	0.8666798913541063	0.27843562120426035
1655496663366	0.8666798913541063	0.27843562120426035
1655496663467	0.8666798913541063	0.27843562120426035
1655496663582	0.8706015198217719	0.2745139927365947
1655496663696	0.8745231482894376	0.2745139927365947
1655496663802	0.8745231482894376	0.2745139927365947
1655496663910	0.8745231482894376	0.2745139927365947
1655496664011	0.8745231482894376	0.2745139927365947
1655496664121	0.8745231482894376	0.2745139927365947
1655496664237	0.8745231482894376	0.2745139927365947
1655496664339	0.8745231482894376	0.26667073580126344
1655496664441	0.8706015198217719	0.2549058503982665
1655496664541	0.8706015198217719	0.26667073580126344
1655496664656	0.858836634418775	0.3411816766869106
1655496664767	0.8196203497421186	0.4902035584582049
1655496664870	0.8196203497421186	0.3411816766869106
1655496664970	0.48628192999053926	0.38431958983123266
1655496665073	0.0	0.48628192999053926
1655496665184	0.0	0.4980468153935362
1655496665286	0.0	0.5137333292641988
1655496665400	0.0	0.5804010132145146
1655496665502	0.0	0.6902066103091525
1655496665617	0.0	0.7294228949858089
1655496665733	0.0	0.7451094088564715
1655496665844	0.0	0.7451094088564715
1655496665958	0.0	0.7451094088564715
1655496666059	0.0	0.7333445234534746
1655496666175	0.0	0.7215796380504776
1655496666276	0.0	0.7215796380504776
1655496666376	0.0	0.717658009582812
1655496666490	0.0	0.717658009582812
1655496666590	0.0	0.717658009582812
1655496666704	0.0	0.717658009582812
1655496666807	0.0	0.717658009582812
1655496666908	0.0	0.717658009582812
1655496667010	0.0	0.717658009582812
1655496667125	0.0	0.717658009582812
1655496667226	0.0	0.717658009582812
1655496667326	0.0	0.717658009582812
1655496667427	0.0	0.717658009582812
1655496667541	0.0	0.717658009582812
1655496667643	0.0	0.717658009582812
1655496667758	0.0	0.717658009582812
1655496667872	0.0	0.717658009582812
1655496667973	0.0	0.717658009582812
1655496668075	0.0	0.717658009582812
1655496668188	0.0	0.717658009582812
1655496668290	0.0	0.7215796380504776
1655496668406	0.0	0.7215796380504776
1655496668507	0.0	0.717658009582812
1655496668607	0.0	0.717658009582812
1655496668719	0.0	0.717658009582812
1655496668821	0.0	0.717658009582812
1655496668937	0.05882442701498458	0.7215796380504776
1655496669038	0.12549211096530044	0.717658009582812
1655496669154	0.12549211096530044	0.717658009582812
1655496669272	0.12941373943296608	0.717658009582812
1655496669382	0.13725699636829736	0.717658009582812
1655496669485	0.13725699636829736	0.717658009582812
1655496669585	0.16863002410962247	0.717658009582812
1655496669685	0.18431653798028502	0.717658009582812
1655496669800	0.1921597949156163	0.717658009582812
1655496669910	0.20392468031861322	0.717658009582812
1655496670015	0.20784630878627885	0.717658009582812
1655496670127	0.20784630878627885	0.717658009582812
1655496670232	0.2117679372539445	0.717658009582812
1655496670347	0.26667073580126344	0.717658009582812
1655496670449	0.3529465620899075	0.717658009582812
1655496670564	0.4980468153935362	0.717658009582812
1655496670664	0.5882442701498459	0.7137363811151464
1655496670778	0.7098147526474807	0.7098147526474807
1655496670883	0.7568742942594684	0.7019714957121495
1655496670997	0.8000122074037904	0.6902066103091525
1655496671101	0.8117770928067873	0.6862849818414869
1655496671216	0.8117770928067873	0.6862849818414869
1655496671333	0.8117770928067873	0.6902066103091525
1655496671448	0.8117770928067873	0.6902066103091525
1655496671549	0.815698721274453	0.6902066103091525
1655496671664	0.815698721274453	0.6862849818414869
1655496671779	0.815698721274453	0.67452009643849
1655496671882	0.815698721274453	0.6509903256324961
1655496671997	0.815698721274453	0.5921658986175116
1655496672099	0.8196203497421186	0.4902035584582049
1655496672211	0.8235419782097843	0.478438673055208
1655496672314	0.8235419782097843	0.46275215918454543
1655496672429	0.8196203497421186	0.45490890224921415
1655496672529	0.8235419782097843	0.4588305307168798
1655496672647	0.8196203497421186	0.478438673055208
1655496672763	0.8235419782097843	0.4823603015228736
1655496672865	0.8235419782097843	0.4823603015228736
1655496672979	0.815698721274453	0.49412518692587054
1655496673083	0.815698721274453	0.5098117007965332
1655496673185	0.8000122074037904	0.5294198431348613
1655496673296	0.772560808130131	0.5686361278115177
1655496673410	0.7529526657918028	0.5607928708761865
1655496673514	0.6627552110354931	0.5568712424085208
1655496673628	0.5058900723288675	0.5568712424085208
1655496673744	0.46275215918454543	0.5568712424085208
1655496673859	0.4196142460402234	0.5568712424085208
1655496673976	0.41569261757255777	0.5568712424085208
1655496674078	0.41569261757255777	0.5568712424085208
1655496674192	0.41569261757255777	0.5568712424085208
1655496674306	0.40392773216956085	0.5568712424085208
1655496674408	0.38431958983123266	0.5568712424085208
1655496674523	0.380397961363567	0.5607928708761865
1655496674625	0.380397961363567	0.5568712424085208
1655496674741	0.380397961363567	0.5568712424085208
1655496674853	0.380397961363567	0.5568712424085208
1655496674968	0.3764763328959014	0.5568712424085208
1655496675069	0.36078981902523877	0.5568712424085208
1655496675171	0.3529465620899075	0.5568712424085208
1655496675282	0.3411816766869106	0.5568712424085208
1655496675382	0.3411816766869106	0.5568712424085208
1655496675483	0.3411816766869106	0.5568712424085208
1655496675601	0.3411816766869106	0.5568712424085208
1655496675704	0.3411816766869106	0.5568712424085208
1655496675819	0.3451033051545762	0.5568712424085208
1655496675920	0.3451033051545762	0.5254982146671957
1655496676035	0.36078981902523877	0.5058900723288675
1655496676135	0.36078981902523877	0.49412518692587054
1655496676248	0.35686819055757313	0.4980468153935362
1655496676361	0.35686819055757313	0.5294198431348613
1655496676474	0.35686819055757313	0.5568712424085208
1655496676575	0.35686819055757313	0.5568712424085208
1655496676689	0.35686819055757313	0.5568712424085208
1655496676789	0.35686819055757313	0.5568712424085208
1655496676891	0.35686819055757313	0.576479384746849
1655496677005	0.3529465620899075	0.5804010132145146
1655496677105	0.3529465620899075	0.5804010132145146
1655496677208	0.3529465620899075	0.5804010132145146
1655496677323	0.3529465620899075	0.5804010132145146
1655496677437	0.3529465620899075	0.5804010132145146
1655496677539	0.3529465620899075	0.5804010132145146
1655496677652	0.3529465620899075	0.5804010132145146
1655496677753	0.3529465620899075	0.5804010132145146
1655496677871	0.3529465620899075	0.5804010132145146
1655496677985	0.3529465620899075	0.5960875270851772
1655496678086	0.3529465620899075	0.6000091555528428
1655496678187	0.3529465620899075	0.6000091555528428
1655496678301	0.3529465620899075	0.6000091555528428
1655496678401	0.3529465620899075	0.6039307840205085
1655496678502	0.3529465620899075	0.6000091555528428
1655496678604	0.3529465620899075	0.6039307840205085
1655496678704	0.3529465620899075	0.6039307840205085
1655496678805	0.3529465620899075	0.6039307840205085
1655496678918	0.3529465620899075	0.6039307840205085
1655496679022	0.3529465620899075	0.6039307840205085
1655496679135	0.3529465620899075	0.6039307840205085
1655496679236	0.3529465620899075	0.6039307840205085
1655496679336	0.3529465620899075	0.6039307840205085
1655496679451	0.3529465620899075	0.6039307840205085
1655496679562	0.35686819055757313	0.6039307840205085
1655496679662	0.35686819055757313	0.6039307840205085
1655496679765	0.35686819055757313	0.6039307840205085
1655496679879	0.35686819055757313	0.6039307840205085
1655496679982	0.35686819055757313	0.6039307840205085
1655496680085	0.3647114474929044	0.6039307840205085
1655496680202	0.3725547044282357	0.6039307840205085
1655496680318	0.40392773216956085	0.6039307840205085
1655496680421	0.40392773216956085	0.6039307840205085
1655496680521	0.45490890224921415	0.6000091555528428
1655496680638	0.4823603015228736	0.6000091555528428
1655496680752	0.4823603015228736	0.5960875270851772
1655496680852	0.478438673055208	0.5960875270851772
1655496680952	0.48628192999053926	0.5960875270851772
1655496681065	0.5019684438612019	0.5921658986175116
1655496681166	0.5019684438612019	0.5882442701498459
1655496681282	0.5098117007965332	0.5882442701498459
1655496681384	0.5098117007965332	0.5843226416821803
1655496681499	0.5098117007965332	0.5843226416821803
1655496681600	0.5098117007965332	0.5804010132145146
1655496681714	0.5137333292641988	0.5843226416821803
1655496681814	0.5254982146671957	0.5843226416821803
1655496681931	0.576479384746849	0.5843226416821803
1655496682032	0.6274605548265023	0.5804010132145146
1655496682143	0.6274605548265023	0.5804010132145146
1655496682246	0.6353038117618336	0.5804010132145146
1655496682350	0.6470686971648305	0.5804010132145146
1655496682465	0.6549119541001618	0.5804010132145146
1655496682569	0.6549119541001618	0.5804010132145146
1655496682683	0.6549119541001618	0.5804010132145146
1655496682783	0.6549119541001618	0.5804010132145146
1655496682885	0.6549119541001618	0.5804010132145146
1655496682985	0.6549119541001618	0.5804010132145146
1655496683098	0.6549119541001618	0.5804010132145146
1655496683201	0.6549119541001618	0.5804010132145146
1655496683302	0.6549119541001618	0.5804010132145146
1655496683404	0.6549119541001618	0.5804010132145146
1655496683507	0.6549119541001618	0.5804010132145146
1655496683619	0.6549119541001618	0.5804010132145146
1655496683720	0.6549119541001618	0.5804010132145146
1655496683821	0.6549119541001618	0.576479384746849
1655496683936	0.6549119541001618	0.5725577562791834
1655496684036	0.6549119541001618	0.5725577562791834
1655496684152	0.6549119541001618	0.5725577562791834
1655496684270	0.6549119541001618	0.5686361278115177
1655496684387	0.6549119541001618	0.5686361278115177
1655496684501	0.6549119541001618	0.5647144993438521
1655496684601	0.6549119541001618	0.5647144993438521
1655496684703	0.6549119541001618	0.5647144993438521
1655496684819	0.6549119541001618	0.5647144993438521
1655496684920	0.6549119541001618	0.5647144993438521
1655496685034	0.6549119541001618	0.5647144993438521
1655496685149	0.6549119541001618	0.5647144993438521
1655496685253	0.6549119541001618	0.5647144993438521
1655496685368	0.6549119541001618	0.5647144993438521
1655496685470	0.6549119541001618	0.5647144993438521
1655496685585	0.6549119541001618	0.5647144993438521
1655496685701	0.6549119541001618	0.5647144993438521
1655496685818	0.6549119541001618	0.5647144993438521
1655496685918	0.6549119541001618	0.5607928708761865
1655496686020	0.6549119541001618	0.5647144993438521
1655496686133	0.6549119541001618	0.5647144993438521
1655496686249	0.6549119541001618	0.5647144993438521
1655496686350	0.6549119541001618	0.5607928708761865
1655496686452	0.6549119541001618	0.5607928708761865
1655496686553	0.6549119541001618	0.5607928708761865
1655496686670	0.6549119541001618	0.5607928708761865
1655496686770	0.6549119541001618	0.5607928708761865
1655496686870	0.6549119541001618	0.5607928708761865
1655496686984	0.4902035584582049	0.5568712424085208
1655496687084	0.4078493606372265	0.5451063570055239
1655496687184	0.34902493362224185	0.5451063570055239
1655496687296	0.3411816766869106	0.5451063570055239
1655496687398	0.3411816766869106	0.5451063570055239
1655496687512	0.3411816766869106	0.5451063570055239
1655496687616	0.3411816766869106	0.5451063570055239
1655496687732	0.30980864894558546	0.5451063570055239
1655496687846	0.26667073580126344	0.5451063570055239
1655496687961	0.21961119418927577	0.5451063570055239
1655496688062	0.20000305185094758	0.5451063570055239
1655496688164	0.19608142338328194	0.5451063570055239
1655496688266	0.19608142338328194	0.5451063570055239
1655496688367	0.1921597949156163	0.5254982146671957
1655496688469	0.1921597949156163	0.5215765861995301
1655496688586	0.1921597949156163	0.5137333292641988
1655496688699	0.1529435102389599	0.5568712424085208
1655496688800	0.1529435102389599	0.5882442701498459
1655496688914	0.15686513870662555	0.5960875270851772
1655496689016	0.1607867671742912	0.6117740409558398
1655496689131	0.1607867671742912	0.6274605548265023
1655496689245	0.1607867671742912	0.6431470686971649
1655496689361	0.16470839564195683	0.6431470686971649
1655496689466	0.16863002410962247	0.6431470686971649
1655496689580	0.1725516525772881	0.6431470686971649
1655496689696	0.17647328104495374	0.6509903256324961
1655496689811	0.18039490951261938	0.6549119541001618
1655496689912	0.18431653798028502	0.6549119541001618
1655496690031	0.20000305185094758	0.6549119541001618
1655496690145	0.20392468031861322	0.6549119541001618
1655496690248	0.20392468031861322	0.6549119541001618
1655496690358	0.20392468031861322	0.6549119541001618
1655496690473	0.21568956572161013	0.6549119541001618
1655496690573	0.2235328226569414	0.67452009643849
1655496690687	0.22745445112460705	0.67452009643849
1655496690790	0.22745445112460705	0.67452009643849
1655496690905	0.22745445112460705	0.67452009643849
1655496691005	0.22745445112460705	0.67452009643849
1655496691106	0.22745445112460705	0.67452009643849
1655496691222	0.2313760795922727	0.67452009643849
1655496691322	0.2431409649952696	0.67452009643849
1655496691423	0.24706259346293524	0.67452009643849
1655496691537	0.29804376354258855	0.67452009643849
1655496691651	0.3411816766869106	0.67452009643849
1655496691754	0.3411816766869106	0.67452009643849
1655496691854	0.3411816766869106	0.67452009643849
1655496691956	0.35686819055757313	0.67452009643849
1655496692069	0.4509872737815485	0.6705984679708243
1655496692170	0.45490890224921415	0.67452009643849
1655496692283	0.45490890224921415	0.67452009643849
1655496692384	0.4588305307168798	0.67452009643849
1655496692485	0.46667378765221107	0.67452009643849
1655496692586	0.4823603015228736	0.67452009643849
1655496692702	0.4823603015228736	0.67452009643849
1655496692817	0.4823603015228736	0.6705984679708243
1655496692935	0.4980468153935362	0.6705984679708243
1655496693048	0.4980468153935362	0.6705984679708243
1655496693168	0.5098117007965332	0.6705984679708243
1655496693279	0.5176549577318644	0.6666768395031587
1655496693396	0.5176549577318644	0.6666768395031587
1655496693509	0.5176549577318644	0.6666768395031587
1655496693610	0.5176549577318644	0.6666768395031587
1655496693710	0.5176549577318644	0.6666768395031587
1655496693814	0.5176549577318644	0.6627552110354931
1655496693926	0.5176549577318644	0.6627552110354931
1655496694040	0.5254982146671957	0.6627552110354931
1655496694140	0.5254982146671957	0.6627552110354931
1655496694243	0.5647144993438521	0.6588335825678274
1655496694354	0.6039307840205085	0.6588335825678274
1655496694469	0.6078524124881741	0.6588335825678274
1655496694583	0.6156956694235054	0.6588335825678274
1655496694697	0.6274605548265023	0.6588335825678274
1655496694800	0.6274605548265023	0.6549119541001618
1655496694913	0.6274605548265023	0.6588335825678274
1655496695017	0.6274605548265023	0.6588335825678274
1655496695118	0.6274605548265023	0.6588335825678274
1655496695221	0.6392254402294992	0.6588335825678274
1655496695333	0.6509903256324961	0.6588335825678274
1655496695434	0.6627552110354931	0.6549119541001618
1655496695534	0.6784417249061556	0.6549119541001618
1655496695635	0.6784417249061556	0.6549119541001618
1655496695736	0.6784417249061556	0.6549119541001618
1655496695850	0.6902066103091525	0.6470686971648305
1655496695966	0.6902066103091525	0.6470686971648305
1655496696079	0.6902066103091525	0.6470686971648305
1655496696192	0.6902066103091525	0.6470686971648305
1655496696293	0.6902066103091525	0.6470686971648305
1655496696393	0.6902066103091525	0.6470686971648305
1655496696495	0.6902066103091525	0.6470686971648305
1655496696607	0.6902066103091525	0.6470686971648305
1655496696709	0.6902066103091525	0.6470686971648305
1655496696810	0.6902066103091525	0.6431470686971649
1655496696923	0.6902066103091525	0.6431470686971649
1655496697038	0.6902066103091525	0.6392254402294992
1655496697153	0.7215796380504776	0.6392254402294992
1655496697256	0.7215796380504776	0.6353038117618336
1655496697356	0.7215796380504776	0.6353038117618336
1655496697468	0.7215796380504776	0.6353038117618336
1655496697571	0.7215796380504776	0.631382183294168
1655496697683	0.7215796380504776	0.631382183294168
1655496697797	0.7215796380504776	0.631382183294168
1655496697897	0.7215796380504776	0.631382183294168
1655496698012	0.7215796380504776	0.631382183294168
1655496698122	0.7215796380504776	0.631382183294168
1655496698225	0.7215796380504776	0.631382183294168
1655496698326	0.7215796380504776	0.631382183294168
1655496698426	0.7215796380504776	0.631382183294168
1655496698540	0.7137363811151464	0.6235389263588367
1655496698656	0.7137363811151464	0.5882442701498459
1655496698770	0.6431470686971649	0.5882442701498459
1655496698874	0.5098117007965332	0.6039307840205085
1655496698974	0.4902035584582049	0.6156956694235054
1655496699089	0.39608447523422957	0.619617297891171
1655496699208	0.38431958983123266	0.619617297891171
1655496699308	0.380397961363567	0.619617297891171
1655496699409	0.282357249671926	0.619617297891171
1655496699522	0.2627491073335978	0.6235389263588367
1655496699624	0.25882747886593216	0.6235389263588367
1655496699724	0.2549058503982665	0.6235389263588367
1655496699841	0.2431409649952696	0.619617297891171
1655496699958	0.21961119418927577	0.619617297891171
1655496700059	0.21568956572161013	0.619617297891171
1655496700161	0.19608142338328194	0.619617297891171
1655496700261	0.19608142338328194	0.6235389263588367
1655496700363	0.19608142338328194	0.6235389263588367
1655496700477	0.19608142338328194	0.619617297891171
1655496700580	0.19608142338328194	0.619617297891171
1655496700696	0.19608142338328194	0.6235389263588367
1655496700809	0.19608142338328194	0.6235389263588367
1655496700909	0.20000305185094758	0.6235389263588367
1655496701024	0.20392468031861322	0.619617297891171
1655496701139	0.20784630878627885	0.619617297891171
1655496701253	0.20784630878627885	0.619617297891171
1655496701369	0.20784630878627885	0.6235389263588367
1655496701486	0.20784630878627885	0.6235389263588367
1655496701586	0.2117679372539445	0.6235389263588367
1655496701687	0.2117679372539445	0.619617297891171
1655496701803	0.2117679372539445	0.619617297891171
1655496701917	0.2117679372539445	0.6235389263588367
1655496702018	0.2117679372539445	0.6235389263588367
1655496702130	0.2117679372539445	0.6235389263588367
1655496702232	0.2117679372539445	0.6235389263588367
1655496702347	0.21568956572161013	0.619617297891171
1655496702449	0.21568956572161013	0.619617297891171
1655496702549	0.5098117007965332	0.6156956694235054
1655496702664	0.717658009582812	0.5882442701498459
1655496702780	0.7804040650654622	0.5882442701498459
1655496702880	0.7804040650654622	0.5843226416821803
1655496702980	0.7804040650654622	0.5843226416821803
1655496703081	0.7804040650654622	0.5843226416821803
1655496703196	0.7764824365977966	0.5843226416821803
1655496703309	0.7764824365977966	0.5843226416821803
1655496703409	0.7764824365977966	0.5843226416821803
1655496703510	0.7764824365977966	0.5843226416821803
1655496703626	0.7764824365977966	0.5843226416821803
1655496703726	0.7764824365977966	0.5843226416821803
1655496703827	0.7764824365977966	0.5843226416821803
1655496703928	0.7764824365977966	0.5843226416821803
1655496704029	0.7764824365977966	0.5843226416821803
1655496704130	0.7764824365977966	0.5804010132145146
1655496704243	0.7804040650654622	0.5804010132145146
1655496704343	0.7764824365977966	0.5804010132145146
1655496704444	0.7804040650654622	0.5804010132145146
1655496704546	0.7882473220007935	0.5804010132145146
1655496704646	0.7921689504684591	0.5804010132145146
1655496704762	0.7960905789361248	0.5804010132145146
1655496704862	0.7960905789361248	0.576479384746849
1655496704963	0.7960905789361248	0.576479384746849
1655496705063	0.8000122074037904	0.576479384746849
1655496705164	0.8000122074037904	0.5804010132145146
1655496705280	0.8000122074037904	0.576479384746849
1655496705381	0.8000122074037904	0.576479384746849
1655496705481	0.8117770928067873	0.5725577562791834
1655496705583	0.8470717490157781	0.5607928708761865
1655496705697	0.8784447767571032	0.5529496139408552
1655496705797	0.8784447767571032	0.5529496139408552
1655496705913	0.9058961760307627	0.5490279854731895
1655496706013	0.913739432966094	0.5843226416821803
1655496706114	1.000015259254738	0.7255012665181433
1655496706214	1.000015259254738	0.8078554643391217
1655496706325	1.000015259254738	0.858836634418775
1655496706443	1.000015259254738	0.8823664052247688
1655496706557	1.000015259254738	0.901974547563097
1655496706662	1.000015259254738	0.8980529190954314
1655496706772	1.000015259254738	0.8980529190954314
1655496706885	1.000015259254738	0.8980529190954314
1655496706988	1.000015259254738	0.901974547563097
1655496707103	1.000015259254738	0.8980529190954314
1655496707205	1.000015259254738	0.8980529190954314
1655496707318	1.000015259254738	0.8980529190954314
1655496707421	1.000015259254738	0.901974547563097
1655496707534	1.000015259254738	0.8980529190954314
1655496707648	0.5058900723288675	0.5098117007965332
1655496707749	0.5058900723288675	0.5098117007965332
1655496707852	0.5058900723288675	0.5098117007965332
1655496707968	0.5058900723288675	0.5098117007965332
1655496708068	0.4705954161198767	0.5098117007965332
1655496708169	0.4588305307168798	0.5098117007965332
1655496708283	0.40392773216956085	0.5098117007965332
1655496708396	0.3764763328959014	0.5058900723288675
1655496708500	0.3725547044282357	0.5058900723288675
1655496708616	0.3725547044282357	0.5058900723288675
1655496708727	0.3764763328959014	0.5098117007965332
1655496708835	0.380397961363567	0.5098117007965332
1655496708949	0.380397961363567	0.5098117007965332
1655496709061	0.380397961363567	0.5098117007965332
1655496709162	0.380397961363567	0.5098117007965332
1655496709281	0.380397961363567	0.5098117007965332
1655496709392	0.380397961363567	0.5098117007965332
1655496709499	0.380397961363567	0.5176549577318644
1655496709613	0.38431958983123266	0.5686361278115177
1655496709715	0.4117709891048921	0.5686361278115177
1655496709830	0.5960875270851772	0.5686361278115177
1655496709946	0.7294228949858089	0.5686361278115177
1655496710047	0.8392284920804468	0.5725577562791834
1655496710163	0.8392284920804468	0.5686361278115177
1655496710263	0.8392284920804468	0.5686361278115177
1655496710364	0.8392284920804468	0.5686361278115177
1655496710467	0.8392284920804468	0.5686361278115177
1655496710578	0.8470717490157781	0.5647144993438521
1655496710680	0.8627582628864406	0.5451063570055239
1655496710795	0.8627582628864406	0.5058900723288675
1655496710899	0.8823664052247688	0.4902035584582049
1655496711000	0.8941312906277658	0.46275215918454543
1655496711100	0.8902096621601001	0.4588305307168798
1655496711201	0.8941312906277658	0.45490890224921415
1655496711317	0.8980529190954314	0.4470656453138829
1655496711435	0.8980529190954314	0.44314401684621724
1655496711549	0.8980529190954314	0.44314401684621724
1655496711649	0.901974547563097	0.4470656453138829
1655496711751	0.901974547563097	0.4470656453138829
1655496711866	0.9058961760307627	0.43530075991088596
1655496711966	0.9058961760307627	0.4117709891048921
1655496712067	0.9058961760307627	0.4117709891048921
1655496712177	0.9098178044984283	0.4117709891048921
1655496712278	0.9098178044984283	0.42353587450788904
1655496712394	0.9255043183690909	0.43530075991088596
1655496712511	0.9255043183690909	0.44314401684621724
1655496712626	0.9255043183690909	0.44314401684621724
1655496712747	0.9255043183690909	0.4470656453138829
1655496712859	0.9255043183690909	0.4470656453138829
1655496712975	0.9255043183690909	0.4509872737815485
1655496713076	0.9215826899014252	0.4509872737815485
1655496713177	0.9215826899014252	0.4509872737815485
1655496713292	0.9255043183690909	0.4509872737815485
1655496713407	0.9255043183690909	0.4509872737815485
1655496713520	0.9215826899014252	0.4509872737815485
1655496713621	0.9215826899014252	0.4509872737815485
1655496713721	0.9215826899014252	0.4509872737815485
1655496713823	0.9255043183690909	0.4509872737815485
1655496713937	0.9255043183690909	0.4509872737815485
1655496714039	0.9255043183690909	0.4509872737815485
1655496714144	0.9255043183690909	0.4509872737815485
1655496714245	0.9215826899014252	0.4509872737815485
1655496714359	0.9058961760307627	0.46275215918454543
1655496714472	0.8862880336924345	0.46275215918454543
1655496714572	0.8549150059511094	0.46667378765221107
1655496714672	0.7647175511947997	0.478438673055208
1655496714776	0.619617297891171	0.49412518692587054
1655496714887	0.619617297891171	0.49412518692587054
1655496715004	0.619617297891171	0.4902035584582049
1655496715105	0.6274605548265023	0.48628192999053926
1655496715205	0.6392254402294992	0.4823603015228736
1655496715320	0.6353038117618336	0.4823603015228736
1655496715424	0.631382183294168	0.4823603015228736
1655496715538	0.631382183294168	0.4823603015228736
1655496715651	0.631382183294168	0.4823603015228736
1655496715752	0.631382183294168	0.4823603015228736
1655496715864	0.6392254402294992	0.478438673055208
1655496715965	0.6549119541001618	0.478438673055208
1655496716081	0.6627552110354931	0.478438673055208
1655496716195	0.6705984679708243	0.478438673055208
1655496716309	0.6784417249061556	0.47451704458754235
1655496716410	0.6823633533738213	0.47451704458754235
1655496716512	0.6941282387768182	0.47451704458754235
1655496716627	0.6941282387768182	0.478438673055208
1655496716744	0.6941282387768182	0.5137333292641988
1655496716859	0.6902066103091525	0.6117740409558398
1655496716972	0.6941282387768182	0.6941282387768182
1655496717073	0.6941282387768182	0.6980498672444838
1655496717186	0.6902066103091525	0.6470686971648305
1655496717288	0.6902066103091525	0.5725577562791834
1655496717390	0.6902066103091525	0.576479384746849
1655496717506	0.6902066103091525	0.5882442701498459
1655496717606	0.6941282387768182	0.5882442701498459
1655496717719	0.6941282387768182	0.5411847285378583
1655496717837	0.6941282387768182	0.48628192999053926
1655496717950	0.6941282387768182	0.478438673055208
1655496718052	0.6941282387768182	0.478438673055208
1655496718164	0.6941282387768182	0.478438673055208
1655496718269	0.6941282387768182	0.478438673055208
1655496718384	0.6941282387768182	0.47451704458754235
1655496718500	0.7411877803888058	0.47451704458754235
1655496718617	0.7764824365977966	0.47451704458754235
1655496718730	0.7921689504684591	0.47451704458754235
1655496718830	0.7764824365977966	0.4588305307168798
1655496718942	0.7882473220007935	0.3882412182988983
1655496719042	0.7764824365977966	0.49412518692587054
1655496719142	0.772560808130131	0.4980468153935362
1655496719243	0.7764824365977966	0.38431958983123266
1655496719356	0.7764824365977966	0.33726004821924493
1655496719457	0.7764824365977966	0.36863307596057004
1655496719559	0.7764824365977966	0.3725547044282357
1655496719673	0.7764824365977966	0.3725547044282357
1655496719774	0.7764824365977966	0.3764763328959014
1655496719891	0.7843256935331279	0.3725547044282357
1655496719992	0.7843256935331279	0.3725547044282357
1655496720092	0.7843256935331279	0.3725547044282357
1655496720193	0.7843256935331279	0.3764763328959014
1655496720293	0.7843256935331279	0.3725547044282357
1655496720411	0.7843256935331279	0.3725547044282357
1655496720524	0.7843256935331279	0.3725547044282357
1655496720639	0.7843256935331279	0.3725547044282357
1655496720739	0.7843256935331279	0.3725547044282357
1655496720855	0.7843256935331279	0.3725547044282357
1655496720956	0.7843256935331279	0.3725547044282357
1655496721056	0.7843256935331279	0.3725547044282357
1655496721160	0.7843256935331279	0.3725547044282357
1655496721275	0.7843256935331279	0.3725547044282357
1655496721391	0.7843256935331279	0.3725547044282357
1655496721494	0.7843256935331279	0.3725547044282357
1655496721594	0.7843256935331279	0.3725547044282357
1655496721708	0.7804040650654622	0.3725547044282357
1655496721822	0.7804040650654622	0.3725547044282357
1655496721924	0.7843256935331279	0.3725547044282357
1655496722024	0.7843256935331279	0.3725547044282357
1655496722140	0.7804040650654622	0.3725547044282357
1655496722240	0.7843256935331279	0.3725547044282357
1655496722340	0.7843256935331279	0.3725547044282357
1655496722440	0.7843256935331279	0.3725547044282357
1655496722542	0.7843256935331279	0.3725547044282357
1655496722643	0.7843256935331279	0.3725547044282357
1655496722756	0.7804040650654622	0.3725547044282357
1655496722857	0.7804040650654622	0.3725547044282357
1655496722973	0.7804040650654622	0.3725547044282357
1655496723073	0.7843256935331279	0.3725547044282357
1655496723188	0.760795922727134	0.3725547044282357
1655496723289	0.7058931241798151	0.39216284676656393
1655496723405	0.5921658986175116	0.4392223883785516
1655496723522	0.533341471602527	0.46667378765221107
1655496723638	0.5058900723288675	0.4823603015228736
1655496723739	0.5058900723288675	0.4823603015228736
1655496723851	0.4980468153935362	0.48628192999053926
1655496723953	0.48628192999053926	0.49412518692587054
1655496724068	0.48628192999053926	0.4980468153935362
1655496724169	0.4902035584582049	0.5019684438612019
1655496724269	0.4902035584582049	0.5019684438612019
1655496724382	0.5215765861995301	0.5019684438612019
1655496724496	0.6078524124881741	0.5019684438612019
1655496724598	0.6353038117618336	0.5019684438612019
1655496724714	0.6627552110354931	0.5019684438612019
1655496724828	0.67452009643849	0.5019684438612019
1655496724928	0.6902066103091525	0.5019684438612019
1655496725042	0.6980498672444838	0.4980468153935362
1655496725150	0.7058931241798151	0.5019684438612019
1655496725253	0.7058931241798151	0.5019684438612019
1655496725369	0.7058931241798151	0.4980468153935362
1655496725470	0.7058931241798151	0.4980468153935362
1655496725571	0.7058931241798151	0.4980468153935362
1655496725684	0.7058931241798151	0.4980468153935362
1655496725785	0.7058931241798151	0.4980468153935362
1655496725898	0.7058931241798151	0.4980468153935362
1655496726000	0.7058931241798151	0.4980468153935362
1655496726102	0.7058931241798151	0.49412518692587054
1655496726216	0.7058931241798151	0.4902035584582049
1655496726331	0.7058931241798151	0.49412518692587054
1655496726445	0.7098147526474807	0.49412518692587054
1655496726546	0.7098147526474807	0.4902035584582049
1655496726661	0.7098147526474807	0.4902035584582049
1655496726777	0.67452009643849	0.48628192999053926
1655496726890	0.6705984679708243	0.478438673055208
1655496727003	0.7019714957121495	0.4980468153935362
1655496727105	0.7568742942594684	0.5098117007965332
1655496727218	0.8039338358714561	0.5058900723288675
1655496727318	0.8039338358714561	0.5098117007965332
1655496727434	0.8000122074037904	0.5058900723288675
1655496727547	0.772560808130131	0.5176549577318644
1655496727665	0.7411877803888058	0.5254982146671957
1655496727780	0.7255012665181433	0.5490279854731895
1655496727891	0.7255012665181433	0.619617297891171
1655496727992	0.7294228949858089	0.619617297891171
1655496728092	0.7333445234534746	0.6078524124881741
1655496728206	0.7333445234534746	0.6078524124881741
1655496728308	0.7333445234534746	0.6039307840205085
1655496728424	0.7333445234534746	0.6078524124881741
1655496728538	0.7411877803888058	0.6078524124881741
1655496728638	0.7372661519211402	0.6000091555528428
1655496728739	0.7372661519211402	0.5294198431348613
1655496728853	0.7411877803888058	0.5058900723288675
1655496728969	0.7411877803888058	0.49412518692587054
1655496729083	0.7451094088564715	0.4902035584582049
1655496729200	0.7451094088564715	0.4823603015228736
1655496729315	0.7451094088564715	0.478438673055208
1655496729430	0.7411877803888058	0.47451704458754235
1655496729531	0.7411877803888058	0.478438673055208
1655496729634	0.7451094088564715	0.47451704458754235
1655496729749	0.772560808130131	0.47451704458754235
1655496729851	0.772560808130131	0.47451704458754235
1655496729951	0.7490310373241371	0.4823603015228736
1655496730051	0.4588305307168798	0.49412518692587054
1655496730166	0.4274575029755547	0.49412518692587054
1655496730278	0.41569261757255777	0.49412518692587054
1655496730380	0.4000061037018952	0.49412518692587054
1655496730483	0.3882412182988983	0.4902035584582049
1655496730597	0.3882412182988983	0.49412518692587054
1655496730697	0.39608447523422957	0.49412518692587054
1655496730800	0.40392773216956085	0.49412518692587054
1655496730900	0.40392773216956085	0.49412518692587054
1655496731015	0.40392773216956085	0.49412518692587054
1655496731116	0.40392773216956085	0.4902035584582049
1655496731229	0.40392773216956085	0.49412518692587054
1655496731330	0.40392773216956085	0.49412518692587054
1655496731431	0.46275215918454543	0.49412518692587054
1655496731531	0.5137333292641988	0.4902035584582049
1655496731643	0.5882442701498459	0.48628192999053926
1655496731759	0.6117740409558398	0.47451704458754235
1655496731872	0.43530075991088596	0.4902035584582049
1655496731974	0.26667073580126344	0.4980468153935362
1655496732074	0.21961119418927577	0.4980468153935362
1655496732175	0.20392468031861322	0.4980468153935362
1655496732288	0.1529435102389599	0.4980468153935362
1655496732407	0.141178624835963	0.4980468153935362
1655496732523	0.11764885402996916	0.5019684438612019
1655496732637	0.1215704824976348	0.5019684438612019
1655496732753	0.1215704824976348	0.4980468153935362
1655496732867	0.1215704824976348	0.4980468153935362
1655496732983	0.1215704824976348	0.5019684438612019
1655496733083	0.11764885402996916	0.5176549577318644
1655496733183	0.11372722556230352	0.6039307840205085
1655496733284	0.10980559709463789	0.6117740409558398
1655496733386	0.10980559709463789	0.6117740409558398
1655496733501	0.10980559709463789	0.6039307840205085
1655496733616	0.10980559709463789	0.5725577562791834
1655496733731	0.10980559709463789	0.5804010132145146
1655496733831	0.10196234015930661	0.6431470686971649
1655496733933	0.09804071169164097	0.6784417249061556
1655496734047	0.09804071169164097	0.6862849818414869
1655496734148	0.09411908322397533	0.6862849818414869
1655496734248	0.09411908322397533	0.6902066103091525
1655496734348	0.09804071169164097	0.6862849818414869
1655496734448	0.09411908322397533	0.6902066103091525
1655496734548	0.09411908322397533	0.6902066103091525
1655496734650	0.09411908322397533	0.6862849818414869
1655496734762	0.09804071169164097	0.6862849818414869
1655496734879	0.11764885402996916	0.6902066103091525
1655496734995	0.11764885402996916	0.6902066103091525
1655496735095	0.11764885402996916	0.6902066103091525
1655496735210	0.11764885402996916	0.6862849818414869
1655496735311	0.11764885402996916	0.6862849818414869
1655496735411	0.11372722556230352	0.6902066103091525
1655496735511	0.11764885402996916	0.6862849818414869
1655496735626	0.11372722556230352	0.6902066103091525
1655496735742	0.11372722556230352	0.6902066103091525
1655496735856	0.11372722556230352	0.6862849818414869
1655496735970	0.11764885402996916	0.6902066103091525
1655496736084	0.11764885402996916	0.6902066103091525
1655496736185	0.141178624835963	0.6902066103091525
1655496736296	0.14902188177129427	0.6902066103091525
1655496736397	0.14902188177129427	0.6862849818414869
1655496736498	0.141178624835963	0.6862849818414869
1655496736614	0.13725699636829736	0.6862849818414869
1655496736714	0.13333536790063172	0.6862849818414869
1655496736832	0.13333536790063172	0.6902066103091525
1655496736948	0.13333536790063172	0.6862849818414869
1655496737062	0.12549211096530044	0.6862849818414869
1655496737164	0.10588396862697225	0.6862849818414869
1655496737264	0.10588396862697225	0.6862849818414869
1655496737380	0.10980559709463789	0.6862849818414869
1655496737480	0.21961119418927577	0.6902066103091525
1655496737580	0.29804376354258855	0.6862849818414869
1655496737681	0.44314401684621724	0.6823633533738213
1655496737796	0.46667378765221107	0.6784417249061556
1655496737911	0.4705954161198767	0.6705984679708243
1655496738026	0.46667378765221107	0.6705984679708243
1655496738142	0.48628192999053926	0.6705984679708243
1655496738242	0.47451704458754235	0.6705984679708243
1655496738357	0.47451704458754235	0.6666768395031587
1655496738472	0.4705954161198767	0.6705984679708243
1655496738586	0.4509872737815485	0.6705984679708243
1655496738702	0.3058870204779198	0.6705984679708243
1655496738817	0.29804376354258855	0.6705984679708243
1655496738917	0.30980864894558546	0.6666768395031587
1655496739035	0.3647114474929044	0.6666768395031587
1655496739148	0.39608447523422957	0.6705984679708243
1655496739260	0.44314401684621724	0.6666768395031587
1655496739377	0.4823603015228736	0.6235389263588367
1655496739491	0.4588305307168798	0.5607928708761865
1655496739594	0.4392223883785516	0.5568712424085208
1655496739707	0.4196142460402234	0.5607928708761865
1655496739826	0.38431958983123266	0.5607928708761865
1655496739942	0.40392773216956085	0.4980468153935362
1655496740044	0.40392773216956085	0.5137333292641988
1655496740144	0.4078493606372265	0.5137333292641988
1655496740258	0.40392773216956085	0.5176549577318644
1655496740374	0.40392773216956085	0.5254982146671957
1655496740489	0.380397961363567	0.5451063570055239
1655496740606	0.3725547044282357	0.5843226416821803
1655496740722	0.3764763328959014	0.5843226416821803
1655496740837	0.3725547044282357	0.5843226416821803
1655496740942	0.3725547044282357	0.5843226416821803
1655496741042	0.3725547044282357	0.6078524124881741
1655496741156	0.3764763328959014	0.6274605548265023
1655496741257	0.3764763328959014	0.6274605548265023
1655496741358	0.3725547044282357	0.6274605548265023
1655496741461	0.3725547044282357	0.6274605548265023
1655496741571	0.3725547044282357	0.6274605548265023
1655496741672	0.3725547044282357	0.6274605548265023
1655496741772	0.3725547044282357	0.6431470686971649
1655496741872	0.3725547044282357	0.6666768395031587
1655496741975	0.3764763328959014	0.6902066103091525
1655496742089	0.3764763328959014	0.6902066103091525
1655496742189	0.3764763328959014	0.6941282387768182
1655496742289	0.3725547044282357	0.6941282387768182
1655496742390	0.3764763328959014	0.6941282387768182
1655496742491	0.3764763328959014	0.6941282387768182
1655496742604	0.3764763328959014	0.6941282387768182
1655496742707	0.3764763328959014	0.6902066103091525
1655496742808	0.38431958983123266	0.6941282387768182
1655496742909	0.38431958983123266	0.6902066103091525
1655496743020	0.38431958983123266	0.6902066103091525
1655496743121	0.3882412182988983	0.6902066103091525
1655496743222	0.39216284676656393	0.6902066103091525
1655496743338	0.39216284676656393	0.6902066103091525
1655496743439	0.39216284676656393	0.6902066103091525
1655496743553	0.4000061037018952	0.6941282387768182
1655496743656	0.4000061037018952	0.6941282387768182
1655496743770	0.4078493606372265	0.6902066103091525
1655496743885	0.4078493606372265	0.6941282387768182
1655496744001	0.4078493606372265	0.6941282387768182
1655496744115	0.4078493606372265	0.6941282387768182
1655496744230	0.40392773216956085	0.6941282387768182
1655496744332	0.4078493606372265	0.6941282387768182
1655496744442	0.49412518692587054	0.6941282387768182
1655496744545	0.3058870204779198	0.7098147526474807
1655496744648	0.29020050660725727	0.7098147526474807
1655496744766	0.4470656453138829	0.7137363811151464
1655496744875	0.8274636066774499	0.7058931241798151
1655496744992	0.9921720023194067	0.7019714957121495
1655496745092	0.9882503738517411	0.7019714957121495
1655496745194	0.945112460707419	0.7019714957121495
1655496745305	0.901974547563097	0.7019714957121495
1655496745409	0.8392284920804468	0.7019714957121495
1655496745520	0.7333445234534746	0.7019714957121495
1655496745624	0.7215796380504776	0.7019714957121495
1655496745739	0.6627552110354931	0.7019714957121495
1655496745843	0.631382183294168	0.7019714957121495
1655496745959	0.6000091555528428	0.7019714957121495
1655496746075	0.5607928708761865	0.7019714957121495
1655496746188	0.5529496139408552	0.7019714957121495
1655496746302	0.5451063570055239	0.7019714957121495
1655496746405	0.5451063570055239	0.7019714957121495
1655496746515	0.5294198431348613	0.7019714957121495
1655496746619	0.5294198431348613	0.7058931241798151
1655496746720	0.5294198431348613	0.7019714957121495
1655496746839	0.5254982146671957	0.7019714957121495
1655496746951	0.5215765861995301	0.7058931241798151
1655496747051	0.5176549577318644	0.7019714957121495
1655496747161	0.4980468153935362	0.7019714957121495
1655496747262	0.48628192999053926	0.7019714957121495
1655496747362	0.4823603015228736	0.7058931241798151
1655496747476	0.4588305307168798	0.7019714957121495
1655496747581	0.4509872737815485	0.7019714957121495
1655496747698	0.4470656453138829	0.7058931241798151
1655496747800	0.4392223883785516	0.7019714957121495
1655496747901	0.4392223883785516	0.7019714957121495
1655496748016	0.4470656453138829	0.7019714957121495
1655496748129	0.4705954161198767	0.7019714957121495
1655496748244	0.47451704458754235	0.7058931241798151
1655496748344	0.47451704458754235	0.7058931241798151
1655496748456	0.478438673055208	0.7019714957121495
1655496748556	0.4823603015228736	0.7058931241798151
1655496748658	0.4980468153935362	0.7019714957121495
1655496748758	0.5019684438612019	0.7019714957121495
1655496748875	0.5254982146671957	0.7019714957121495
1655496748990	0.5294198431348613	0.7019714957121495
1655496749104	0.5294198431348613	0.7019714957121495
1655496749205	0.5294198431348613	0.7019714957121495
1655496749306	0.5294198431348613	0.7019714957121495
1655496749418	0.5294198431348613	0.7019714957121495
1655496749521	0.5294198431348613	0.7019714957121495
1655496749621	0.5294198431348613	0.7019714957121495
1655496749721	0.5294198431348613	0.7019714957121495
1655496749824	0.5294198431348613	0.7019714957121495
1655496749925	0.5294198431348613	0.7019714957121495
1655496750025	0.5294198431348613	0.7019714957121495
1655496750125	0.5294198431348613	0.7019714957121495
1655496750227	0.5294198431348613	0.7019714957121495
1655496750327	0.5294198431348613	0.7019714957121495
1655496750447	0.4980468153935362	0.7019714957121495
1655496750561	0.4117709891048921	0.7019714957121495
1655496750676	0.3451033051545762	0.7019714957121495
1655496750779	0.3451033051545762	0.7019714957121495
1655496750897	0.3451033051545762	0.7019714957121495
1655496751012	0.47451704458754235	0.7019714957121495
1655496751113	0.4823603015228736	0.7019714957121495
1655496751230	0.4313791314432203	0.7019714957121495
1655496751330	0.6470686971648305	0.6941282387768182
1655496751441	0.7333445234534746	0.6902066103091525
1655496751553	0.7451094088564715	0.6902066103091525
1655496751654	0.7529526657918028	0.6902066103091525
1655496751773	0.7960905789361248	0.6862849818414869
1655496751886	0.8117770928067873	0.6862849818414869
1655496751988	0.8117770928067873	0.67452009643849
1655496752091	0.8196203497421186	0.5686361278115177
1655496752203	0.8196203497421186	0.4980468153935362
1655496752319	0.8196203497421186	0.4823603015228736
1655496752419	0.8196203497421186	0.478438673055208
1655496752523	0.8196203497421186	0.478438673055208
1655496752638	0.8196203497421186	0.48628192999053926
1655496752753	0.8196203497421186	0.4902035584582049
1655496752869	0.8196203497421186	0.49412518692587054
1655496752969	0.8196203497421186	0.4980468153935362
1655496753069	0.8196203497421186	0.4980468153935362
1655496753183	0.8196203497421186	0.4980468153935362
1655496753299	0.8196203497421186	0.4980468153935362
1655496753400	0.8196203497421186	0.4980468153935362
1655496753500	0.8274636066774499	0.4980468153935362
1655496753600	0.8392284920804468	0.4980468153935362
1655496753715	0.8431501205481124	0.5019684438612019
1655496753831	0.717658009582812	0.5058900723288675
1655496753932	0.7960905789361248	0.5019684438612019
1655496754032	0.9098178044984283	0.4902035584582049
1655496754134	1.000015259254738	0.4823603015228736
1655496754245	1.000015259254738	0.4823603015228736
1655496754345	1.000015259254738	0.4823603015228736
1655496754448	1.000015259254738	0.478438673055208
1655496754562	1.000015259254738	0.478438673055208
1655496754663	1.000015259254738	0.478438673055208
1655496754764	1.000015259254738	0.478438673055208
1655496754864	1.000015259254738	0.478438673055208
1655496754964	1.000015259254738	0.478438673055208
1655496755079	1.000015259254738	0.478438673055208
1655496755179	1.000015259254738	0.47451704458754235
1655496755280	1.000015259254738	0.47451704458754235
1655496755380	1.000015259254738	0.4705954161198767
1655496755495	1.000015259254738	0.4117709891048921
1655496755611	1.000015259254738	0.30980864894558546
1655496755728	1.000015259254738	0.15686513870662555
1655496755841	1.000015259254738	0.12941373943296608
1655496755941	1.000015259254738	0.0
1655496756057	0.9960936307870724	0.0
1655496756171	1.000015259254738	0.0
1655496756272	0.9411908322397534	0.0
1655496756386	0.8509933774834437	0.0
1655496756486	0.7529526657918028	0.0
1655496756603	0.6353038117618336	0.0
1655496756703	0.5804010132145146	0.0
1655496756817	0.5411847285378583	0.0
1655496756919	0.5137333292641988	0.0
1655496757020	0.5098117007965332	0.0
1655496757121	0.5098117007965332	0.0
1655496757222	0.5098117007965332	0.0
1655496757322	0.5098117007965332	0.043137913144322027
1655496757422	0.5098117007965332	0.141178624835963
1655496757523	0.5098117007965332	0.26667073580126344
1655496757624	0.5098117007965332	0.3529465620899075
1655496757738	0.5098117007965332	0.4392223883785516
1655496757853	0.5098117007965332	0.4902035584582049
1655496757953	0.5098117007965332	0.4902035584582049
1655496758068	0.5098117007965332	0.49412518692587054
1655496758184	0.5058900723288675	0.49412518692587054
1655496758284	0.5058900723288675	0.4980468153935362
1655496758395	0.5215765861995301	0.4980468153935362
1655496758509	0.533341471602527	0.4980468153935362
1655496758624	0.5490279854731895	0.4980468153935362
1655496758725	0.5686361278115177	0.4980468153935362
1655496758827	0.576479384746849	0.4980468153935362
1655496758941	0.576479384746849	0.4980468153935362
1655496759042	0.5058900723288675	0.5019684438612019
1655496759145	0.49412518692587054	0.5137333292641988
1655496759259	0.49412518692587054	0.5254982146671957
1655496759363	0.5490279854731895	0.5215765861995301
1655496759476	0.5725577562791834	0.5137333292641988
1655496759576	0.5804010132145146	0.5058900723288675
1655496759691	0.5921658986175116	0.4902035584582049
1655496759792	0.5647144993438521	0.5137333292641988
1655496759895	0.5607928708761865	0.5098117007965332
1655496760010	0.5607928708761865	0.48628192999053926
1655496760115	0.5647144993438521	0.4392223883785516
1655496760226	0.5607928708761865	0.4117709891048921
1655496760329	0.5647144993438521	0.39608447523422957
1655496760443	0.5607928708761865	0.39608447523422957
1655496760544	0.5647144993438521	0.39608447523422957
1655496760664	0.5647144993438521	0.39216284676656393
1655496760777	0.5647144993438521	0.3882412182988983
1655496760890	0.5607928708761865	0.3764763328959014
1655496761006	0.5607928708761865	0.3647114474929044
1655496761106	0.5647144993438521	0.36078981902523877
1655496761222	0.5647144993438521	0.36078981902523877
1655496761334	0.5647144993438521	0.36078981902523877
1655496761435	0.5647144993438521	0.3411816766869106
1655496761548	0.5607928708761865	0.33726004821924493
1655496761648	0.5607928708761865	0.33726004821924493
1655496761752	0.5607928708761865	0.33726004821924493
1655496761864	0.5647144993438521	0.33726004821924493
1655496761967	0.5647144993438521	0.3333384197515793
1655496762079	0.5607928708761865	0.33726004821924493
1655496762180	0.5607928708761865	0.33726004821924493
1655496762295	0.5647144993438521	0.33726004821924493
1655496762412	0.5647144993438521	0.33726004821924493
1655496762525	0.5647144993438521	0.3333384197515793
1655496762640	0.619617297891171	0.33726004821924493
1655496762740	0.6353038117618336	0.33726004821924493
1655496762842	0.6353038117618336	0.33726004821924493
1655496762955	0.5490279854731895	0.34902493362224185
1655496763058	0.18039490951261938	0.3647114474929044
1655496763170	0.478438673055208	0.36863307596057004
1655496763285	0.6235389263588367	0.35686819055757313
1655496763388	0.717658009582812	0.35686819055757313
1655496763503	0.717658009582812	0.35686819055757313
1655496763618	0.717658009582812	0.35686819055757313
1655496763720	0.717658009582812	0.35686819055757313
1655496763822	0.717658009582812	0.35686819055757313
1655496763937	0.717658009582812	0.35686819055757313
1655496764050	0.717658009582812	0.35686819055757313
1655496764150	0.7215796380504776	0.35686819055757313
1655496764266	0.717658009582812	0.35686819055757313
1655496764366	0.7255012665181433	0.35686819055757313
1655496764468	0.7294228949858089	0.35686819055757313
1655496764583	0.7255012665181433	0.35686819055757313
1655496764698	0.7255012665181433	0.35686819055757313
1655496764799	0.7294228949858089	0.35686819055757313
1655496764900	0.7294228949858089	0.35686819055757313
1655496765016	0.7294228949858089	0.35686819055757313
1655496765116	0.7294228949858089	0.35686819055757313
1655496765216	0.7294228949858089	0.35686819055757313
1655496765331	0.7294228949858089	0.35686819055757313
1655496765448	0.7255012665181433	0.35686819055757313
1655496765562	0.631382183294168	0.35686819055757313
1655496765675	0.5176549577318644	0.36078981902523877
1655496765780	0.5137333292641988	0.36078981902523877
1655496765894	0.5098117007965332	0.36078981902523877
1655496765997	0.5058900723288675	0.36078981902523877
1655496766112	0.4980468153935362	0.36078981902523877
1655496766226	0.4980468153935362	0.36078981902523877
1655496766330	0.4980468153935362	0.36078981902523877
1655496766444	0.4980468153935362	0.36078981902523877
1655496766559	0.4980468153935362	0.36078981902523877
1655496766660	0.4980468153935362	0.36078981902523877
1655496766762	0.5098117007965332	0.36078981902523877
1655496766862	0.5176549577318644	0.36078981902523877
1655496766965	0.5215765861995301	0.36078981902523877
1655496767075	0.5215765861995301	0.36078981902523877
1655496767177	0.5294198431348613	0.36078981902523877
1655496767292	0.5294198431348613	0.36078981902523877
1655496767392	0.5490279854731895	0.36078981902523877
1655496767493	0.5529496139408552	0.36078981902523877
1655496767611	0.5529496139408552	0.36078981902523877
1655496767727	0.6000091555528428	0.36078981902523877
1655496767837	0.6078524124881741	0.36078981902523877
1655496767940	0.631382183294168	0.36078981902523877
1655496768053	0.631382183294168	0.35686819055757313
1655496768155	0.631382183294168	0.36078981902523877
1655496768256	0.631382183294168	0.36078981902523877
1655496768376	0.631382183294168	0.36078981902523877
1655496768476	0.631382183294168	0.36078981902523877
1655496768590	0.631382183294168	0.36078981902523877
1655496768693	0.631382183294168	0.36078981902523877
1655496768809	0.631382183294168	0.36078981902523877
1655496768923	0.631382183294168	0.36078981902523877
1655496769024	0.6274605548265023	0.36078981902523877
1655496769126	0.6235389263588367	0.36078981902523877
1655496769238	0.6235389263588367	0.36078981902523877
1655496769338	0.6235389263588367	0.36078981902523877
1655496769441	0.6235389263588367	0.36078981902523877
1655496769556	0.6235389263588367	0.36078981902523877
1655496769660	0.6823633533738213	0.4117709891048921
1655496769777	0.4705954161198767	0.4078493606372265
1655496769893	0.011764885402996916	0.4274575029755547
1655496770008	0.0	0.43530075991088596
1655496770109	0.0	0.43530075991088596
1655496770222	0.0	0.2509842219306009
1655496770323	0.18431653798028502	0.0
1655496770423	0.16470839564195683	0.0
1655496770540	0.11764885402996916	0.0
1655496770653	0.11764885402996916	0.0
1655496770755	0.12549211096530044	0.0
1655496770867	0.3215735343485824	0.0
1655496770972	0.5058900723288675	0.0
1655496771086	0.9607989745780816	0.0
1655496771188	1.000015259254738	0.0
1655496771288	0.9686422315134129	0.0
1655496771405	0.956877346110416	0.0
1655496771507	0.9411908322397534	0.0
1655496771607	0.8823664052247688	0.0
1655496771707	0.7686391796624653	0.019608142338328194
1655496771808	0.6392254402294992	0.15686513870662555
1655496771909	0.5215765861995301	0.29804376354258855
1655496772009	0.5137333292641988	0.45490890224921415
1655496772110	0.5098117007965332	0.4902035584582049
1655496772210	0.5019684438612019	0.4980468153935362
1655496772310	0.4823603015228736	0.5098117007965332
1655496772428	0.478438673055208	0.5058900723288675
1655496772543	0.4980468153935362	0.5019684438612019
1655496772645	0.5451063570055239	0.4980468153935362
1655496772761	0.6156956694235054	0.49412518692587054
1655496772863	0.6627552110354931	0.49412518692587054
1655496772979	0.6431470686971649	0.49412518692587054
1655496773080	0.6156956694235054	0.49412518692587054
1655496773195	0.6156956694235054	0.49412518692587054
1655496773295	0.6235389263588367	0.4902035584582049
1655496773398	0.6549119541001618	0.4902035584582049
1655496773508	0.6588335825678274	0.4902035584582049
1655496773624	0.6588335825678274	0.4902035584582049
1655496773739	0.6588335825678274	0.48628192999053926
1655496773839	0.6627552110354931	0.4823603015228736
1655496773940	0.6627552110354931	0.47451704458754235
1655496774040	0.6627552110354931	0.46667378765221107
1655496774140	0.6627552110354931	0.45490890224921415
1655496774256	0.6666768395031587	0.4000061037018952
1655496774359	0.6666768395031587	0.39608447523422957
1655496774473	0.6666768395031587	0.39608447523422957
1655496774576	0.6705984679708243	0.39608447523422957
1655496774677	0.6705984679708243	0.39608447523422957
1655496774792	0.6705984679708243	0.39608447523422957
1655496774892	0.6666768395031587	0.39608447523422957
1655496774992	0.6627552110354931	0.39608447523422957
1655496775109	0.6666768395031587	0.39608447523422957
1655496775225	0.6627552110354931	0.39608447523422957
1655496775325	0.6627552110354931	0.39608447523422957
1655496775426	0.6627552110354931	0.39608447523422957
1655496775542	0.6627552110354931	0.39608447523422957
1655496775657	0.6627552110354931	0.39608447523422957
1655496775772	0.6627552110354931	0.39608447523422957
1655496775888	0.6627552110354931	0.39608447523422957
1655496776004	0.6588335825678274	0.4274575029755547
1655496776120	0.6784417249061556	0.4196142460402234
1655496776234	0.7058931241798151	0.40392773216956085
1655496776350	0.7098147526474807	0.3882412182988983
1655496776451	0.7098147526474807	0.3647114474929044
1655496776565	0.7137363811151464	0.33726004821924493
1655496776678	0.7137363811151464	0.33726004821924493
1655496776792	0.7137363811151464	0.33726004821924493
1655496776908	0.7137363811151464	0.4823603015228736
1655496777008	0.7137363811151464	0.5254982146671957
1655496777112	0.7137363811151464	0.5529496139408552
1655496777226	0.7137363811151464	0.5372631000701926
1655496777343	0.7137363811151464	0.5372631000701926
1655496777443	0.7137363811151464	0.533341471602527
1655496777543	0.7137363811151464	0.533341471602527
1655496777645	0.7137363811151464	0.5372631000701926
1655496777761	0.7137363811151464	0.5451063570055239
1655496777875	0.7137363811151464	0.5490279854731895
1655496777976	0.7137363811151464	0.5490279854731895
1655496778077	0.7137363811151464	0.5529496139408552
1655496778191	0.7137363811151464	0.5568712424085208
1655496778291	0.7137363811151464	0.5607928708761865
1655496778393	0.7137363811151464	0.5725577562791834
1655496778507	0.7137363811151464	0.5725577562791834
1655496778625	0.7137363811151464	0.5725577562791834
1655496778740	0.7137363811151464	0.5725577562791834
1655496778851	0.5215765861995301	0.5725577562791834
1655496778955	0.4000061037018952	0.5294198431348613
1655496779068	0.4000061037018952	0.2509842219306009
1655496779168	0.35686819055757313	0.015686513870662555
1655496779280	0.14510025330362863	0.0
1655496779384	0.14902188177129427	0.0
1655496779496	0.141178624835963	0.0
1655496779596	0.09019745475630969	0.0
1655496779698	0.07451094088564714	0.0
1655496779813	0.05882442701498458	0.0
1655496779914	0.05882442701498458	0.0
1655496780018	0.05882442701498458	0.0
1655496780132	0.05882442701498458	0.0
1655496780246	0.06274605548265022	0.0
1655496780362	0.0705893124179815	0.0
1655496780477	0.07843256935331278	0.0
1655496780579	0.08627582628864405	0.0
1655496780689	0.10980559709463789	0.0
1655496780792	0.12941373943296608	0.0
1655496780905	0.2117679372539445	0.03921628467665639
1655496781021	0.22745445112460705	0.03529465620899075
1655496781121	0.22745445112460705	0.047059541611987665
1655496781222	0.22745445112460705	0.047059541611987665
1655496781323	0.2235328226569414	0.047059541611987665
1655496781435	0.2235328226569414	0.09019745475630969
1655496781535	0.2235328226569414	0.14510025330362863
1655496781635	0.22745445112460705	0.14510025330362863
1655496781735	0.3882412182988983	0.13333536790063172
1655496781847	0.5019684438612019	0.49412518692587054
1655496781958	0.4980468153935362	0.4980468153935362
1655496782072	0.4980468153935362	0.4980468153935362
1655496782190	0.4980468153935362	0.4980468153935362
1655496782290	0.5019684438612019	0.4980468153935362
1655496782407	0.5019684438612019	0.4980468153935362
