Timestamp(ms)	#Balls	#Bullets	Score	AvgBtnFreq	AvgBallDist	RatioBalls	AvgBallDir
1656615273906	1	0	0	0	0	1.0	0.00000
1656615274010	1	0	0	0	0	1.0	0.00000
1656615274112	1	0	0	0	0	1.0	0.00000
1656615274213	1	0	0	0	0	1.0	0.00000
1656615274321	1	0	0	0	0	1.0	0.00000
1656615274421	1	0	0	0	0	1.0	0.00000
1656615274528	1	0	0	0	0	1.0	0.00000
1656615274632	1	0	0	0	0	1.0	0.00000
1656615274736	1	0	0	0	0	1.0	0.00000
1656615274840	1	0	0	0	0	1.0	0.00000
1656615274944	1	0	0	0	0	1.0	0.00000
1656615275049	1	0	0	0	0	1.0	0.00000
1656615275158	1	0	0	0	0	1.0	0.00000
1656615275265	1	0	0	0	0	1.0	0.00000
1656615275382	1	0	0	0	0	1.0	0.00000
1656615275484	1	0	0	0	0	1.0	0.00000
1656615275585	1	0	0	0	0	1.0	0.00000
1656615275687	1	0	0	0	0	1.0	0.00000
1656615275790	1	0	0	0	0	1.0	0.00000
1656615275895	1	0	0	0	0	1.0	0.00000
1656615276001	1	0	0	0	0	1.0	0.00000
1656615276116	1	0	0	0	0	1.0	0.00000
1656615276226	1	0	0	0	0	1.0	0.00000
1656615276334	1	0	0	0	0	1.0	0.00000
1656615276435	1	0	0	0	0	1.0	0.00000
1656615276544	1	0	0	0	0	1.0	0.00000
1656615276654	1	0	0	0	0	1.0	0.00000
1656615276764	1	0	0	0	0	1.0	0.00000
1656615276875	1	0	0	0	0	1.0	0.00000
1656615276987	1	0	0	0	0	1.0	0.00000
1656615277099	1	0	0	0	0	1.0	0.00000
1656615277211	1	2	0	1	0	1.0	0.00000
1656615277311	1	2	0	1	0	1.0	0.00000
1656615277411	1	2	0	1	0	1.0	0.00000
1656615277543	1	2	0	1	0	1.0	0.00000
1656615277650	1	2	0	1	0	1.0	0.00000
1656615277758	1	0	0	1	-1	0.0	0.96411
1656615277864	1	0	0	1	-4	0.0	0.96111
1656615277975	1	0	0	1	-7	0.0	0.95811
1656615278081	1	0	0	1	-12	0.0	0.95211
1656615278188	1	0	0	1	-18	0.0	0.94611
1656615278299	1	0	0	0	-24	0.0	0.94011
1656615278400	1	1	0	1	-29	0.0	0.93411
1656615278502	1	1	0	2	-35	0.0	0.92811
1656615278611	1	1	0	2	-40	0.0	0.92311
1656615278721	1	0	0	2	-39	0.0	-0.43931
1656615278832	1	1	0	3	-38	0.0	-0.43531
1656615278940	1	1	0	2	-35	0.0	-0.42931
1656615279042	1	1	0	1	-32	0.0	-0.42331
1656615279151	1	0	0	1	-28	0.0	-1.39015
1656615279261	1	0	0	1	-24	0.0	-1.38715
1656615279371	1	0	0	0	-19	0.0	-1.38315
1656615279477	1	0	0	1	-10	0.0	-1.37715
1656615279592	1	1	0	2	-2	0.0	-1.37115
1656615279693	1	1	0	2	5	1.0	-1.36615
1656615279802	1	1	0	2	13	1.0	-1.36015
1656615279912	1	1	0	2	21	1.0	-1.35415
1656615280020	1	1	0	1	29	1.0	-1.34815
1656615280124	1	2	0	0	37	1.0	-1.34215
1656615280229	1	2	0	0	45	1.0	-1.33615
1656615280337	1	3	0	1	53	1.0	-1.33015
1656615280450	1	3	0	1	60	1.0	-1.32515
1656615280562	1	3	0	2	68	1.0	-1.31915
1656615280670	1	3	0	2	76	1.0	-1.31315
1656615280774	1	4	0	3	84	1.0	-1.30715
1656615280886	1	5	0	3	90	1.0	-1.30215
1656615280994	1	5	0	4	98	1.0	-1.29615
1656615281099	1	4	0	4	106	1.0	-1.29015
1656615281212	1	4	0	4	113	1.0	-1.28415
1656615281320	1	5	0	3	121	1.0	-1.27815
1656615281421	1	6	0	3	128	1.0	-1.27315
1656615281532	1	6	0	3	135	1.0	-1.26715
1656615281648	1	5	0	2	144	1.0	-1.26015
1656615281753	1	5	0	2	152	1.0	-1.25415
1656615281853	1	4	0	3	158	1.0	-1.24915
1656615281954	1	5	0	3	164	1.0	-1.24415
1656615282065	1	5	0	2	172	1.0	-1.23815
1656615282179	1	5	0	2	179	1.0	-1.23215
1656615282959	1	1	1	0	0	1.0	0.00000
1656615283062	1	1	1	0	0	1.0	0.00000
1656615283172	1	1	1	0	0	1.0	0.00000
1656615283273	1	1	1	0	0	1.0	0.00000
1656615283377	1	1	1	0	0	1.0	0.00000
1656615283484	1	1	1	0	0	1.0	0.00000
1656615283599	1	1	1	0	0	1.0	0.00000
1656615283712	1	1	1	0	0	1.0	0.00000
1656615283820	1	1	1	0	0	1.0	0.00000
1656615283924	1	1	1	0	0	1.0	0.00000
1656615284024	1	1	1	0	0	1.0	0.00000
1656615284139	1	1	1	0	0	1.0	0.00000
1656615284242	1	1	1	0	0	1.0	0.00000
1656615284344	1	1	1	0	0	1.0	0.00000
1656615284455	1	0	1	0	0	1.0	0.00000
1656615284572	1	0	1	0	0	1.0	0.00000
1656615284689	1	1	1	0	0	1.0	0.00000
1656615284798	1	1	1	0	0	1.0	0.00000
1656615284903	1	1	1	0	0	1.0	0.00000
1656615285010	1	1	1	0	0	1.0	0.00000
1656615285113	1	1	1	0	0	1.0	0.00000
1656615285214	1	2	1	0	0	1.0	0.00000
1656615285323	1	2	1	0	0	1.0	0.00000
1656615285438	1	2	1	0	0	1.0	0.00000
1656615285552	1	2	1	0	0	1.0	0.00000
1656615285660	1	2	1	0	0	1.0	0.00000
1656615285770	1	2	1	0	0	1.0	0.00000
1656615285870	1	2	1	0	0	1.0	0.00000
1656615285985	1	2	1	0	0	1.0	0.00000
1656615286093	1	3	1	0	0	1.0	0.00000
1656615286196	1	2	1	0	0	1.0	0.00000
1656615286301	1	2	1	0	0	1.0	0.00000
1656615286407	1	2	1	0	0	1.0	0.00000
1656615286512	1	2	1	0	0	1.0	0.00000
1656615286627	1	1	1	0	0	1.0	0.00000
1656615286738	1	1	1	0	0	1.0	0.00000
1656615286841	1	2	1	0	0	1.0	0.00000
1656615286953	1	2	1	0	0	1.0	0.00000
1656615287060	1	2	1	0	0	1.0	0.00000
1656615287165	1	2	1	0	0	1.0	0.00000
1656615287269	1	2	1	0	0	1.0	0.00000
1656615287375	1	2	1	0	0	1.0	0.00000
1656615287476	1	1	1	0	0	1.0	0.00000
1656615287583	1	1	1	0	0	1.0	0.00000
1656615287690	1	1	1	0	0	1.0	0.00000
1656615287793	1	1	1	1	0	1.0	0.00000
1656615287896	1	2	1	2	0	1.0	0.00000
1656615287998	1	3	1	3	0	1.0	0.00000
1656615288099	1	3	1	3	0	1.0	0.00000
1656615288203	1	3	1	4	0	1.0	0.00000
1656615288308	1	1	1	3	3	1.0	-0.92152
1656615288420	1	1	1	2	6	1.0	-0.91852
1656615288523	1	1	1	2	11	1.0	-0.91252
1656615288623	1	2	1	3	16	1.0	-0.90652
1656615288727	1	2	1	2	22	1.0	-0.90052
1656615288827	1	2	1	2	27	1.0	-0.89452
1656615288932	1	2	1	2	33	1.0	-0.88852
1656615289036	1	3	1	2	38	1.0	-0.88252
1656615289141	1	2	1	1	42	1.0	-0.97115
1656615289248	1	2	1	1	46	1.0	-0.96715
1656615289349	1	2	1	1	51	1.0	-0.96115
1656615289449	1	2	1	2	57	1.0	-0.95515
1656615289551	1	2	1	1	63	1.0	-0.94915
1656615289651	1	2	1	2	69	1.0	-0.94315
1656615289761	1	3	1	3	74	1.0	-0.93715
1656615289869	1	3	1	3	80	1.0	-0.93115
1656615289971	1	3	1	3	85	1.0	-0.92515
1656615290079	1	3	1	3	91	1.0	-0.91915
1656615290184	1	4	1	3	96	1.0	-0.91315
1656615290294	1	4	1	3	102	1.0	-0.90715
1656615290401	1	5	1	4	107	1.0	-0.90115
1656615290502	1	5	1	4	113	1.0	-0.89515
1656615290604	1	5	1	4	118	1.0	-0.88915
1656615290720	2	4	1	4	59	0.5	0.10344
1656615290830	2	3	1	3	59	0.5	0.05511
1656615290938	2	3	1	3	59	0.5	0.05511
1656615291058	2	3	1	2	58	0.5	0.05511
1656615291166	2	3	1	3	58	0.5	0.05511
1656615291273	2	2	1	3	58	0.5	0.05511
1656615291375	2	2	1	4	57	0.5	0.05511
1656615291479	2	2	1	3	57	0.5	0.05511
1656615291581	2	2	1	3	57	0.5	0.05511
1656615291682	2	3	1	4	56	0.5	0.05511
1656615291785	2	3	1	3	56	0.5	0.05511
1656615291886	2	3	1	2	56	0.5	0.05511
1656615291988	2	3	1	3	55	0.5	0.05511
1656615292092	2	3	1	4	55	0.5	0.25976
1656615292208	2	3	1	2	54	0.5	0.25976
1656615292985	1	0	2	2	0	1.0	0.00000
1656615293087	1	0	2	2	0	1.0	0.00000
1656615293190	1	1	2	2	0	1.0	0.00000
1656615293291	1	1	2	2	0	1.0	0.00000
1656615293393	1	1	2	2	0	1.0	0.00000
1656615293497	1	1	2	3	0	1.0	0.00000
1656615293616	1	0	2	2	2	1.0	-0.75819
1656615293726	1	0	2	1	5	1.0	-0.75419
1656615293831	1	2	2	2	10	1.0	-0.74819
1656615293933	1	2	2	3	14	1.0	-0.74219
1656615294040	1	2	2	2	19	1.0	-0.73619
1656615294147	1	2	2	3	23	1.0	-0.73019
1656615294256	1	3	2	4	27	1.0	-0.72419
1656615294358	1	3	2	3	32	1.0	-0.71819
1656615294463	1	3	2	3	36	1.0	-0.71219
1656615294565	1	3	2	3	40	1.0	-0.70619
1656615294669	1	4	2	3	45	1.0	-0.70019
1656615294780	1	3	2	2	49	1.0	-1.14118
1656615294907	1	4	2	3	54	1.0	-1.13718
1656615295009	1	4	2	3	60	1.0	-1.13118
1656615295116	1	4	2	4	64	1.0	0.49909
1656615295231	1	4	2	3	62	1.0	0.49509
1656615295341	1	2	2	3	60	1.0	0.49009
1656615295441	1	2	2	2	57	1.0	0.48409
1656615295553	1	2	2	1	54	1.0	0.47809
1656615295663	1	3	2	1	51	1.0	0.47209
1656615295780	1	2	2	1	56	1.0	-1.35953
1656615295892	1	2	2	1	63	1.0	-1.35453
1656615295993	1	2	2	1	71	1.0	-1.34853
1656615296095	1	3	2	3	79	1.0	-1.34253
1656615296198	1	2	2	2	87	1.0	-1.33653
1656615296300	1	2	2	2	95	1.0	-1.33053
1656615296408	1	1	2	2	100	1.0	-0.88055
1656615296512	1	2	2	2	103	1.0	-0.87655
1656615296615	1	1	2	1	108	1.0	1.84975
1656615296717	1	2	2	2	103	1.0	1.84675
1656615296824	1	2	2	2	97	1.0	1.84375
1656615296927	1	2	2	2	86	1.0	1.83775
1656615297029	1	2	2	2	75	1.0	1.83175
1656615297130	1	2	2	1	64	1.0	1.82575
1656615297232	1	2	2	0	53	1.0	1.81975
1656615297335	1	2	2	1	42	1.0	1.81375
1656615297442	1	3	2	2	32	1.0	1.80775
1656615297545	1	4	2	3	21	1.0	1.80175
1656615297648	1	3	2	3	10	1.0	1.79575
1656615297761	1	3	2	4	2	1.0	-1.02051
1656615297869	1	3	2	3	5	1.0	-1.01751
1656615297974	1	3	2	3	8	1.0	-1.01451
1656615298080	1	3	2	3	14	1.0	-1.00851
1656615298181	1	4	2	3	20	1.0	-1.00251
1656615298287	1	2	2	2	26	1.0	-0.80549
1656615298410	1	3	2	3	29	1.0	-0.80149
1656615298516	1	3	2	2	33	1.0	-0.79649
1656615298619	1	3	2	3	38	1.0	-0.79049
1656615298729	1	3	2	3	43	1.0	-0.78449
1656615298829	1	4	2	4	47	1.0	-0.77849
1656615298934	1	4	2	3	52	1.0	-0.77249
1656615299042	1	4	2	4	57	1.0	-0.76649
1656615299145	1	3	2	2	61	1.0	-0.76049
1656615299248	1	4	2	3	66	1.0	-0.75449
1656615299351	1	4	2	2	70	1.0	-0.74849
1656615299461	1	4	2	2	75	1.0	-0.74249
1656615299568	1	4	2	2	79	1.0	-0.73649
1656615299673	1	5	2	3	84	1.0	-0.73049
1656615299790	1	3	2	3	82	1.0	1.69828
1656615299909	1	3	2	3	74	1.0	1.69428
1656615300017	1	3	2	4	64	1.0	1.68828
1656615300123	1	4	2	4	54	1.0	1.68228
1656615300231	1	4	2	3	44	1.0	1.67628
1656615300351	1	2	2	2	41	1.0	0.29574
1656615300465	1	3	2	2	40	1.0	0.29274
1656615300568	1	3	2	2	38	1.0	0.28674
1656615300671	1	4	2	2	36	1.0	0.28074
1656615300778	1	1	2	2	35	1.0	0.52635
1656615300881	1	1	2	3	34	1.0	0.52435
1656615300985	1	1	2	4	32	1.0	0.52035
1656615301085	1	1	2	3	28	1.0	0.51435
1656615301189	1	2	2	3	25	1.0	0.50835
1656615301295	2	1	2	3	12	1.0	-0.10874
1656615301421	2	1	2	2	12	1.0	-0.10674
1656615301535	2	1	2	1	13	1.0	-0.10424
1656615301636	2	1	2	2	13	1.0	-0.10124
1656615301740	2	2	2	2	14	1.0	-0.09824
1656615301847	2	2	2	2	14	1.0	-0.09524
1656615301948	2	2	2	2	15	1.0	-0.09224
1656615302053	2	2	2	2	16	1.0	-0.08924
1656615302160	2	3	2	3	16	1.0	-0.08624
1656615302273	2	3	2	2	18	1.0	-0.43177
1656615302386	2	3	2	3	20	1.0	-0.42927
1656615302491	2	3	2	3	22	1.0	-0.42627
1656615302595	2	4	2	4	25	1.0	-0.42327
1656615302702	2	3	2	2	27	1.0	-0.42027
1656615302823	2	2	2	2	30	1.0	-0.67855
1656615302938	2	2	2	1	33	1.0	-0.67605
1656615303050	2	2	2	2	38	1.0	-1.05315
1656615303158	2	2	2	1	42	1.0	-1.04915
1656615303270	2	2	2	2	47	1.0	-1.04415
1656615303374	2	2	2	2	53	1.0	-1.03815
1656615303479	2	2	2	3	60	1.0	-1.03215
1656615303583	2	3	2	3	66	1.0	-1.02615
1656615303686	2	3	2	3	72	1.0	-1.02015
1656615303794	2	2	2	2	78	1.0	-1.01415
1656615303898	2	2	2	3	84	1.0	-1.00815
1656615303999	2	2	2	2	90	1.0	-1.00215
1656615304106	2	3	2	2	96	1.0	-0.99615
1656615304211	2	3	2	2	101	1.0	-0.99115
1656615304312	2	3	2	3	107	1.0	-0.04772
1656615304432	2	3	2	3	107	1.0	-0.04772
1656615304534	2	3	2	3	107	1.0	-0.04772
1656615304637	2	3	2	3	108	1.0	-0.04772
1656615304744	2	3	2	3	108	1.0	-0.04772
1656615304873	2	3	2	4	109	1.0	-0.31040
1656615304974	2	3	2	3	110	1.0	-0.31040
1656615305079	2	4	2	4	112	1.0	-0.31040
1656615305183	2	3	2	3	113	1.0	-0.31040
1656615305286	2	3	2	4	115	1.0	-0.31040
1656615305396	2	3	2	3	116	1.0	0.38526
1656615305527	2	3	2	3	115	1.0	0.38526
1656615305628	2	3	2	2	113	1.0	0.38526
1656615305730	2	4	2	3	111	1.0	0.38526
1656615305833	2	4	2	2	109	1.0	0.38526
1656615305937	2	4	2	2	106	1.0	0.38526
1656615306038	2	6	2	3	104	1.0	0.38526
1656615306142	2	5	2	3	100	1.0	1.67167
1656615306249	2	4	2	3	93	1.0	1.66767
1656615306353	2	4	2	3	82	1.0	1.66167
1656615306454	2	4	2	3	72	1.0	1.65567
1656615306557	2	3	2	3	62	1.0	1.64967
1656615306658	2	3	2	3	52	1.0	1.64367
1656615306760	2	4	2	3	43	0.5	1.63767
1656615306871	2	3	2	4	41	0.5	0.02602
1656615306979	2	3	2	4	41	1.0	0.02602
1656615307086	2	3	2	3	41	1.0	0.02602
1656615307191	2	2	2	3	40	1.0	0.02602
1656615307295	2	3	2	4	40	1.0	0.02602
1656615307399	2	4	2	3	40	1.0	0.02602
1656615307504	2	3	2	4	40	1.0	0.02602
1656615307606	2	3	2	4	40	1.0	0.02602
1656615307726	2	2	2	4	39	1.0	0.12127
1656615307842	2	3	2	4	39	1.0	0.12127
1656615307945	2	3	2	4	38	1.0	0.12127
1656615308050	2	3	2	2	38	0.5	0.12127
1656615308157	2	3	2	4	37	0.5	0.12127
1656615308260	2	2	2	4	36	0.5	0.12127
1656615308361	2	3	2	3	35	0.5	0.12127
1656615308466	2	3	2	3	35	0.5	0.12127
1656615308568	2	3	2	4	34	0.5	0.12127
1656615308668	2	2	2	3	33	0.5	0.12127
1656615308769	2	2	2	4	32	0.5	0.12127
1656615308871	2	3	2	4	32	0.5	0.12127
1656615308971	2	3	2	4	31	0.5	0.12127
1656615309086	2	2	2	4	34	0.5	-1.08675
1656615309196	2	2	2	3	40	0.5	-1.08175
1656615309299	2	3	2	3	46	0.5	-1.07575
1656615309400	3	3	2	3	35	0.6666666666666666	-0.71317
1656615309500	3	3	2	3	39	0.6666666666666666	-0.70917
1656615310222	1	0	3	2	0	1.0	0.00000
1656615310325	1	0	3	1	0	1.0	0.00000
1656615310428	1	0	3	1	0	1.0	0.00000
1656615310530	1	1	3	1	0	1.0	0.00000
1656615310634	1	1	3	2	0	1.0	0.00000
1656615310740	1	1	3	2	0	1.0	0.00000
1656615310862	1	1	3	3	3	1.0	-1.27673
1656615310967	1	1	3	3	6	1.0	-1.27373
1656615311070	1	1	3	3	13	1.0	-1.26873
1656615311178	1	1	3	3	20	1.0	-1.26273
1656615311282	1	3	3	4	28	1.0	-1.25673
1656615311389	1	3	3	3	34	1.0	-1.25173
1656615311499	1	3	3	4	42	1.0	-1.24573
1656615311615	1	3	3	3	50	1.0	-1.23873
1656615311716	1	4	3	3	58	1.0	-1.23273
1656615311819	1	3	3	2	64	1.0	-1.29246
1656615311928	1	3	3	3	69	1.0	-1.28846
1656615312050	1	4	3	3	77	1.0	-1.28246
1656615312153	1	4	3	3	85	1.0	-1.27646
1656615312254	1	4	3	3	92	1.0	-1.27046
1656615312358	1	3	3	3	100	1.0	-1.26446
1656615312459	1	4	3	3	107	1.0	-1.25846
1656615312562	1	4	3	2	115	1.0	-1.25246
1656615312664	1	3	3	3	122	1.0	-1.24646
1656615312767	1	3	3	2	130	1.0	2.13229
1656615312868	1	3	3	2	123	1.0	2.12929
1656615312980	1	3	3	2	119	1.0	0.02090
1656615313081	1	3	3	2	119	1.0	0.01790
1656615313183	1	3	3	2	119	1.0	0.01490
1656615313286	1	2	3	2	119	1.0	0.00890
1656615313393	1	3	3	3	119	1.0	0.00290
1656615313500	1	3	3	2	119	1.0	0.00000
1656615313614	1	3	3	3	119	1.0	0.00000
1656615313717	1	3	3	3	119	1.0	0.00000
1656615313823	1	4	3	4	119	1.0	0.00000
1656615313924	1	4	3	3	119	1.0	0.00000
1656615314024	1	3	3	4	119	1.0	0.00000
1656615314133	1	4	3	4	119	1.0	0.00000
1656615314235	1	4	3	3	119	1.0	0.00000
1656615314338	1	4	3	3	119	1.0	0.00000
1656615314446	1	3	3	3	119	1.0	0.00000
1656615314549	1	4	3	3	119	1.0	-0.93060
1656615314665	1	4	3	3	123	1.0	-0.92660
1656615314779	1	3	3	3	126	1.0	-0.92260
1656615314881	1	3	3	3	132	1.0	-0.91660
1656615314983	1	3	3	3	137	1.0	-0.91060
1656615315087	1	4	3	3	143	1.0	-0.90460
1656615315192	1	4	3	3	148	1.0	-0.89860
1656615315299	1	4	3	3	154	1.0	-0.89260
1656615315402	1	4	3	2	159	1.0	-0.88660
1656615315504	1	4	3	3	164	1.0	-0.88060
1656615315607	1	4	3	2	170	1.0	-0.87460
1656615315710	1	4	3	2	175	1.0	-0.86860
1656615315814	1	4	3	2	180	1.0	-0.86260
1656615316699	1	2	4	2	0	1.0	0.00000
1656615316802	1	2	4	3	0	1.0	0.00000
1656615316903	1	2	4	3	0	1.0	0.00000
1656615317009	1	2	4	4	5	1.0	-1.82721
1656615317123	1	2	4	3	15	1.0	-1.82221
1656615317227	1	2	4	3	26	1.0	-1.81621
1656615317330	1	3	4	2	36	1.0	-1.81021
1656615317434	1	4	4	4	47	1.0	-1.80421
1656615317536	1	4	4	3	58	1.0	-1.79821
1656615317641	1	5	4	4	69	1.0	-1.79221
1656615317745	1	5	4	3	80	1.0	-1.78621
1656615317869	1	5	4	4	76	1.0	1.27043
1656615317982	1	4	4	3	70	1.0	1.26543
1656615318084	1	4	4	3	62	1.0	1.25943
1656615318185	1	5	4	3	55	1.0	1.25343
1656615318287	1	5	4	3	47	1.0	1.24743
1656615318396	1	4	4	3	40	1.0	1.24143
1656615318499	1	4	4	2	32	1.0	1.23543
1656615318611	1	3	4	2	25	1.0	1.22943
1656615318713	1	2	4	2	18	1.0	1.22343
1656615318813	1	3	4	3	10	1.0	1.21743
1656615318919	1	4	4	2	2	1.0	1.21143
1656615319021	1	4	4	3	-5	0.0	1.20543
1656615319133	1	2	4	3	-11	0.0	-0.68588
1656615319256	1	3	4	3	-8	0.0	-0.68188
1656615319361	1	3	4	3	-5	0.0	-0.67788
1656615319462	1	3	4	3	-1	0.0	-0.67188
1656615319580	1	3	4	3	3	1.0	-0.66588
1656615319696	1	2	4	3	8	1.0	-1.66319
1656615319819	1	2	4	3	15	1.0	-1.65919
1656615319921	1	2	4	2	25	1.0	-1.65319
1656615320026	1	4	4	3	35	1.0	-1.64719
1656615320136	1	4	4	3	44	1.0	-1.64119
1656615320237	1	2	4	4	50	1.0	1.68887
1656615320378	1	3	4	4	44	1.0	1.68487
1656615320482	1	3	4	4	39	1.0	1.68187
1656615320592	1	1	4	4	28	1.0	-1.29815
1656615320703	1	1	4	3	32	1.0	-1.29515
1656615320807	1	2	4	3	38	1.0	-1.29115
1656615320908	1	2	4	2	45	1.0	-1.28515
1656615321010	1	2	4	2	53	1.0	-1.27915
1656615321133	1	1	4	1	60	1.0	-0.74745
1656615321252	1	1	4	1	63	1.0	-0.74345
1656615321358	1	1	4	0	67	1.0	-0.73745
1656615321461	1	2	4	1	71	1.0	-0.73145
1656615321563	1	2	4	1	76	1.0	-0.72545
1656615321666	1	3	4	3	81	1.0	-0.71945
1656615321768	1	3	4	3	85	1.0	-0.71345
1656615321885	1	3	4	4	81	1.0	2.00124
1656615322003	1	3	4	3	75	1.0	1.99824
1656615322107	1	3	4	4	61	1.0	1.99224
1656615322209	1	2	4	2	49	1.0	1.98624
1656615322315	1	3	4	3	37	1.0	1.98024
1656615322420	1	2	4	2	33	1.0	-1.15797
1656615322530	1	2	4	2	37	1.0	-1.15497
1656615322644	1	2	4	1	43	1.0	-1.14897
1656615322754	1	2	4	1	50	1.0	-1.14297
1656615322858	1	0	4	0	57	1.0	-1.23572
1656615322994	1	0	4	0	62	1.0	-1.23172
1656615323100	1	0	4	0	66	1.0	-1.22872
1656615323203	1	1	4	0	74	1.0	-1.22272
1656615323309	1	0	4	0	82	1.0	-0.25390
1656615323417	1	1	4	1	83	1.0	-0.24990
1656615323529	1	1	4	2	84	1.0	-0.24490
1656615323631	1	2	4	2	86	1.0	-0.23890
1656615323744	1	2	4	3	82	1.0	2.17299
1656615323869	1	2	4	3	74	1.0	2.16899
1656615323983	1	2	4	3	61	1.0	2.16299
1656615324086	1	2	4	3	62	1.0	-1.04056
1656615324186	1	2	4	3	65	1.0	-1.03756
1656615324289	1	2	4	3	71	1.0	-1.03156
1656615324395	1	2	4	3	77	1.0	-1.02556
1656615324501	1	2	4	3	82	1.0	-1.20553
1656615324603	1	2	4	2	87	1.0	-1.20153
1656615324713	1	2	4	3	94	1.0	-1.19653
1656615324813	1	3	4	3	102	1.0	-1.19053
1656615324916	1	3	4	3	109	1.0	-1.18453
1656615325022	1	2	4	3	113	1.0	-0.96238
1656615325132	1	2	4	3	116	1.0	-0.95938
1656615325244	2	3	4	3	60	1.0	-0.47719
1656615325349	2	4	4	3	63	1.0	-0.47419
1656615325455	2	4	4	3	66	1.0	-0.47119
1656615325565	2	5	4	3	69	1.0	-0.46819
1656615325669	2	5	4	3	72	1.0	-0.46519
1656615325771	2	5	4	3	74	1.0	-0.46219
1656615325876	2	6	4	3	77	1.0	-0.45919
1656615325976	2	5	4	3	80	1.0	0.68187
1656615326081	2	5	4	3	78	1.0	0.68037
1656615326197	2	5	4	3	75	1.0	0.67837
1656615326301	2	5	4	3	71	1.0	0.67537
1656615326426	2	4	4	3	68	1.0	0.59511
1656615326558	2	4	4	3	66	1.0	0.59511
1656615326662	2	5	4	3	63	1.0	0.59511
1656615326773	2	3	4	3	63	1.0	-0.18334
1656615326880	2	3	4	3	64	1.0	-0.18334
1656615326983	2	3	4	2	65	1.0	-0.18334
1656615327087	2	2	4	3	66	1.0	-0.18334
1656615327190	2	3	4	3	67	1.0	-0.18334
1656615327294	2	3	4	3	68	1.0	-0.18334
1656615327396	2	3	4	3	69	1.0	-0.18334
1656615327500	2	3	4	3	70	1.0	-0.18334
1656615327603	2	4	4	3	71	1.0	-0.18334
1656615327705	2	4	4	2	72	1.0	-0.18334
1656615327812	2	4	4	3	74	1.0	-0.18334
1656615327916	2	1	4	2	74	1.0	0.07938
1656615328017	2	2	4	3	74	1.0	0.07938
1656615328119	2	3	4	3	74	1.0	0.07938
1656615328224	2	3	4	4	73	1.0	0.07938
1656615328331	2	3	4	3	73	1.0	0.07938
1656615328452	2	3	4	4	72	1.0	0.01022
1656615328566	2	3	4	3	72	0.5	0.01022
1656615328666	2	3	4	3	72	0.5	0.01022
1656615328772	2	3	4	3	72	0.5	0.01022
1656615328883	2	3	4	4	74	0.5	-1.37609
1656615328989	2	3	4	3	80	0.5	-1.37209
1656615329092	2	3	4	4	88	1.0	-1.36609
1656615329193	2	3	4	3	96	1.0	-1.36009
1656615329999	1	1	5	4	0	1.0	0.00000
1656615330099	1	1	5	4	0	1.0	0.00000
1656615330202	1	2	5	5	0	1.0	0.00000
1656615330307	1	2	5	3	0	1.0	0.00000
1656615330411	1	3	5	3	0	1.0	0.00000
1656615330514	1	3	5	1	0	1.0	0.00000
1656615330616	1	4	5	2	0	1.0	0.00000
1656615330724	1	4	5	1	0	1.0	0.00000
1656615330827	1	5	5	2	0	1.0	0.00000
1656615330930	1	5	5	2	0	1.0	0.00000
1656615331033	1	6	5	3	0	1.0	0.00000
1656615331138	1	6	5	2	0	1.0	0.00000
1656615331242	1	5	5	3	0	1.0	0.00000
1656615331347	1	5	5	2	0	1.0	0.00000
1656615331452	1	5	5	3	0	1.0	0.00000
1656615331557	1	4	5	3	0	1.0	0.00000
1656615331660	1	4	5	4	0	1.0	0.00000
1656615331762	1	4	5	3	0	1.0	0.00000
1656615331867	1	5	5	4	0	1.0	0.00000
1656615331974	1	4	5	3	0	1.0	0.00000
1656615332080	1	4	5	3	0	1.0	0.00000
1656615332205	1	4	5	2	2	1.0	-0.84346
1656615332311	1	4	5	3	5	1.0	-0.83946
1656615332416	1	4	5	2	10	1.0	-0.83346
1656615332521	1	4	5	3	15	1.0	-0.82746
1656615332623	1	5	5	3	20	1.0	-0.82146
1656615332729	1	5	5	3	25	1.0	-0.81546
1656615332831	1	4	5	3	30	1.0	-0.80946
1656615332932	1	5	5	3	35	1.0	-0.80346
1656615333033	1	6	5	3	39	1.0	-0.79746
1656615333139	1	5	5	2	44	1.0	-0.79146
1656615333250	1	4	5	3	41	1.0	1.66306
1656615333361	1	4	5	2	33	1.0	1.65806
1656615333466	1	3	5	2	23	1.0	1.65206
1656615333593	1	1	5	1	22	1.0	-0.38097
1656615333710	1	3	5	2	24	1.0	-0.37697
1656615333816	1	3	5	1	26	1.0	-0.37097
1656615333919	1	3	5	1	28	1.0	-0.36497
1656615334045	1	1	5	1	27	1.0	1.63450
1656615334146	1	2	5	3	20	1.0	1.63050
1656615334248	1	2	5	2	10	1.0	1.62450
1656615334351	1	3	5	3	1	1.0	1.61850
1656615334460	1	3	5	3	-11	0.0	1.61250
1656615334567	1	3	5	3	-20	0.0	1.60650
1656615334676	1	4	5	2	-30	0.0	1.60050
1656615334778	1	4	5	2	-40	0.0	1.59450
1656615334893	1	2	5	1	-40	0.0	-1.62439
1656615335024	1	2	5	1	-34	0.0	-1.62039
1656615335124	1	1	5	2	-24	0.0	-1.61439
1656615335225	1	1	5	1	-15	0.0	-1.60839
1656615335331	1	2	5	2	-5	0.0	-1.60239
1656615335433	1	2	5	2	5	1.0	-1.59639
1656615335540	1	1	5	2	16	1.0	-1.59039
1656615335650	1	1	5	2	25	1.0	-1.58439
1656615335752	1	3	5	3	35	1.0	-1.57839
1656615335854	1	3	5	2	44	1.0	-1.57239
1656615335961	1	2	5	3	54	1.0	1.90654
1656615336079	1	2	5	3	46	1.0	1.90254
1656615336182	1	3	5	2	37	1.0	1.89754
1656615336307	1	2	5	1	33	1.0	-0.54264
1656615336407	1	2	5	1	34	1.0	-0.53964
1656615336522	1	1	5	0	36	1.0	0.62633
1656615336640	1	1	5	0	33	1.0	0.62233
1656615336751	1	1	5	0	30	1.0	0.61733
1656615336851	1	2	5	1	26	1.0	0.61133
1656615336951	1	2	5	1	23	1.0	0.60533
1656615337054	1	1	5	1	20	1.0	0.59183
1656615337173	1	1	5	1	18	1.0	0.58783
1656615337278	1	2	5	2	14	1.0	0.58183
1656615337397	1	1	5	1	18	1.0	-1.68466
1656615337501	1	1	5	2	23	1.0	-1.68166
1656615337606	1	1	5	2	33	1.0	-1.67566
1656615337709	1	3	5	3	43	1.0	-1.66966
1656615337813	1	2	5	2	53	1.0	-1.42467
1656615337935	1	2	5	2	59	1.0	-1.42067
1656615338035	1	2	5	2	65	1.0	-1.41667
1656615338145	2	2	5	2	37	1.0	-0.70533
1656615338247	2	3	5	2	42	1.0	-0.70233
1656615338352	2	3	5	2	46	1.0	-0.69933
1656615338461	2	3	5	3	50	1.0	-0.69633
1656615338563	2	2	5	2	53	1.0	-0.62209
1656615338665	2	3	5	3	54	1.0	-0.62059
1656615338766	2	3	5	2	58	1.0	-0.61759
1656615338866	2	3	5	3	62	1.0	-0.61459
1656615338967	2	5	5	3	66	1.0	-0.61159
1656615339078	2	4	5	3	65	1.0	1.00528
1656615339186	2	2	5	3	65	1.0	-0.42011
1656615339300	2	2	5	3	67	1.0	-0.41811
1656615339419	2	2	5	3	70	1.0	-1.11161
1656615339548	2	2	5	2	75	1.0	-1.10761
1656615339651	2	2	5	3	81	1.0	-1.10161
1656615339755	2	2	5	2	88	1.0	-1.09561
1656615339862	2	2	5	3	95	1.0	-1.11515
1656615339976	2	2	5	3	98	1.0	-1.11215
1656615340079	2	2	5	3	102	1.0	-1.10815
1656615340182	2	2	5	3	109	1.0	-1.10215
1656615340298	2	2	5	3	115	1.0	-0.39653
1656615340411	2	2	5	3	117	1.0	-0.39653
1656615340515	2	2	5	2	119	1.0	-0.39653
1656615340621	2	3	5	3	121	1.0	-0.39653
1656615340728	2	3	5	2	124	1.0	-0.39653
1656615340836	2	3	5	3	125	1.0	0.59992
1656615340950	2	4	5	3	123	1.0	0.59992
1656615341064	2	4	5	3	120	1.0	0.59992
1656615341166	2	4	5	3	116	1.0	0.59992
1656615341267	2	3	5	4	112	1.0	0.59992
1656615341370	2	3	5	3	109	1.0	0.59992
1656615341474	2	4	5	3	105	1.0	0.59992
1656615341578	2	3	5	3	102	1.0	0.59992
1656615341682	2	3	5	2	99	1.0	0.59992
1656615341785	2	3	5	2	95	1.0	0.59992
1656615341885	2	2	5	2	92	1.0	0.59992
1656615342760	1	0	6	2	0	1.0	0.00000
1656615342863	1	1	6	3	0	1.0	0.00000
1656615342965	1	1	6	2	0	1.0	0.00000
1656615343070	1	2	6	3	0	1.0	0.00000
1656615343190	1	2	6	3	0	1.0	0.00000
1656615343294	1	3	6	4	0	1.0	0.00000
1656615343399	1	4	6	4	0	1.0	0.00000
1656615343504	1	4	6	4	0	1.0	0.00000
1656615343606	1	5	6	4	0	1.0	0.00000
1656615343709	1	5	6	3	0	1.0	0.00000
1656615343822	1	5	6	3	0	1.0	0.00000
1656615343947	1	5	6	3	2	1.0	-1.98757
1656615344064	1	5	6	3	10	1.0	-1.98357
1656615344179	1	4	6	3	20	1.0	-1.97857
1656615344284	1	4	6	3	32	1.0	-1.97257
1656615344388	1	4	6	3	44	1.0	-1.96657
1656615344493	1	5	6	3	55	1.0	-1.96057
1656615344596	1	4	6	4	67	1.0	-1.95457
1656615344699	1	4	6	3	79	1.0	-1.94857
1656615344803	1	5	6	4	90	1.0	-1.94257
1656615344905	1	5	6	3	102	1.0	-1.93657
1656615345014	1	5	6	3	112	1.0	-1.93157
1656615345122	1	6	6	3	123	1.0	-1.92557
1656615345228	1	6	6	4	135	1.0	-1.91957
1656615345332	1	5	6	3	146	1.0	-1.91357
1656615345433	1	6	6	4	158	1.0	-1.90757
1656615345544	1	6	6	3	169	1.0	-1.90157
1656615345652	1	4	6	3	181	1.0	-2.26531
1656615346419	1	2	7	1	0	1.0	0.00000
1656615346522	1	2	7	1	0	1.0	0.00000
1656615346626	1	2	7	2	0	1.0	0.00000
1656615346752	1	1	7	2	3	1.0	-1.50318
1656615346871	1	2	7	3	9	1.0	-1.49918
1656615346972	1	2	7	3	18	1.0	-1.49318
1656615347077	1	2	7	3	27	1.0	-1.48718
1656615347189	1	3	7	3	36	1.0	-1.48118
1656615347312	1	2	7	3	44	1.0	-1.83654
1656615347417	1	2	7	3	52	1.0	-1.83254
1656615347519	1	3	7	2	63	1.0	-1.82654
1656615347621	1	4	7	3	74	1.0	-1.82054
1656615347724	1	3	7	2	84	1.0	-1.81454
1656615347827	1	3	7	3	95	1.0	-1.80854
1656615347928	1	3	7	2	106	1.0	1.79033
1656615348028	1	4	7	3	101	1.0	1.78733
1656615348142	1	4	7	3	94	1.0	1.78333
1656615348266	1	3	7	3	91	1.0	-1.15236
1656615348390	1	3	7	2	95	1.0	-1.14836
1656615348497	1	3	7	2	102	1.0	-1.14236
1656615348599	1	2	7	1	109	1.0	-1.13636
1656615348703	1	2	7	0	116	1.0	-1.13036
1656615348812	1	1	7	0	123	1.0	-1.12436
1656615348915	1	1	7	0	129	1.0	2.82517
1656615349029	1	1	7	0	121	1.0	2.82217
1656615349136	1	2	7	1	110	1.0	2.81817
1656615349236	1	2	7	1	93	1.0	2.81217
1656615349338	1	3	7	2	76	1.0	2.80617
1656615349444	1	3	7	3	59	1.0	2.80017
1656615349545	1	3	7	3	42	1.0	2.79417
1656615349651	1	3	7	3	25	1.0	2.78817
1656615349754	1	4	7	4	9	1.0	2.78217
1656615349859	1	5	7	3	-8	0.0	2.77617
1656615349962	1	5	7	3	-25	0.0	2.77017
1656615350072	1	4	7	3	-31	0.0	0.35098
1656615350183	1	5	7	4	-33	0.0	0.34598
1656615350286	1	5	7	3	-35	0.0	0.33998
1656615350391	1	4	7	4	-37	0.0	0.33398
1656615350497	1	3	7	3	-39	0.0	0.32798
1656615350602	1	4	7	4	-41	0.0	0.32198
1656615350704	1	3	7	3	-43	0.0	0.31598
1656615350806	1	4	7	3	-45	0.0	0.30998
1656615350913	1	5	7	3	-47	0.0	0.30398
1656615351015	1	4	7	3	-49	0.0	0.29798
1656615351118	1	5	7	3	-51	0.0	0.29198
1656615351219	1	5	7	2	-52	0.0	0.28598
1656615351323	1	5	7	3	-54	0.0	0.27998
1656615351428	1	5	7	2	-56	0.0	0.27398
1656615351530	1	5	7	3	-57	0.0	0.26798
1656615351637	1	5	7	2	-59	0.0	0.26198
1656615351745	1	5	7	3	-60	0.0	0.25598
1656615351849	1	6	7	3	-62	0.0	0.24998
1656615351953	1	6	7	4	-63	0.0	0.24398
1656615352059	1	6	7	3	-65	0.0	0.23798
1656615352162	1	6	7	4	-66	0.0	0.23198
1656615352267	1	6	7	3	-68	0.0	0.22598
1656615352376	1	5	7	3	-71	0.0	1.03250
1656615352478	1	5	7	2	-76	0.0	1.02850
1656615352582	1	5	7	3	-82	0.0	1.02250
1656615352689	1	4	7	3	-86	0.0	-1.36096
1656615352800	1	4	7	3	-81	0.0	-1.35696
1656615352901	1	4	7	2	-74	0.0	-1.35196
1656615353001	1	4	7	2	-66	0.0	-1.34596
1656615353104	1	4	7	2	-58	0.0	-1.33996
1656615353209	1	5	7	2	-50	0.0	-1.33396
1656615353310	1	5	7	3	-42	0.0	-1.32796
1656615353440	1	4	7	3	-44	0.0	0.82602
1656615353553	1	3	7	4	-49	0.0	0.82102
1656615353655	1	3	7	3	-54	0.0	0.81502
1656615353767	1	2	7	3	-53	0.0	-1.40362
1656615353873	1	2	7	2	-48	0.0	-1.39962
1656615353974	1	3	7	3	-39	0.0	-1.39362
1656615354078	1	3	7	2	-31	0.0	-1.38762
1656615354190	1	2	7	3	-22	0.0	-2.03168
1656615354298	1	3	7	3	-14	0.0	-2.02768
1656615354414	2	4	7	3	-1	0.5	-1.01084
1656615354516	2	3	7	3	5	1.0	-1.00784
1656615354625	2	1	7	3	9	1.0	0.43469
1656615354733	2	2	7	3	7	1.0	-0.95798
1656615354843	2	2	7	2	10	1.0	-0.95648
1656615354965	2	2	7	3	13	1.0	-0.95498
1656615355065	2	3	7	3	19	1.0	-0.95198
1656615355176	2	2	7	3	19	1.0	0.55228
1656615355285	2	2	7	2	17	1.0	0.55028
1656615355390	2	3	7	4	13	1.0	0.54728
1656615355497	2	4	7	3	10	1.0	0.54428
1656615355604	2	4	7	3	7	1.0	0.54128
1656615355728	2	3	7	3	3	1.0	0.91284
1656615355852	2	4	7	4	0	0.5	0.91084
1656615355968	2	4	7	2	-6	0.5	0.90784
1656615356072	2	4	7	4	-11	0.5	-0.50133
1656615356195	2	3	7	3	-9	0.5	-0.49933
1656615356296	2	4	7	4	-7	0.5	-0.49733
1656615356401	2	4	7	3	-4	0.5	-0.49433
1656615356504	2	3	7	4	-1	0.5	-0.49133
1656615356607	2	3	7	2	2	1.0	-0.48833
1656615356711	2	4	7	3	4	1.0	-0.48533
1656615356815	2	4	7	2	7	1.0	-0.48233
1656615356919	2	4	7	3	10	1.0	-0.47933
1656615357041	2	3	7	2	7	1.0	0.96839
1656615357152	2	4	7	3	2	1.0	0.96589
1656615357256	2	4	7	2	-4	0.5	0.96289
1656615357363	2	3	7	3	-10	0.5	0.95989
1656615357470	2	2	7	2	-8	0.5	-0.75889
1656615357581	2	2	7	3	-6	0.5	-0.75739
1656615357686	2	2	7	2	-1	0.5	-0.75439
1656615357791	2	2	7	3	3	1.0	-0.75139
1656615357895	2	3	7	3	8	1.0	-1.23400
1656615358015	2	3	7	4	13	1.0	-1.23000
1656615358120	2	2	7	3	19	1.0	-1.22500
1656615358227	2	2	7	4	26	1.0	-1.62305
1656615358347	2	2	7	4	33	1.0	-1.61905
1656615358458	2	3	7	4	41	1.0	-1.61405
1656615358573	2	3	7	3	52	1.0	-1.60705
1656615358681	2	4	7	4	62	1.0	-1.60105
1656615358810	2	4	7	3	71	1.0	-1.64506
1656615358916	2	4	7	3	77	1.0	-1.64106
1656615359018	2	4	7	2	87	1.0	-1.63506
1656615359121	2	4	7	2	97	1.0	-1.62906
1656615359225	2	3	7	1	107	1.0	-1.62306
1656615359326	2	3	7	1	116	1.0	-1.61706
1656615359428	2	4	7	0	126	1.0	-1.61106
1656615359530	2	4	7	0	136	1.0	-1.60506
1656615359632	2	3	7	0	145	1.0	-1.59906
1656615359736	2	4	7	2	155	1.0	-1.59306
1656615359836	2	4	7	2	165	1.0	-1.58706
1656615359938	2	3	7	4	174	1.0	-1.58106
1656615360755	1	0	8	3	0	1.0	0.00000
1656615360859	1	0	8	3	0	1.0	0.00000
1656615360967	1	1	8	3	0	1.0	0.00000
1656615361071	1	1	8	3	0	1.0	0.00000
1656615361176	1	2	8	3	0	1.0	0.00000
1656615361301	1	1	8	2	2	1.0	-2.02891
1656615361416	1	2	8	3	10	1.0	-2.02491
1656615361527	1	2	8	3	20	1.0	-2.01991
1656615361631	1	3	8	3	32	1.0	-2.01391
1656615361739	1	4	8	3	44	1.0	-2.00791
1656615361856	1	2	8	4	45	1.0	-0.28347
1656615361992	1	3	8	4	46	1.0	-0.27947
1656615362097	1	4	8	3	47	1.0	-0.27447
1656615362199	1	4	8	4	49	1.0	-0.26847
1656615362302	1	3	8	3	47	1.0	1.32749
1656615362404	1	3	8	3	42	1.0	1.32349
1656615362513	1	4	8	3	34	1.0	1.31749
1656615362617	1	4	8	4	26	1.0	1.31149
1656615362725	1	3	8	3	18	1.0	2.18811
1656615362841	1	3	8	4	11	1.0	2.18511
1656615362944	1	2	8	3	13	1.0	-2.03741
1656615363049	1	3	8	3	19	1.0	-2.03441
1656615363174	1	2	8	3	29	1.0	-2.02941
1656615363278	1	3	8	3	41	1.0	-2.02341
1656615363387	1	3	8	2	54	1.0	-2.01741
1656615363493	1	3	8	2	66	1.0	-2.01141
1656615363600	1	3	8	2	78	1.0	-0.91776
1656615363700	1	3	8	1	80	1.0	-0.91476
1656615363806	1	3	8	2	83	1.0	-0.91176
1656615363913	1	3	8	3	89	1.0	-0.90576
1656615364022	1	4	8	4	94	1.0	-0.89976
1656615364133	1	4	8	3	99	1.0	-0.89376
1656615364235	1	5	8	4	105	1.0	-0.88776
1656615364361	1	5	8	4	100	1.0	2.06188
1656615364461	1	5	8	3	91	1.0	2.05888
1656615364562	1	5	8	3	79	1.0	2.05288
1656615364685	1	3	8	3	73	1.0	-1.18600
1656615364818	1	4	8	3	78	1.0	-1.18200
1656615364931	1	3	8	2	85	1.0	-1.17600
1656615365033	1	2	8	4	92	1.0	-1.17000
1656615365144	1	2	8	3	99	1.0	-1.16400
1656615365251	1	3	8	4	104	1.0	-0.80001
1656615365351	1	3	8	3	106	1.0	-0.79701
1656615365459	1	3	8	3	110	1.0	-0.79201
1656615365563	1	3	8	1	115	1.0	-0.78601
1656615365667	1	4	8	2	120	1.0	-0.78001
1656615365771	1	4	8	1	125	1.0	-0.77401
1656615365875	1	4	8	2	129	1.0	-0.76801
1656615365980	1	5	8	3	134	1.0	-0.76201
1656615366084	1	5	8	3	138	1.0	-0.75601
1656615366189	1	5	8	3	143	1.0	-0.75001
1656615366289	1	5	8	3	147	1.0	-0.74401
1656615366396	1	6	8	3	152	1.0	-0.73801
1656615366498	1	4	8	2	156	1.0	-0.73201
1656615366607	1	5	8	3	161	1.0	-0.72601
1656615366710	1	5	8	2	165	1.0	-0.72001
1656615366817	1	5	8	3	169	1.0	-0.71401
1656615366924	1	5	8	2	174	1.0	-0.70801
1656615367033	1	6	8	3	178	1.0	-0.70201
1656615367144	1	4	8	2	183	1.0	-0.69601
1656615367880	1	0	9	3	0	1.0	0.00000
1656615367981	1	1	9	2	0	1.0	0.00000
1656615368089	1	1	9	3	0	1.0	0.00000
1656615368198	1	1	9	2	0	1.0	0.00000
1656615368303	1	2	9	2	0	1.0	0.00000
1656615368411	1	3	9	3	0	1.0	0.00000
1656615368513	1	3	9	3	0	1.0	0.00000
1656615368613	1	3	9	3	0	1.0	0.00000
1656615368718	1	4	9	4	0	1.0	0.00000
1656615368822	1	5	9	4	0	1.0	0.00000
1656615368928	1	5	9	3	0	1.0	0.00000
1656615369034	1	4	9	3	3	1.0	-1.70322
1656615369155	1	4	9	3	10	1.0	-1.69922
1656615369259	1	4	9	3	20	1.0	-1.69322
1656615369361	1	5	9	3	31	1.0	-1.68722
1656615369464	1	5	9	3	41	1.0	-1.68122
1656615369568	1	6	9	4	51	1.0	-1.67522
1656615369697	1	4	9	3	42	1.0	2.66853
1656615369808	1	3	9	3	28	1.0	-1.24121
1656615369931	1	4	9	2	33	1.0	-1.23721
1656615370044	1	4	9	3	40	1.0	-1.23221
1656615370162	1	3	9	2	47	1.0	-1.33654
1656615370271	1	3	9	3	51	1.0	-1.33354
1656615370386	1	3	9	2	59	1.0	-1.32754
1656615370490	1	3	9	3	67	1.0	-1.32154
1656615370600	1	3	9	2	75	1.0	-1.31554
1656615370703	1	5	9	4	83	1.0	-1.30954
1656615370809	1	4	9	3	92	1.0	2.33949
1656615370910	1	4	9	4	85	1.0	2.33649
1656615371016	1	4	9	3	78	1.0	2.33349
1656615371124	1	5	9	4	64	1.0	2.32749
1656615371229	1	4	9	2	48	1.0	2.32149
1656615371333	1	3	9	3	45	1.0	-0.86641
1656615371439	1	3	9	2	49	1.0	-0.86241
1656615371540	1	3	9	3	54	1.0	-0.85641
1656615371649	1	2	9	2	60	1.0	-1.47184
1656615371776	1	2	9	3	64	1.0	-1.46884
1656615371879	1	3	9	2	70	1.0	-1.46484
1656615371984	1	3	9	3	79	1.0	-1.45884
1656615372094	1	2	9	2	86	1.0	-1.16802
1656615372208	1	3	9	3	89	1.0	-1.16502
1656615372319	1	3	9	2	95	1.0	-1.16002
1656615372422	1	4	9	4	102	1.0	-1.15402
1656615372525	1	4	9	3	109	1.0	-1.14802
1656615372631	1	4	9	4	116	1.0	-1.14202
1656615372732	1	4	9	3	123	1.0	-1.13602
1656615372835	1	5	9	4	124	1.0	3.13940
1656615372965	1	5	9	3	112	1.0	3.13540
1656615373075	1	4	9	3	100	1.0	-1.34370
1656615373198	1	3	9	3	106	1.0	-1.33970
1656615373304	1	4	9	3	112	1.0	-1.33470
1656615373424	1	3	9	3	111	1.0	1.90795
1656615373541	1	3	9	2	104	1.0	1.90395
1656615373645	1	3	9	4	92	1.0	1.89795
1656615373749	1	3	9	3	81	1.0	1.89195
1656615373850	1	4	9	4	70	1.0	1.88595
1656615373952	1	4	9	3	58	1.0	1.87995
1656615374054	1	4	9	4	47	1.0	1.87395
1656615374159	1	4	9	3	36	1.0	1.86795
1656615374263	1	5	9	3	25	1.0	1.86195
1656615374367	1	5	9	3	13	1.0	1.85595
1656615374475	1	5	9	3	0	1.0	1.84995
1656615374578	1	6	9	3	-11	0.0	1.84395
1656615374680	1	5	9	2	-22	0.0	1.83795
1656615374791	1	5	9	3	-25	0.0	-1.11349
1656615374900	1	4	9	3	-27	0.0	1.94637
1656615375002	1	5	9	3	-33	0.0	1.94337
1656615375109	1	3	9	2	-34	0.0	-1.12631
1656615375227	1	3	9	2	-30	0.0	-1.12231
1656615375334	1	3	9	1	-23	0.0	-1.11631
1656615375440	1	1	9	0	-16	0.0	0.28507
1656615375548	1	1	9	2	-17	0.0	0.28107
1656615375661	1	1	9	2	-19	0.0	0.27607
1656615375763	1	1	9	3	-20	0.0	0.27007
1656615375877	1	0	9	3	-17	0.0	-2.47391
1656615375979	1	1	9	4	-9	0.0	-2.47091
1656615376083	1	2	9	2	3	1.0	-2.46591
1656615376185	1	3	9	3	18	1.0	-2.45991
1656615376286	1	3	9	2	33	1.0	-2.45391
1656615376387	1	3	9	2	47	1.0	-2.44791
1656615376490	2	3	9	2	28	1.0	-0.85190
1656615376596	2	3	9	2	30	1.0	-0.85040
1656615376696	2	3	9	1	35	1.0	-0.84790
1656615376798	2	3	9	2	40	1.0	-0.84490
1656615376901	2	5	9	3	45	1.0	-0.84190
1656615377002	2	5	9	2	50	1.0	-0.83890
1656615377107	2	5	9	3	55	1.0	-2.03195
1656615377226	2	4	9	3	63	1.0	-2.02795
1656615377332	2	4	9	3	71	1.0	-2.02395
1656615377440	2	4	9	2	83	1.0	-2.01795
1656615377546	2	4	9	3	95	1.0	-2.01195
1656615377649	2	4	9	2	99	1.0	-0.44095
1656615377771	2	4	9	3	100	1.0	-0.44095
1656615377873	2	3	9	2	103	1.0	-0.44095
1656615377977	2	3	9	3	105	1.0	-0.44095
1656615378079	2	4	9	3	108	1.0	-0.44095
1656615378184	2	3	9	3	111	1.0	-0.44095
1656615378286	2	4	9	3	113	1.0	-0.44095
1656615378402	2	3	9	3	110	1.0	1.40695
1656615378507	2	4	9	3	106	1.0	1.40395
1656615378611	2	4	9	3	97	1.0	1.39795
1656615378716	2	5	9	4	89	1.0	1.39195
1656615378822	2	4	9	3	81	1.0	1.38595
1656615378937	2	6	9	4	72	1.0	1.37995
1656615379042	2	6	9	3	64	1.0	1.37395
1656615379146	2	4	9	2	58	1.0	1.64728
1656615379258	2	5	9	3	53	1.0	1.64428
1656615379359	2	4	9	3	48	1.0	1.64128
1656615379465	2	3	9	3	44	1.0	0.36520
1656615379594	2	3	9	3	43	1.0	0.36520
1656615379708	2	3	9	4	40	1.0	0.36520
1656615379817	2	2	9	2	41	1.0	-0.26245
1656615379932	2	2	9	3	42	1.0	-0.26245
1656615380038	2	3	9	3	43	1.0	-0.26245
1656615380156	2	2	9	3	47	1.0	-1.88972
1656615380281	2	2	9	3	55	1.0	0.19395
1656615380401	2	2	9	4	54	1.0	0.19395
1656615380504	2	1	9	3	54	1.0	-1.68639
1656615380627	2	2	9	3	60	1.0	-1.68239
1656615380747	2	2	9	3	69	1.0	-1.67739
1656615380849	2	2	9	3	79	1.0	-1.67139
1656615380952	2	2	9	2	89	1.0	-1.66539
1656615381054	2	3	9	3	99	1.0	-1.65939
1656615381164	2	4	9	2	109	1.0	-1.65339
1656615381270	2	4	9	3	119	1.0	-1.64739
1656615381380	2	5	9	3	129	1.0	-1.64139
1656615381485	2	5	9	4	138	1.0	-1.63539
1656615381589	2	4	9	3	148	1.0	-1.62939
1656615381695	2	5	9	4	159	1.0	-1.62339
1656615382496	1	0	10	3	0	1.0	0.00000
1656615382599	1	0	10	3	0	1.0	0.00000
1656615382702	1	2	10	3	0	1.0	0.00000
1656615382803	1	2	10	2	0	1.0	0.00000
1656615382910	1	4	10	3	0	1.0	0.00000
1656615383016	1	3	10	2	7	1.0	-2.28641
1656615383125	1	3	10	3	14	1.0	-2.28341
1656615383234	1	3	10	2	27	1.0	-2.27741
1656615383344	1	4	10	3	41	1.0	-2.27141
1656615383465	1	3	10	2	52	1.0	-2.08651
1656615383566	1	3	10	3	58	1.0	-2.08351
1656615383668	1	3	10	2	70	1.0	-2.07751
1656615383772	1	3	10	2	83	1.0	-2.07151
1656615383872	1	4	10	3	95	1.0	-2.06551
1656615383976	1	4	10	3	108	1.0	-2.05951
1656615384079	1	4	10	3	120	1.0	-2.05351
1656615384179	1	4	10	3	126	1.0	2.23364
1656615384289	1	4	10	4	119	1.0	2.23064
1656615384403	1	4	10	2	110	1.0	2.22664
1656615384508	1	5	10	3	97	1.0	2.22064
1656615384612	1	5	10	3	84	1.0	2.21464
1656615384724	1	4	10	4	74	1.0	-1.20695
1656615384842	1	4	10	4	79	1.0	-1.20295
1656615384956	1	5	10	4	86	1.0	-1.19695
1656615385058	1	5	10	4	93	1.0	-1.19095
1656615385160	1	4	10	3	100	1.0	-1.18495
1656615385261	1	6	10	3	107	1.0	-1.17895
1656615385395	1	5	10	3	112	1.0	0.00063
1656615385502	1	5	10	4	112	1.0	0.00000
1656615385612	1	6	10	4	112	1.0	0.00000
1656615385717	1	5	10	4	112	1.0	0.00000
1656615385828	1	5	10	3	112	1.0	0.00000
1656615385933	1	5	10	4	112	1.0	0.00000
1656615386036	1	6	10	4	112	1.0	0.00000
1656615386167	1	5	10	3	106	1.0	3.04553
1656615386279	1	4	10	4	94	1.0	3.04153
1656615386384	1	5	10	5	75	1.0	3.03553
1656615386488	1	4	10	3	57	1.0	3.02953
1656615386590	1	4	10	3	39	1.0	3.02353
1656615386693	1	5	10	3	21	1.0	3.01753
1656615386803	1	5	10	4	3	1.0	3.01153
1656615386912	1	6	10	3	-15	0.0	3.00553
1656615387028	1	5	10	4	-28	0.0	-1.74473
1656615387144	1	5	10	3	-21	0.0	-1.74073
1656615387257	1	4	10	4	-13	0.0	-1.73573
1656615387362	1	4	10	3	-2	0.0	-1.72973
1656615387483	1	4	10	4	-1	0.0	0.27890
1656615387586	1	5	10	3	-2	0.0	0.27590
1656615387687	1	4	10	5	-4	0.0	0.26990
1656615387793	1	3	10	4	-6	0.0	-1.57187
1656615387897	1	4	10	4	-1	0.0	-1.56887
1656615388015	1	2	10	3	0	1.0	1.03721
1656615388142	1	2	10	4	-4	0.0	1.03321
1656615388246	1	3	10	3	-10	0.0	1.02721
1656615388355	1	2	10	3	-17	0.0	1.02121
1656615388455	1	3	10	2	-23	0.0	1.01521
1656615388567	1	3	10	3	-29	0.0	1.00921
1656615388678	1	4	10	3	-36	0.0	1.00321
1656615388782	1	4	10	3	-42	0.0	0.99721
1656615388907	1	3	10	3	-47	0.0	1.85111
1656615389032	1	5	10	4	-55	0.0	1.84711
1656615389134	1	5	10	3	-66	0.0	1.84111
1656615389260	1	3	10	3	-65	0.0	-1.40960
1656615389363	1	3	10	2	-61	0.0	-1.40660
1656615389466	1	3	10	3	-52	0.0	-1.40060
1656615389570	1	3	10	2	-44	0.0	-1.39460
1656615389686	1	2	10	3	-34	0.0	-2.47765
1656615389788	1	2	10	2	-26	0.0	-2.47465
1656615389894	1	4	10	3	-14	0.0	-2.46965
1656615389997	1	3	10	2	1	1.0	-2.46365
1656615390109	1	4	10	3	16	1.0	-2.45765
1656615390215	1	4	10	3	31	1.0	-2.45165
1656615390317	1	4	10	4	45	1.0	-2.44565
1656615390423	1	4	10	3	60	1.0	-2.43965
1656615390527	1	4	10	4	75	1.0	-2.43365
1656615390633	1	5	10	3	89	1.0	-2.42765
1656615390736	1	5	10	3	104	1.0	1.90092
1656615390837	1	5	10	2	94	1.0	1.89692
1656615390960	1	3	10	3	90	1.0	-1.57391
1656615391079	2	4	10	3	47	1.0	-0.78545
1656615391183	2	4	10	3	50	1.0	-0.78395
1656615391286	2	4	10	3	54	1.0	-0.78095
1656615391389	2	3	10	3	59	1.0	-0.77795
1656615391490	2	4	10	3	64	1.0	-0.77495
1656615391592	2	4	10	2	69	1.0	-0.77195
1656615391694	2	6	10	3	74	1.0	-0.76895
1656615391802	2	5	10	2	74	1.0	0.11661
1656615391912	2	5	10	4	74	1.0	0.11511
1656615392015	2	4	10	3	73	1.0	0.11211
1656615392118	2	5	10	4	72	1.0	0.10911
1656615392229	2	4	10	4	72	1.0	-0.12867
1656615392355	2	4	10	5	73	1.0	-0.12667
1656615392486	2	3	10	4	73	1.0	0.66238
1656615392617	2	4	10	6	70	1.0	0.66038
1656615392730	2	4	10	5	66	1.0	0.65738
1656615392834	2	3	10	6	62	1.0	0.65438
1656615392971	2	3	10	5	62	1.0	-0.49133
1656615393075	2	3	10	5	66	1.0	-1.49723
1656615393176	2	2	10	3	70	1.0	-1.49423
1656615393289	2	2	10	4	78	1.0	-1.48923
1656615393393	2	2	10	2	87	1.0	-1.48323
1656615393500	2	2	10	3	96	1.0	-1.47723
1656615393600	2	3	10	3	105	1.0	-1.47123
1656615393703	2	3	10	3	112	1.0	-1.46623
1656615393816	2	4	10	3	121	1.0	-1.46023
1656615393941	2	4	10	3	126	1.0	0.27680
1656615394063	2	4	10	2	126	1.0	0.27680
1656615394168	2	4	10	2	124	1.0	0.27680
1656615394282	2	5	10	3	123	1.0	0.27680
1656615394390	2	3	10	2	122	1.0	0.27680
1656615394499	2	3	10	3	120	1.0	0.27680
1656615394623	2	2	10	3	123	1.0	-1.87093
1656615394727	2	3	10	3	127	1.0	-1.86893
1656615394838	2	3	10	3	133	1.0	-1.86593
1656615395646	1	1	11	2	0	1.0	0.00000
1656615395754	1	1	11	2	0	1.0	0.00000
1656615395858	1	2	11	2	0	1.0	0.00000
1656615395962	1	2	11	3	0	1.0	0.00000
1656615396078	1	2	11	2	3	1.0	-2.55634
1656615396185	1	3	11	3	13	1.0	-2.55234
1656615396285	1	3	11	3	26	1.0	-2.54734
1656615396420	1	3	11	3	22	1.0	2.24294
1656615396531	1	2	11	2	13	1.0	-2.46094
1656615396631	1	2	11	3	20	1.0	-2.45794
1656615396734	1	3	11	2	30	1.0	-2.45394
1656615396835	1	2	11	2	45	1.0	-2.44794
1656615396967	1	1	11	2	52	1.0	-1.38657
1656615397068	1	1	11	3	56	1.0	-1.38357
1656615397180	1	1	11	2	62	1.0	-1.37957
1656615397285	1	1	11	2	70	1.0	-1.37357
1656615397385	1	1	11	2	78	1.0	-1.36757
1656615397487	1	1	11	2	86	1.0	-1.36157
1656615397590	1	3	11	2	94	1.0	-1.35557
1656615397716	1	2	11	2	94	1.0	1.08126
1656615397820	1	2	11	3	91	1.0	1.07826
1656615397924	1	3	11	3	84	1.0	1.07226
1656615398029	1	4	11	3	78	1.0	1.06626
1656615398132	1	3	11	2	71	1.0	1.06026
1656615398266	1	3	11	3	67	1.0	0.10206
1656615398387	1	3	11	3	66	1.0	0.09806
1656615398490	1	3	11	3	66	1.0	0.09206
1656615398597	1	5	11	3	65	1.0	0.08606
1656615398701	1	5	11	3	65	1.0	0.08006
1656615398808	1	5	11	3	65	1.0	-0.69862
1656615398917	1	5	11	3	68	1.0	-0.69462
1656615399028	1	5	11	4	72	1.0	-0.68862
1656615399131	1	6	11	4	77	1.0	-0.68262
1656615399251	1	4	11	4	83	1.0	-1.54917
1656615399364	1	4	11	4	88	1.0	-1.54617
1656615399468	1	3	11	3	97	1.0	-1.54017
1656615399588	1	3	11	3	105	1.0	-1.07302
1656615399712	1	3	11	2	109	1.0	-1.06902
1656615399816	1	4	11	2	116	1.0	-1.06302
1656615399920	1	5	11	2	122	1.0	-1.05702
1656615400024	1	5	11	2	129	1.0	-1.05102
1656615400135	1	5	11	2	135	1.0	-1.04502
1656615400238	1	6	11	3	141	1.0	-1.03902
1656615400341	1	5	11	4	147	1.0	-1.03302
1656615400467	1	4	11	3	150	1.0	0.84815
1656615400573	1	4	11	3	147	1.0	0.84515
1656615400680	1	5	11	3	143	1.0	0.84015
1656615400786	1	5	11	2	138	1.0	0.83415
1656615400887	1	5	11	2	133	1.0	2.09815
1656615401017	1	4	11	2	127	1.0	-0.83598
1656615401153	1	3	11	3	131	1.0	-0.83198
1656615401255	1	3	11	2	135	1.0	-0.82698
1656615401377	1	4	11	3	141	1.0	-0.67271
1656615401495	1	3	11	2	143	1.0	-0.81591
1656615401613	1	3	11	3	146	1.0	-0.81191
1656615401714	1	3	11	2	151	1.0	-0.80791
1656615401816	1	4	11	3	155	1.0	-0.80191
1656615401919	1	3	11	2	160	1.0	-0.79591
1656615402026	1	4	11	3	165	1.0	-0.78991
1656615402134	1	5	11	2	170	1.0	-0.78391
1656615402240	1	5	11	3	174	1.0	-0.77791
1656615402346	1	5	11	2	179	1.0	-0.77191
1656615402456	1	6	11	3	184	1.0	-0.76591
1656615403255	1	1	12	1	0	1.0	0.00000
1656615403358	1	1	12	2	0	1.0	0.00000
1656615403461	1	2	12	2	0	1.0	0.00000
1656615403563	1	2	12	2	0	1.0	0.00000
1656615403671	1	3	12	3	0	1.0	0.00000
1656615403783	1	3	12	3	0	1.0	-0.11229
1656615403902	1	4	12	3	1	1.0	-0.10829
1656615404019	1	3	12	2	3	1.0	-1.34155
1656615404126	1	3	12	3	7	1.0	-1.33855
1656615404229	1	3	12	2	12	1.0	-1.33455
1656615404334	1	3	12	3	20	1.0	-1.32855
1656615404434	1	4	12	3	28	1.0	-1.32255
1656615404539	1	5	12	4	36	1.0	-1.31655
1656615404651	1	4	12	4	41	1.0	1.62715
1656615404766	1	4	12	4	34	1.0	1.62315
1656615404880	1	5	12	4	26	1.0	1.61815
1656615404984	1	5	12	3	16	1.0	1.61215
1656615405087	1	5	12	3	5	1.0	1.60615
1656615405205	1	5	12	2	4	1.0	-2.62008
1656615405335	1	6	12	3	14	1.0	-2.61608
1656615405437	1	5	12	2	30	1.0	-2.61008
1656615405542	1	4	12	3	46	1.0	-2.39455
1656615405660	1	5	12	3	55	1.0	-2.39055
1656615405772	1	4	12	3	63	1.0	-2.38755
1656615405876	1	4	12	3	77	1.0	-2.38155
1656615405982	1	4	12	3	91	1.0	-0.96924
1656615406087	1	4	12	3	92	1.0	1.88767
1656615406199	1	3	12	2	85	1.0	1.88367
1656615406315	1	3	12	2	73	1.0	1.87767
1656615406415	1	3	12	3	62	1.0	1.87167
1656615406520	1	3	12	3	51	1.0	1.86567
1656615406622	1	5	12	3	40	1.0	1.85967
1656615406738	1	5	12	3	29	1.0	1.85367
1656615406847	1	6	12	4	34	1.0	-2.39217
1656615406959	1	5	12	2	46	1.0	-2.38717
1656615407067	1	5	12	3	60	1.0	-2.38117
1656615407169	1	6	12	3	74	1.0	-2.37517
1656615407270	1	5	12	3	89	1.0	-2.36917
1656615407381	1	6	12	3	103	1.0	-2.36317
1656615407484	1	7	12	3	117	1.0	-2.35717
1656615407596	1	6	12	3	114	1.0	1.90965
1656615407704	1	5	12	2	104	1.0	1.90465
1656615407812	1	4	12	3	93	1.0	1.89865
1656615407917	1	3	12	2	81	1.0	1.89265
1656615408026	1	5	12	4	70	1.0	1.88665
1656615408130	1	5	12	3	59	1.0	1.88065
1656615408236	1	5	12	5	47	1.0	1.87465
1656615408345	1	4	12	4	36	1.0	-0.64672
1656615408458	1	3	12	4	39	1.0	-0.64272
1656615408569	1	4	12	3	41	1.0	-0.63872
1656615408678	1	4	12	3	45	1.0	-0.63272
1656615408793	1	3	12	1	50	1.0	-1.46207
1656615408903	1	4	12	3	56	1.0	-1.45807
1656615409009	1	4	12	3	65	1.0	-1.45207
1656615409112	1	5	12	2	73	1.0	-1.44607
1656615409215	1	4	12	4	83	1.0	3.02970
1656615409326	1	4	12	4	74	1.0	3.02670
1656615409428	1	4	12	2	62	1.0	3.02370
1656615409535	1	4	12	2	44	1.0	3.01770
1656615409636	1	4	12	2	26	1.0	3.01170
1656615409736	1	4	12	0	25	1.0	-2.34379
1656615409837	1	2	12	0	34	1.0	-2.33979
1656615409954	1	1	12	0	41	1.0	1.08090
1656615410080	1	1	12	0	37	1.0	1.07690
1656615410182	1	0	12	0	29	1.0	1.07090
1656615410286	1	0	12	0	23	1.0	1.06490
1656615410390	1	1	12	0	17	1.0	1.05890
1656615410493	1	1	12	0	10	1.0	1.05290
1656615410598	1	0	12	0	4	1.0	2.47718
1656615410712	1	0	12	0	-3	0.0	2.47418
1656615410830	1	0	12	1	-16	0.0	2.46918
1656615410933	1	0	12	1	-31	0.0	2.46318
1656615411036	1	0	12	1	-45	0.0	2.45718
1656615411143	1	1	12	1	-60	0.0	2.45118
1656615411248	1	1	12	2	-75	0.0	2.44518
1656615411350	1	1	12	1	-89	0.0	2.43918
1656615411453	1	1	12	1	-104	0.0	2.43318
1656615411556	1	1	12	1	-119	0.0	2.42718
1656615411659	2	3	12	2	-67	0.5	1.21059
1656615411769	2	2	12	1	-68	0.5	-0.72143
1656615411872	2	1	12	1	-68	0.5	0.50446
1656615411976	2	1	12	1	-69	0.5	0.50296
1656615412086	2	1	12	1	-72	0.5	0.49996
1656615412190	2	1	12	0	-75	0.5	0.49696
1656615412293	2	2	12	0	-79	0.5	0.49396
1656615412398	2	2	12	0	-82	0.5	0.49096
1656615412512	2	3	12	2	-84	0.5	-0.65527
1656615412634	2	2	12	2	-80	0.0	-0.59713
1656615412766	2	2	12	2	-78	0.0	-0.59713
1656615412871	2	1	12	2	-74	0.0	-0.59713
1656615412973	2	2	12	3	-71	0.0	-0.59713
1656615413075	2	3	12	1	-67	0.0	-0.59713
1656615413179	2	3	12	1	-64	0.0	-0.59713
1656615413281	2	3	12	2	-60	0.0	-0.59713
1656615413386	2	3	12	2	-57	0.0	-0.59713
1656615413488	2	4	12	1	-53	0.0	-0.59713
1656615413592	2	4	12	1	-49	0.0	-0.59713
1656615413696	2	3	12	1	-46	0.0	-0.59713
1656615413806	2	4	12	1	-43	0.0	0.26510
1656615413916	2	4	12	1	-44	0.0	0.26510
1656615414029	2	3	12	1	-46	0.0	0.26510
1656615414132	2	2	12	1	-47	0.0	0.26510
1656615414236	2	2	12	1	-49	0.0	0.26510
1656615414354	2	1	12	0	-55	0.0	1.79933
1656615414459	2	2	12	0	-60	0.0	1.79633
1656615414562	2	3	12	1	-71	0.0	1.79033
1656615414665	2	2	12	1	-82	0.0	-0.53757
1656615414777	2	2	12	1	-80	0.0	-0.53757
1656615414887	2	3	12	2	-77	0.0	-0.53757
1656615414993	2	2	12	2	-72	0.0	-0.53757
1656615415101	2	2	12	2	-69	0.0	-2.81893
1656615415210	2	2	12	2	-61	0.0	-2.81593
1656615415319	2	1	12	2	-54	0.0	-0.69003
1656615415450	2	1	12	1	-51	0.0	-0.69003
1656615415559	2	2	12	1	-47	0.0	-0.69003
1656615415662	2	1	12	0	-42	0.0	-0.69003
1656615415771	2	1	12	0	-38	0.0	-0.69003
1656615415881	2	1	12	0	-34	0.0	-0.69003
1656615415983	2	1	12	0	-30	0.0	-0.69003
1656615416083	2	1	12	0	-26	0.5	-0.69003
1656615416185	2	3	12	1	-22	0.5	-0.69003
1656615416292	2	3	12	1	-18	0.5	-0.69003
1656615416398	2	2	12	1	-12	0.5	-1.98613
1656615416507	2	2	12	2	-4	0.5	-1.98213
1656615416610	2	2	12	2	8	0.5	-1.97613
1656615416717	2	1	12	1	19	0.5	-1.97013
1656615416821	2	2	12	2	31	0.5	-1.96413
1656615416923	2	3	12	2	43	0.5	-1.95813
1656615417026	2	2	12	1	57	0.5	-1.20880
1656615417131	2	2	12	1	60	0.5	-1.20880
1656615417238	2	2	12	1	65	0.5	-1.20880
1656615417345	2	0	12	0	70	0.5	-0.15137
1656615417446	2	0	12	0	70	0.5	-0.15137
1656615418226	1	1	13	1	0	1.0	0.00000
1656615418330	1	2	13	2	0	1.0	0.00000
1656615418434	1	2	13	2	0	1.0	0.00000
1656615418538	1	2	13	2	0	1.0	0.00000
1656615418651	1	1	13	1	4	1.0	-1.89484
1656615418761	1	2	13	1	9	1.0	-1.89184
1656615418869	1	2	13	0	19	1.0	-1.88684
1656615418972	1	4	13	2	30	1.0	-1.88084
1656615419076	1	4	13	2	41	1.0	-1.87484
1656615419179	1	5	13	3	53	1.0	-1.86884
1656615419284	1	4	13	3	64	1.0	-1.86284
1656615419386	1	5	13	3	75	1.0	-1.85684
1656615419493	1	4	13	1	86	1.0	3.11039
1656615419594	1	5	13	2	77	1.0	3.10739
1656615419706	1	5	13	1	61	1.0	3.10239
1656615419808	1	4	13	1	43	1.0	3.09639
1656615419911	1	5	13	1	21	1.0	3.09039
1656615420015	1	3	13	1	3	1.0	3.08439
1656615420118	1	3	13	0	-16	0.0	3.07839
1656615420222	1	2	13	0	-34	0.0	3.07239
1656615420327	1	2	13	0	-53	0.0	3.06639
1656615420427	1	3	13	0	-71	0.0	3.06039
1656615420533	1	3	13	1	-90	0.0	3.05439
1656615420641	1	2	13	2	-108	0.0	-3.41394
1656615420746	1	2	13	2	-98	0.0	-3.41094
1656615420865	1	2	13	2	-87	0.0	-3.40794
1656615420968	1	1	13	2	-67	0.0	-3.40194
1656615421076	1	2	13	1	-47	0.0	-3.39594
1656615421181	1	2	13	0	-26	0.0	-3.38994
1656615421283	1	2	13	0	-6	0.0	-3.38394
1656615421384	1	2	13	0	14	1.0	-3.37794
1656615421485	1	2	13	0	35	1.0	-3.37194
1656615421592	1	2	13	0	55	1.0	-3.36594
1656615421704	1	2	13	0	57	1.0	1.49041
1656615421817	1	2	13	0	50	1.0	1.48641
1656615421919	1	1	13	0	41	1.0	2.37426
1656615422028	1	1	13	0	34	1.0	2.37126
1656615422144	1	2	13	0	22	1.0	2.36626
1656615422244	1	1	13	1	8	1.0	2.36026
1656615422344	1	1	13	1	-6	0.0	2.35426
1656615422457	1	1	13	2	-15	0.0	2.21397
1656615422567	1	1	13	2	-27	0.0	2.20897
1656615422674	1	2	13	2	-40	0.0	2.20297
1656615422776	1	3	13	2	-53	0.0	2.19697
1656615422880	1	3	13	2	-66	0.0	2.19097
1656615422982	1	4	13	1	-79	0.0	2.18497
1656615423089	1	5	13	2	-92	0.0	2.17897
1656615423194	1	4	13	2	-108	0.0	-2.46814
1656615423299	1	5	13	2	-100	0.0	-2.46514
1656615423417	1	5	13	2	-88	0.0	-2.46114
1656615423535	1	4	13	3	-74	0.0	-3.06462
1656615423640	1	5	13	3	-65	0.0	-3.06162
1656615423755	1	5	13	3	-50	0.0	-3.05662
1656615423857	1	4	13	2	-32	0.0	-3.05062
1656615423960	1	4	13	2	-13	0.0	-3.04462
1656615424064	1	4	13	1	5	1.0	-3.03862
1656615424179	1	3	13	0	26	1.0	-3.03162
1656615424279	1	4	13	0	44	1.0	-3.02562
1656615424383	1	4	13	1	63	1.0	-3.01962
1656615424486	1	3	13	1	67	1.0	-0.53272
1656615424586	1	4	13	2	69	1.0	-0.52972
1656615424687	1	4	13	2	72	1.0	-0.52372
1656615424793	1	3	13	2	76	1.0	-0.51772
1656615424894	1	3	13	1	79	1.0	-0.51172
1656615425017	1	2	13	1	69	1.0	3.25005
1656615425122	1	0	13	1	65	1.0	-2.09128
1656615425231	1	2	13	2	71	1.0	-2.08828
1656615425340	1	2	13	2	82	1.0	-2.08328
1656615425445	1	2	13	2	94	1.0	-2.07728
1656615425550	1	2	13	2	107	1.0	-2.07128
1656615425652	1	2	13	1	119	1.0	-2.06528
1656615425757	1	3	13	0	131	1.0	-2.05928
1656615425861	1	2	13	0	124	1.0	3.10644
1656615425979	1	2	13	1	112	1.0	3.10244
1656615426082	1	3	13	2	93	1.0	3.09644
1656615426185	1	4	13	2	75	1.0	3.09044
1656615426287	1	3	13	3	56	1.0	3.08444
1656615426388	1	1	13	3	45	1.0	2.76725
1656615426500	1	1	13	2	34	1.0	2.76325
1656615426604	2	2	13	2	9	1.0	1.37862
1656615426712	2	3	13	2	0	1.0	1.37562
1656615426818	2	4	13	2	-8	0.5	1.37262
1656615426922	2	4	13	2	-16	0.5	1.36962
1656615427044	2	3	13	2	-24	0.5	-0.04134
1656615427157	2	4	13	2	-24	0.5	-0.03934
1656615427270	2	4	13	3	-24	0.5	-0.03684
1656615427406	2	3	13	2	-22	0.5	-1.14547
1656615427525	2	4	13	3	-18	0.5	-1.14397
1656615427648	2	3	13	4	-11	0.0	-0.97624
1656615427765	2	3	13	4	-8	0.0	-0.97624
1656615427876	2	3	13	3	-3	0.0	-0.97624
1656615427983	2	1	13	3	3	0.5	-1.05440
1656615428085	2	1	13	2	7	0.5	-1.05440
1656615428189	2	0	13	2	13	0.5	-0.24319
1656615428296	2	0	13	1	14	0.5	-0.24319
1656615428410	2	1	13	2	15	0.5	-0.24319
1656615428512	2	1	13	2	16	0.5	-0.24319
1656615428636	2	1	13	2	20	0.5	-2.49705
1656615428763	2	1	13	2	30	0.5	0.30286
1656615428879	2	1	13	2	29	0.5	0.30286
1656615428985	2	1	13	2	27	0.5	0.30286
1656615429090	2	2	13	3	25	1.0	0.30286
1656615429203	2	2	13	3	24	1.0	0.49556
1656615429308	2	3	13	3	22	1.0	0.49556
1656615429422	2	3	13	4	19	1.0	0.49556
1656615429537	2	2	13	4	23	0.5	-0.09662
1656615429647	2	2	13	3	24	0.5	-0.09662
1656615429768	2	1	13	4	31	0.5	-2.32170
1656615429887	2	1	13	3	42	1.0	-2.31670
1656615429993	2	1	13	2	57	1.0	-2.36325
1656615430106	2	1	13	2	69	1.0	0.41774
1656615430227	2	1	13	3	68	1.0	0.41774
1656615430344	2	1	13	2	66	1.0	0.41774
1656615430451	2	2	13	3	64	1.0	0.41774
1656615430555	2	2	13	3	61	1.0	0.41774
1656615430659	2	4	13	3	59	1.0	0.41774
1656615430764	2	2	13	3	53	1.0	2.01982
1656615430892	2	2	13	4	45	0.5	2.01582
1656615430995	2	2	13	3	33	0.5	2.00982
1656615431097	2	4	13	4	21	0.5	2.00382
1656615431200	2	4	13	3	9	0.5	1.99782
1656615431302	2	5	13	3	-3	0.5	1.99182
1656615431403	2	5	13	2	-15	0.5	1.98582
1656615431505	2	6	13	3	-28	0.5	1.97982
1656615431611	2	5	13	2	-40	0.5	1.97382
1656615431732	2	5	13	3	-50	0.5	-0.00633
1656615431855	2	4	13	3	-50	0.5	-0.00633
1656615431960	2	4	13	3	-50	0.5	-0.00633
1656615432069	2	4	13	3	-50	0.5	-0.00633
1656615432170	2	4	13	3	-50	0.5	-0.00633
1656615432271	2	4	13	2	-50	0.5	-0.00633
1656615432376	2	3	13	2	-50	0.5	-0.00633
1656615432496	2	1	13	2	-49	0.5	-1.00218
1656615432611	2	1	13	1	-46	0.5	-0.99918
1656615432730	2	1	13	1	-41	0.5	-0.99418
1656615432831	2	2	13	1	-35	0.5	-0.98818
1656615432948	2	2	13	1	-30	0.5	-0.44917
1656615433068	2	2	13	2	-29	0.5	-0.44917
1656615433183	2	3	13	3	-27	0.5	-0.44917
1656615433291	2	2	13	3	-22	0.5	-1.52882
1656615433413	2	3	13	3	-16	0.5	-1.52482
1656615433516	2	3	13	3	-6	0.5	-1.86743
1656615433650	2	3	13	3	1	0.5	-1.86343
1656615433770	2	4	13	2	9	0.5	-1.85943
1656615433872	2	4	13	2	22	0.5	-1.85343
1656615433977	2	4	13	2	33	0.5	-1.84743
1656615434080	2	4	13	2	44	0.5	-1.84143
1656615434183	2	3	13	1	55	0.5	-1.83543
1656615434299	2	3	13	1	66	0.5	-1.82943
1656615434408	2	3	13	1	77	0.5	-0.25108
1656615434519	2	3	13	1	78	0.5	-0.25108
1656615434629	2	2	13	0	79	1.0	-0.25108
1656615434732	2	2	13	0	81	1.0	-0.25108
1656615434839	2	1	13	0	82	1.0	-0.25108
1656615434943	2	1	13	0	84	1.0	-0.25108
1656615435048	2	2	13	1	85	1.0	-0.25108
1656615435162	2	2	13	2	84	1.0	0.55530
1656615435265	2	1	13	2	81	1.0	0.55530
1656615435380	2	1	13	3	78	1.0	0.55530
1656615435496	2	2	13	3	74	1.0	0.55530
1656615435596	2	1	13	3	69	1.0	0.99954
1656615435698	3	1	13	2	44	1.0	0.66636
1656615435813	3	2	13	3	40	1.0	0.66636
1656615435920	3	1	13	3	36	1.0	0.03441
1656615436031	3	1	13	3	36	1.0	0.03541
1656615436153	3	1	13	3	37	1.0	-0.44510
1656615436264	3	2	13	3	38	1.0	-0.44377
1656615436373	3	2	13	3	41	1.0	-0.44177
1656615436477	3	1	13	2	40	1.0	0.76918
1656615436581	3	2	13	3	37	1.0	0.76784
1656615436682	3	1	13	2	39	1.0	-0.90697
1656615436790	3	1	13	3	44	1.0	-0.90531
1656615436897	3	2	13	3	49	1.0	-0.90331
1656615437003	3	3	13	3	55	0.6666666666666666	-0.90131
1656615437106	3	4	13	3	60	0.6666666666666666	-0.89931
1656615437213	3	3	13	3	65	0.6666666666666666	-0.81994
1656615437319	3	3	13	3	67	0.6666666666666666	-0.81894
1656615437430	3	2	13	2	70	0.6666666666666666	-0.56662
1656615437543	3	3	13	3	75	0.6666666666666666	-1.62617
1656615437656	3	2	13	2	79	0.6666666666666666	-0.52237
1656615437775	3	2	13	3	81	0.6666666666666666	-0.52104
1656615437878	3	2	13	2	84	0.6666666666666666	-0.51904
1656615437979	3	3	13	3	87	0.6666666666666666	-0.51704
1656615438083	3	4	13	2	90	0.6666666666666666	-0.51504
1656615438185	3	4	13	3	93	1.0	-0.51304
1656615438998	1	1	14	0	0	1.0	0.00000
1656615439102	1	3	14	1	0	1.0	0.00000
1656615439205	1	3	14	1	0	1.0	0.00000
1656615439309	1	4	14	2	0	1.0	0.00000
1656615439443	1	4	14	2	-3	0.0	1.13739
1656615439547	1	4	14	3	-7	0.0	1.13439
1656615439651	1	5	14	3	-14	0.0	1.12839
1656615439754	1	5	14	3	-20	0.0	1.12239
1656615439862	1	5	14	2	-26	0.0	1.55122
1656615439964	1	5	14	3	-31	0.0	1.54822
1656615440067	1	5	14	3	-40	0.0	1.54222
1656615440170	1	4	14	2	-49	0.0	1.53622
1656615440279	1	4	14	2	-59	0.0	1.53022
1656615440380	1	3	14	2	-66	0.0	2.01869
1656615440497	1	4	14	3	-74	0.0	2.01469
1656615440618	1	3	14	2	-82	0.0	-2.17903
1656615440731	1	4	14	3	-73	0.0	-2.17503
1656615440845	1	4	14	4	-58	0.0	-2.16903
1656615440960	1	4	14	4	-54	0.0	2.20775
1656615441068	1	4	14	3	-61	0.0	2.20475
1656615441168	1	4	14	3	-61	0.0	-2.11472
1656615441296	1	4	14	3	-52	0.0	-2.11072
1656615441404	1	4	14	3	-37	0.0	-2.10472
1656615441509	1	4	14	3	-25	0.0	-2.09872
1656615441628	1	4	14	3	-28	0.0	2.45761
1656615441743	1	3	14	3	-26	0.0	-2.30556
1656615441847	1	4	14	3	-17	0.0	-2.30156
1656615441949	1	2	14	2	-3	0.0	-2.73389
1656615442054	1	3	14	3	5	1.0	-2.73089
1656615442169	1	3	14	2	19	1.0	-2.72589
1656615442270	1	3	14	3	35	1.0	-2.71989
1656615442373	1	4	14	2	52	1.0	-2.71389
1656615442479	1	4	14	3	68	1.0	-2.70789
1656615442584	1	4	14	2	84	1.0	-2.70189
1656615442701	1	6	14	3	100	1.0	-2.69589
1656615442804	1	6	14	2	116	1.0	-2.68989
1656615442906	1	7	14	3	133	1.0	-2.68389
1656615443016	1	7	14	3	126	1.0	3.02280
1656615443123	1	6	14	3	114	1.0	3.01880
1656615443229	1	6	14	2	96	1.0	3.01280
1656615443334	1	5	14	2	78	1.0	3.00680
1656615443455	1	4	14	2	62	1.0	3.31781
1656615443563	1	5	14	2	45	1.0	3.31281
1656615443664	1	5	14	2	25	1.0	3.30681
1656615443770	1	4	14	3	5	1.0	3.30081
1656615443876	1	5	14	3	-14	0.0	3.29481
1656615443980	1	4	14	3	-34	0.0	3.28881
1656615444088	1	4	14	3	-54	0.0	3.28281
1656615444191	1	4	14	4	-77	0.0	3.27681
1656615444296	1	5	14	3	-96	0.0	3.27081
1656615444401	1	5	14	4	-111	0.0	1.21553
1656615444510	1	4	14	4	-106	0.0	-3.39463
1656615444610	1	3	14	3	-96	0.0	-3.39163
1656615444729	1	4	14	3	-76	0.0	-3.38563
1656615444848	1	3	14	3	-60	0.0	0.85552
1656615444972	1	3	14	3	-57	0.0	-2.28207
1656615445090	1	3	14	3	-48	0.0	-2.27807
1656615445194	1	3	14	3	-32	0.0	-2.27207
1656615445298	1	3	14	3	-18	0.0	2.62201
1656615445400	1	3	14	3	-26	0.0	2.61901
1656615445503	1	3	14	3	-34	0.0	2.61601
1656615445616	1	3	14	2	-38	0.0	-2.15039
1656615445724	1	4	14	3	-27	0.0	-2.14539
1656615445828	1	5	14	3	-12	0.0	-2.13939
1656615445942	1	3	14	3	-3	0.0	-2.67883
1656615446061	1	3	14	3	8	1.0	-2.67483
1656615446168	1	3	14	3	19	1.0	-2.67083
1656615446269	1	4	14	3	35	1.0	-2.66483
1656615446385	1	1	14	3	45	1.0	1.35338
1656615446507	1	1	14	3	38	1.0	1.34838
1656615446612	1	3	14	3	31	1.0	1.34338
1656615446728	1	2	14	3	35	1.0	-1.91527
1656615446828	1	3	14	3	40	1.0	-1.91227
1656615446953	1	3	14	2	35	1.0	3.06017
1656615447054	1	3	14	3	17	1.0	-0.98612
1656615447170	1	3	14	2	22	1.0	-0.98112
1656615447286	1	1	14	3	24	1.0	-2.46587
1656615447405	1	1	14	2	32	1.0	-2.46287
1656615447516	1	2	14	3	41	1.0	-2.45887
1656615447618	1	2	14	2	56	1.0	-2.45287
1656615447750	1	3	14	3	68	1.0	-2.34983
1656615447863	1	3	14	3	77	1.0	-2.34583
1656615447988	1	3	14	3	79	1.0	2.76766
1656615448106	2	3	14	3	36	1.0	-0.80522
1656615448212	2	3	14	3	38	1.0	-0.80372
1656615448328	2	2	14	3	34	1.0	1.57222
1656615448436	2	1	14	2	35	1.0	-0.82516
1656615448543	2	2	14	3	37	1.0	-0.82366
1656615448645	2	3	14	3	42	1.0	-0.82066
1656615448770	2	1	14	3	42	1.0	-0.23831
1656615448902	2	2	14	3	43	1.0	-0.23631
1656615449024	2	2	14	3	44	1.0	-0.23431
1656615449130	2	2	14	3	45	1.0	-0.23131
1656615449264	2	2	14	3	47	1.0	-0.37991
1656615449388	2	3	14	3	49	1.0	-0.37791
1656615449491	2	2	14	3	45	1.0	1.45134
1656615449607	2	2	14	3	39	1.0	1.44934
1656615449707	2	3	14	3	31	1.0	1.44634
1656615449825	2	3	14	2	28	1.0	-0.91279
1656615449955	2	4	14	3	32	1.0	-0.91079
1656615450058	2	3	14	3	34	1.0	1.62729
1656615450169	2	3	14	3	29	1.0	1.62579
1656615450280	2	2	14	3	25	1.0	-1.17004
1656615450402	2	2	14	3	30	1.0	-1.16804
1656615450513	2	2	14	3	36	1.0	-1.16554
1656615450615	2	3	14	2	43	1.0	-1.16254
1656615450721	2	3	14	4	46	1.0	-0.30577
1656615450823	2	3	14	3	47	1.0	-0.30377
1656615450924	2	3	14	4	49	1.0	-0.30077
1656615451028	2	3	14	3	50	1.0	-0.29777
1656615451130	2	5	14	4	52	1.0	-0.29477
1656615451238	2	4	14	3	51	1.0	0.47167
1656615451339	2	3	14	3	49	1.0	-0.27026
1656615451448	2	3	14	2	50	1.0	-0.26826
1656615451564	2	3	14	3	52	1.0	-0.26576
1656615451671	2	3	14	2	53	1.0	-0.26276
1656615451778	2	3	14	2	56	1.0	-1.39640
1656615451921	2	2	14	2	61	1.0	-0.32663
1656615452047	2	2	14	3	62	1.0	-0.32663
1656615452156	2	3	14	3	64	1.0	-0.32663
1656615452264	2	3	14	3	66	1.0	-0.32663
1656615452369	2	3	14	3	68	1.0	-0.32663
1656615452473	2	4	14	3	69	1.0	-0.32663
1656615452610	2	4	14	4	70	1.0	0.07747
1656615452716	2	5	14	3	70	1.0	0.07747
1656615452818	2	5	14	4	68	1.0	0.07747
1656615452921	2	5	14	3	68	1.0	0.07747
1656615453028	2	5	14	4	67	1.0	0.07747
1656615453137	2	5	14	2	67	0.5	2.11576
1656615453251	2	4	14	3	60	0.5	-0.07523
1656615453383	2	4	14	4	61	0.5	-0.07523
1656615453493	2	4	14	4	61	1.0	-0.07523
1656615453598	2	4	14	5	62	1.0	-0.07523
1656615453702	2	3	14	5	62	1.0	-0.07523
1656615453804	2	4	14	5	61	1.0	-0.07523
1656615453905	2	3	14	3	62	1.0	0.11424
1656615454018	2	4	14	4	61	1.0	0.11424
1656615454128	2	4	14	2	60	1.0	0.11424
1656615454234	2	6	14	3	59	1.0	0.11424
1656615454337	2	5	14	2	59	1.0	0.11424
1656615454454	2	5	14	3	57	1.0	0.51398
1656615454557	2	5	14	3	56	1.0	0.51398
1656615454661	2	4	14	3	53	0.5	0.51398
1656615454766	2	4	14	3	51	0.5	2.96872
1656615454867	2	4	14	3	42	0.5	2.96572
1656615454977	2	2	14	3	32	0.5	-1.36530
1656615455085	2	1	14	2	36	0.5	-1.36230
1656615455189	2	3	14	3	40	0.5	-1.35930
1656615455295	2	3	14	2	48	0.5	-1.35330
1656615455406	2	3	14	3	57	0.5	-1.96894
1656615455521	2	3	14	3	62	0.5	-0.21319
1656615455650	2	4	14	4	63	0.5	-0.21319
1656615455768	2	4	14	4	64	1.0	-0.21319
1656615455896	2	2	14	4	65	1.0	0.07324
1656615455998	2	3	14	4	64	1.0	0.07324
1656615456106	2	3	14	3	64	1.0	0.07324
1656615456215	2	4	14	3	63	1.0	-1.19140
1656615456339	2	4	14	2	68	1.0	-1.18740
1656615456447	2	2	14	3	71	1.0	-0.52577
1656615456556	2	2	14	2	73	1.0	-0.52577
1656615456662	2	3	14	3	75	1.0	-0.52577
1656615456771	2	2	14	2	81	1.0	-1.41267
1656615456881	2	3	14	4	88	1.0	-1.40767
1656615456983	2	3	14	3	96	1.0	0.06033
1656615457090	2	3	14	4	96	1.0	0.06033
1656615457201	2	4	14	4	96	1.0	0.06033
1656615457310	2	4	14	4	96	1.0	0.06033
1656615457411	2	4	14	3	95	1.0	0.06033
1656615457514	2	5	14	4	95	1.0	0.06033
1656615457617	2	5	14	3	95	1.0	0.06033
1656615457753	2	4	14	2	92	1.0	0.84787
1656615457867	3	4	14	2	60	1.0	0.56525
1656615457971	3	4	14	1	56	1.0	0.56525
1656615458084	3	4	14	1	53	1.0	0.56525
1656615458185	3	4	14	1	49	0.6666666666666666	0.56525
1656615458288	3	3	14	2	46	0.6666666666666666	0.56525
1656615458399	3	3	14	2	41	0.6666666666666666	1.46237
1656615458519	3	4	14	3	37	0.6666666666666666	1.46037
1656615458622	3	4	14	3	28	0.6666666666666666	1.45637
1656615458731	3	3	14	3	19	0.6666666666666666	1.45237
1656615458842	3	2	14	3	16	0.6666666666666666	0.52694
1656615458943	3	2	14	3	14	0.6666666666666666	0.52594
1656615459046	3	3	14	3	11	0.6666666666666666	0.52394
1656615459151	3	2	14	2	8	0.6666666666666666	0.52194
1656615459260	3	2	14	3	6	0.6666666666666666	0.11303
1656615459360	3	3	14	2	6	0.6666666666666666	0.11170
1656615459467	3	2	14	3	8	0.6666666666666666	-1.25016
1656615459588	3	2	14	2	13	0.6666666666666666	-1.24883
1656615459699	3	2	14	3	20	0.6666666666666666	-1.50670
1656615459817	3	2	14	3	26	0.6666666666666666	-1.50536
1656615459920	3	2	14	4	35	0.3333333333333333	-1.50336
1656615460038	3	1	14	3	40	0.3333333333333333	-1.30161
1656615460151	3	1	14	4	42	0.3333333333333333	-0.06705
1656615460262	3	1	14	3	42	0.6666666666666666	-0.06805
1656615460392	3	1	14	3	44	0.6666666666666666	-0.70486
1656615460498	3	1	14	2	47	0.6666666666666666	-0.70353
1656615460600	3	2	14	3	51	0.6666666666666666	-0.70153
1656615460706	3	3	14	2	55	0.6666666666666666	-0.69953
1656615460830	3	3	14	3	56	0.6666666666666666	-0.13020
1656615460960	3	2	14	2	56	0.6666666666666666	-0.12020
1656615461067	3	2	14	3	56	0.6666666666666666	-0.11920
1656615461169	3	2	14	2	57	0.6666666666666666	-0.11720
1656615461271	3	3	14	3	58	0.6666666666666666	-0.11520
1656615461374	3	4	14	2	59	0.6666666666666666	-0.11320
1656615461474	3	5	14	3	59	0.6666666666666666	-0.11120
1656615461599	3	3	14	2	61	0.6666666666666666	-0.63308
1656615462370	1	1	15	3	0	1.0	0.00000
1656615462476	1	2	15	2	0	1.0	0.00000
1656615462580	1	2	15	2	0	1.0	0.00000
1656615462684	1	3	15	3	0	1.0	0.00000
1656615462800	1	3	15	3	7	1.0	-2.19744
1656615462923	1	4	15	3	13	1.0	-2.19444
1656615463039	1	4	15	2	26	1.0	-2.18844
1656615463153	1	3	15	3	16	1.0	3.23860
1656615463255	1	4	15	3	-1	0.0	3.23360
1656615463360	1	5	15	3	-20	0.0	3.22760
1656615463492	1	4	15	3	-17	0.0	-3.23510
1656615463596	1	3	15	3	-4	0.0	2.86230
1656615463700	1	3	15	2	-12	0.0	2.85930
1656615463821	1	4	15	3	-21	0.0	2.85630
1656615463926	1	4	15	3	-38	0.0	2.85030
1656615464042	1	3	15	2	-46	0.0	-3.02571
1656615464155	1	3	15	2	-37	0.0	-3.02271
1656615464267	1	3	15	3	-25	0.0	-3.01871
1656615464371	1	3	15	1	-7	0.0	-3.01271
1656615464479	1	5	15	2	11	1.0	-3.00671
1656615464582	1	5	15	2	29	1.0	-3.00071
1656615464685	1	4	15	2	47	1.0	-2.99471
1656615464788	1	6	15	3	65	1.0	-2.98871
1656615464891	1	6	15	4	83	1.0	-2.98271
1656615464994	1	6	15	3	101	1.0	-2.97671
1656615465097	1	6	15	4	118	1.0	-2.97071
1656615465203	1	6	15	4	136	1.0	-2.96471
1656615465310	1	7	15	3	154	1.0	-2.95871
1656615465415	1	5	15	2	164	1.0	1.61541
1656615465542	1	5	15	3	159	1.0	1.61241
1656615465651	1	5	15	2	151	1.0	1.60741
1656615465753	1	6	15	3	142	1.0	2.49338
1656615465864	1	4	15	2	132	1.0	2.49038
1656615465977	1	3	15	3	126	1.0	0.16743
1656615466095	1	4	15	2	126	1.0	0.16343
1656615466200	1	3	15	3	120	1.0	-0.49653
1656615466322	1	3	15	2	122	1.0	-0.49253
1656615466436	1	2	15	3	125	1.0	-0.48753
1656615466540	1	3	15	3	128	1.0	-0.48153
1656615466675	1	3	15	3	132	1.0	-1.22061
1656615466814	1	3	15	3	137	1.0	-1.21661
1656615466918	1	3	15	3	144	1.0	-1.21061
1656615467020	1	5	15	3	151	1.0	-1.20461
1656615467125	1	5	15	2	159	1.0	-1.19861
1656615467230	1	6	15	3	166	1.0	-1.19261
1656615467339	1	6	15	3	170	1.0	-0.10067
1656615467454	1	6	15	3	170	1.0	-0.09667
1656615467560	1	7	15	3	171	1.0	-0.09067
1656615467674	1	6	15	3	171	1.0	-0.08467
1656615467785	1	6	15	3	169	1.0	1.31651
1656615467894	1	6	15	2	163	1.0	1.31251
1656615467996	1	7	15	3	153	1.0	3.00136
1656615468109	1	5	15	2	144	1.0	2.99836
1656615468218	1	6	15	3	129	1.0	2.99336
1656615468340	1	5	15	2	119	1.0	2.45534
1656615468446	1	4	15	2	112	1.0	2.45234
1656615468551	1	4	15	2	97	1.0	2.44634
1656615468653	1	3	15	2	82	1.0	2.44034
1656615468755	1	4	15	2	68	1.0	2.43434
1656615468860	1	4	15	2	53	1.0	2.42834
1656615468964	1	4	15	4	39	1.0	2.42234
1656615469088	1	3	15	3	25	1.0	2.16481
1656615469191	1	2	15	4	16	1.0	2.16081
1656615469297	1	3	15	3	4	1.0	2.15481
1656615469401	1	4	15	4	3	1.0	-0.38534
1656615469505	1	3	15	2	4	1.0	2.69291
1656615469635	1	3	15	4	-4	0.0	2.68991
1656615469739	1	3	15	3	-12	0.0	2.68691
1656615469862	1	4	15	4	-13	0.0	-2.11116
1656615469987	1	3	15	3	-5	0.0	-2.10716
1656615470096	1	4	15	5	8	1.0	-2.10116
1656615470212	1	3	15	4	3	1.0	2.38955
1656615470318	1	3	15	4	-7	0.0	2.38555
1656615470422	1	4	15	4	-21	0.0	2.37955
1656615470528	1	5	15	4	-36	0.0	2.37355
1656615470637	1	4	15	2	-50	0.0	2.36755
1656615470740	1	6	15	2	-64	0.0	2.36155
1656615470845	1	7	15	3	-78	0.0	2.35555
1656615470948	1	6	15	3	-92	0.0	2.34955
1656615471049	1	7	15	3	-106	0.0	2.34355
1656615471159	1	5	15	3	-116	0.0	0.13263
1656615471270	1	5	15	2	-116	0.0	0.12963
1656615471370	1	6	15	2	-117	0.0	0.12563
1656615471490	2	5	15	2	-55	0.5	-1.70187
1656615471594	2	5	15	2	-50	0.5	-1.70037
1656615471696	2	5	15	2	-43	0.5	-1.69837
1656615471825	2	4	15	3	-43	0.5	0.93761
1656615471938	2	3	15	3	-46	0.5	0.93611
1656615472049	2	2	15	2	-51	0.5	0.05491
1656615472167	2	3	15	4	-51	0.5	0.05291
1656615472271	2	3	15	4	-52	0.5	0.05091
1656615472393	2	4	15	4	-53	0.5	0.70228
1656615472501	2	4	15	3	-56	0.5	0.70028
1656615472612	2	3	15	4	-58	0.5	0.02828
1656615472731	2	3	15	3	-59	0.0	1.25948
1656615472831	2	3	15	4	-63	0.0	1.25648
1656615472944	2	3	15	3	-69	0.0	1.25148
1656615473049	2	5	15	4	-77	0.0	1.24548
1656615473153	2	5	15	3	-84	0.0	1.23948
1656615473258	2	6	15	3	-91	0.0	1.23348
1656615473368	2	4	15	2	-99	0.0	1.22748
1656615473471	2	6	15	3	-106	0.0	1.22148
1656615473571	2	4	15	2	-110	0.0	-0.70822
1656615473694	2	4	15	3	-107	0.0	-0.70822
1656615473804	2	3	15	2	-104	0.0	-0.70822
1656615473911	2	3	15	2	-99	0.0	-0.70822
1656615474014	2	4	15	1	-93	0.0	-0.70822
1656615474118	2	3	15	1	-89	0.0	-0.70822
1656615474221	2	4	15	1	-85	0.5	-0.70822
