1656355261550	0.5	0.5
1656355261666	0.5	0.5
1656355261768	0.5	0.5
1656355261882	0.5	0.5
1656355261982	0.5	0.5137333292641988
1656355262096	0.5	0.5137333292641988
1656355262196	0.5	0.5098117007965332
1656355262296	0.5	0.5137333292641988
1656355262411	0.5	0.5137333292641988
1656355262515	0.5	0.5137333292641988
1656355262626	0.5	0.5137333292641988
1656355262741	0.5	0.5098117007965332
1656355262857	0.5	0.5098117007965332
1656355262974	0.5	0.5137333292641988
1656355263091	0.5	0.5137333292641988
1656355263192	0.5	0.5137333292641988
1656355263304	0.5	0.5137333292641988
1656355263416	0.5	0.5098117007965332
1656355263516	0.5	0.5137333292641988
1656355263618	0.5	0.5137333292641988
1656355263728	0.5	0.5098117007965332
1656355263829	0.5	0.4980468153935362
1656355263930	0.5019684438612019	0.4980468153935362
1656355264046	0.48628192999053926	0.4980468153935362
1656355264163	0.3411816766869106	0.4980468153935362
1656355264264	0.28627887813959163	0.4980468153935362
1656355264376	0.23921933652760397	0.5019684438612019
1656355264477	0.3058870204779198	0.4980468153935362
1656355264588	0.21568956572161013	0.4980468153935362
1656355264705	0.141178624835963	0.5176549577318644
1656355264809	0.1607867671742912	0.5254982146671957
1656355264922	0.32941679128391366	0.5254982146671957
1656355265022	0.32941679128391366	0.5254982146671957
1656355265134	0.325495162816248	0.5372631000701926
1656355265252	0.22745445112460705	0.5607928708761865
1656355265352	0.18039490951261938	0.5725577562791834
1656355265469	0.16470839564195683	0.5882442701498459
1656355265582	0.15686513870662555	0.619617297891171
1656355265683	0.1607867671742912	0.5686361278115177
1656355265783	0.1607867671742912	0.5254982146671957
1656355265900	0.1607867671742912	0.5254982146671957
1656355266000	0.16470839564195683	0.5019684438612019
1656355266111	0.16470839564195683	0.5019684438612019
1656355266211	0.16470839564195683	0.5019684438612019
1656355266313	0.16470839564195683	0.4902035584582049
1656355266428	0.16863002410962247	0.4705954161198767
1656355266542	0.16470839564195683	0.4470656453138829
1656355266659	0.16470839564195683	0.39608447523422957
1656355266760	0.16470839564195683	0.39608447523422957
1656355266878	0.16863002410962247	0.39608447523422957
1656355266980	0.16470839564195683	0.39608447523422957
1656355267092	0.16863002410962247	0.380397961363567
1656355267193	0.16470839564195683	0.3725547044282357
1656355267294	0.16470839564195683	0.3725547044282357
1656355267407	0.16470839564195683	0.36863307596057004
1656355267507	0.1607867671742912	0.36863307596057004
1656355267623	0.1607867671742912	0.34902493362224185
1656355267724	0.1607867671742912	0.3411816766869106
1656355267838	0.1607867671742912	0.32941679128391366
1656355267938	0.14902188177129427	0.32941679128391366
1656355268047	0.14902188177129427	0.32941679128391366
1656355268152	0.14510025330362863	0.3451033051545762
1656355268265	0.13333536790063172	0.3725547044282357
1656355268378	0.13333536790063172	0.3764763328959014
1656355268479	0.13333536790063172	0.3882412182988983
1656355268589	0.12941373943296608	0.3882412182988983
1656355268689	0.12941373943296608	0.3882412182988983
1656355268789	0.141178624835963	0.38431958983123266
1656355268901	0.39216284676656393	0.38431958983123266
1656355269014	0.5137333292641988	0.33726004821924493
1656355269115	0.5215765861995301	0.33726004821924493
1656355269215	0.5215765861995301	0.3411816766869106
1656355269332	0.5215765861995301	0.33726004821924493
1656355269445	0.5215765861995301	0.33726004821924493
1656355269560	0.5215765861995301	0.34902493362224185
1656355269662	0.5215765861995301	0.3215735343485824
1656355269777	0.5176549577318644	0.29020050660725727
1656355269879	0.5176549577318644	0.3411816766869106
1656355269995	0.5176549577318644	0.3529465620899075
1656355270096	0.5176549577318644	0.4392223883785516
1656355270206	0.5176549577318644	0.49412518692587054
1656355270320	0.5176549577318644	0.5019684438612019
1656355270420	0.5176549577318644	0.47451704458754235
1656355270534	0.5176549577318644	0.4588305307168798
1656355270649	0.5176549577318644	0.47451704458754235
1656355270763	0.5176549577318644	0.44314401684621724
1656355270865	0.5176549577318644	0.39608447523422957
1656355270980	0.5176549577318644	0.4000061037018952
1656355271081	0.5176549577318644	0.4000061037018952
1656355271195	0.5176549577318644	0.39608447523422957
1656355271312	0.5215765861995301	0.39608447523422957
1656355271416	0.5215765861995301	0.39608447523422957
1656355271534	0.5215765861995301	0.4000061037018952
1656355271649	0.5215765861995301	0.4000061037018952
1656355271762	0.5215765861995301	0.4000061037018952
1656355271875	0.5215765861995301	0.39608447523422957
1656355271975	0.5254982146671957	0.39608447523422957
1656355272076	0.5254982146671957	0.4000061037018952
1656355272192	0.5372631000701926	0.4000061037018952
1656355272292	0.5568712424085208	0.4000061037018952
1656355272406	0.5607928708761865	0.4000061037018952
1656355272518	0.5607928708761865	0.39608447523422957
1656355272620	0.5607928708761865	0.39608447523422957
1656355272734	0.5568712424085208	0.39608447523422957
1656355272850	0.5568712424085208	0.4000061037018952
1656355272969	0.5568712424085208	0.4117709891048921
1656355273069	0.5568712424085208	0.41569261757255777
1656355273179	0.5529496139408552	0.4196142460402234
1656355273279	0.5529496139408552	0.4196142460402234
1656355273391	0.5529496139408552	0.42353587450788904
1656355273492	0.5529496139408552	0.42353587450788904
1656355273606	0.5529496139408552	0.42353587450788904
1656355273722	0.5529496139408552	0.42353587450788904
1656355273824	0.5529496139408552	0.42353587450788904
1656355273936	0.5529496139408552	0.42353587450788904
1656355274051	0.5529496139408552	0.42353587450788904
1656355274152	0.5529496139408552	0.42353587450788904
1656355274266	0.5568712424085208	0.42353587450788904
1656355274367	0.5529496139408552	0.42353587450788904
1656355274469	0.5529496139408552	0.42353587450788904
1656355274580	0.5529496139408552	0.42353587450788904
1656355274696	0.5529496139408552	0.42353587450788904
1656355274799	0.5372631000701926	0.42353587450788904
1656355274900	0.5254982146671957	0.42353587450788904
1656355275012	0.5254982146671957	0.4274575029755547
1656355275114	0.5215765861995301	0.4274575029755547
1656355275229	0.5098117007965332	0.4274575029755547
1656355275345	0.5098117007965332	0.4274575029755547
1656355275462	0.5098117007965332	0.4274575029755547
1656355275576	0.5098117007965332	0.4274575029755547
1656355275689	0.5098117007965332	0.4274575029755547
1656355275791	0.5137333292641988	0.4313791314432203
1656355275908	0.5372631000701926	0.4313791314432203
1656355276018	0.5921658986175116	0.4274575029755547
1656355276134	0.6000091555528428	0.4274575029755547
1656355276236	0.5960875270851772	0.4274575029755547
1656355276336	0.5960875270851772	0.4313791314432203
1656355276436	0.5960875270851772	0.4274575029755547
1656355276549	0.6000091555528428	0.4274575029755547
1656355276651	0.6039307840205085	0.4196142460402234
1656355276763	0.6000091555528428	0.4078493606372265
1656355276865	0.6000091555528428	0.4078493606372265
1656355276984	0.6000091555528428	0.40392773216956085
1656355277099	0.6000091555528428	0.4078493606372265
1656355277212	0.6039307840205085	0.40392773216956085
1656355277328	0.619617297891171	0.4078493606372265
1656355277445	0.619617297891171	0.5137333292641988
1656355277545	0.619617297891171	0.5254982146671957
1656355277659	0.619617297891171	0.5254982146671957
1656355277760	0.619617297891171	0.5254982146671957
1656355277860	0.619617297891171	0.5215765861995301
1656355277960	0.619617297891171	0.5176549577318644
1656355278075	0.4902035584582049	0.5176549577318644
1656355278189	0.30980864894558546	0.5215765861995301
1656355278291	0.12941373943296608	0.5215765861995301
1656355278405	0.12549211096530044	0.5215765861995301
1656355278510	0.12549211096530044	0.5215765861995301
1656355278624	0.12941373943296608	0.5215765861995301
1656355278742	0.141178624835963	0.5215765861995301
1656355278851	0.1607867671742912	0.5215765861995301
1656355278970	0.20784630878627885	0.5215765861995301
1656355279070	0.20784630878627885	0.5215765861995301
1656355279186	0.20784630878627885	0.5215765861995301
1656355279301	0.20784630878627885	0.5215765861995301
1656355279415	0.20784630878627885	0.5215765861995301
1656355279515	0.20784630878627885	0.5215765861995301
1656355279617	0.20784630878627885	0.5215765861995301
1656355279718	0.20784630878627885	0.5215765861995301
1656355279818	0.20784630878627885	0.5215765861995301
1656355279931	0.20784630878627885	0.5215765861995301
1656355280033	0.4509872737815485	0.5215765861995301
1656355280149	0.4980468153935362	0.5215765861995301
1656355280259	0.48628192999053926	0.5215765861995301
1656355280360	0.4117709891048921	0.5215765861995301
1656355280478	0.3451033051545762	0.5176549577318644
1656355280595	0.24706259346293524	0.5215765861995301
1656355280710	0.2117679372539445	0.5215765861995301
1656355280826	0.29804376354258855	0.5215765861995301
1656355280926	0.5137333292641988	0.5137333292641988
1656355281041	0.5058900723288675	0.5137333292641988
1656355281142	0.49412518692587054	0.5137333292641988
1656355281253	0.4902035584582049	0.5176549577318644
1656355281356	0.4588305307168798	0.5137333292641988
1656355281469	0.2705923642689291	0.5137333292641988
1656355281570	0.24706259346293524	0.5137333292641988
1656355281671	0.4313791314432203	0.5137333292641988
1656355281785	0.48628192999053926	0.5137333292641988
1656355281885	0.48628192999053926	0.5137333292641988
1656355281999	0.48628192999053926	0.5137333292641988
1656355282102	0.48628192999053926	0.5137333292641988
1656355282203	0.4823603015228736	0.5137333292641988
1656355282314	0.20392468031861322	0.5137333292641988
1656355282432	0.18823816644795066	0.5137333292641988
1656355282549	0.48628192999053926	0.5137333292641988
1656355282668	0.49412518692587054	0.5137333292641988
1656355282780	0.4902035584582049	0.5137333292641988
1656355282880	0.4274575029755547	0.5137333292641988
1656355282982	0.29804376354258855	0.5137333292641988
1656355283082	0.29804376354258855	0.5137333292641988
1656355283199	0.34902493362224185	0.5137333292641988
1656355283313	0.3882412182988983	0.5137333292641988
1656355283431	0.40392773216956085	0.5137333292641988
1656355283550	0.47451704458754235	0.5137333292641988
1656355283665	0.4823603015228736	0.5137333292641988
1656355283765	0.4823603015228736	0.5137333292641988
1656355283879	0.4823603015228736	0.5137333292641988
1656355283995	0.4823603015228736	0.5137333292641988
1656355284096	0.4823603015228736	0.5137333292641988
1656355284197	0.4823603015228736	0.5137333292641988
1656355284313	0.39216284676656393	0.5137333292641988
1656355284427	0.36078981902523877	0.5137333292641988
1656355284527	0.35686819055757313	0.5137333292641988
1656355284642	0.35686819055757313	0.5137333292641988
1656355284755	0.35686819055757313	0.5137333292641988
1656355284857	0.35686819055757313	0.5137333292641988
1656355284959	0.4000061037018952	0.5137333292641988
1656355285074	0.44314401684621724	0.5137333292641988
1656355285185	0.44314401684621724	0.5137333292641988
1656355285300	0.41569261757255777	0.5137333292641988
1656355285401	0.3882412182988983	0.5137333292641988
1656355285518	0.3764763328959014	0.5137333292641988
1656355285630	0.3764763328959014	0.5137333292641988
1656355285732	0.3764763328959014	0.5137333292641988
1656355285834	0.3764763328959014	0.5137333292641988
1656355285934	0.3764763328959014	0.5176549577318644
1656355286035	0.3764763328959014	0.5254982146671957
1656355286149	0.3764763328959014	0.5254982146671957
1656355286249	0.3647114474929044	0.5254982146671957
1656355286363	0.2549058503982665	0.5254982146671957
1656355286463	0.2549058503982665	0.5254982146671957
1656355286578	0.2313760795922727	0.5254982146671957
1656355286678	0.2313760795922727	0.5254982146671957
1656355286792	0.2313760795922727	0.5254982146671957
1656355286906	0.23529770805993833	0.5254982146671957
1656355287023	0.23921933652760397	0.5215765861995301
1656355287137	0.2431409649952696	0.5215765861995301
1656355287237	0.2549058503982665	0.5215765861995301
1656355287349	0.2549058503982665	0.5254982146671957
1656355287450	0.2549058503982665	0.5254982146671957
1656355287564	0.2549058503982665	0.5215765861995301
1656355287680	0.2549058503982665	0.5215765861995301
1656355287780	0.25882747886593216	0.5215765861995301
1656355287893	0.25882747886593216	0.5215765861995301
1656355287995	0.2627491073335978	0.5215765861995301
1656355288110	0.2627491073335978	0.5215765861995301
1656355288212	0.26667073580126344	0.5215765861995301
1656355288313	0.3058870204779198	0.5215765861995301
1656355288424	0.3137302774132511	0.5215765861995301
1656355288527	0.3137302774132511	0.5215765861995301
1656355288640	0.3137302774132511	0.5215765861995301
1656355288742	0.3019653920102542	0.5215765861995301
1656355288855	0.2705923642689291	0.5215765861995301
1656355288969	0.2705923642689291	0.5215765861995301
1656355289069	0.29020050660725727	0.5215765861995301
1656355289169	0.3019653920102542	0.5215765861995301
1656355289282	0.3058870204779198	0.5215765861995301
1656355289385	0.3058870204779198	0.5215765861995301
1656355289497	0.29804376354258855	0.5215765861995301
1656355289597	0.29804376354258855	0.5215765861995301
1656355289714	0.29804376354258855	0.5490279854731895
1656355289831	0.29804376354258855	0.5490279854731895
1656355289945	0.29804376354258855	0.5490279854731895
1656355290053	0.29804376354258855	0.5490279854731895
1656355290157	0.29804376354258855	0.5607928708761865
1656355290257	0.29804376354258855	0.5686361278115177
1656355290357	0.29804376354258855	0.5686361278115177
1656355290470	0.29804376354258855	0.5686361278115177
1656355290582	0.29804376354258855	0.5686361278115177
1656355290684	0.29804376354258855	0.5686361278115177
1656355290784	0.29804376354258855	0.5686361278115177
1656355290886	0.29804376354258855	0.5686361278115177
1656355290999	0.29804376354258855	0.5686361278115177
1656355291101	0.29804376354258855	0.5686361278115177
1656355291216	0.29804376354258855	0.5686361278115177
1656355291329	0.29804376354258855	0.5647144993438521
1656355291433	0.3019653920102542	0.5607928708761865
1656355291545	0.3019653920102542	0.5568712424085208
1656355291646	0.3019653920102542	0.5568712424085208
1656355291761	0.3019653920102542	0.5372631000701926
1656355291863	0.3019653920102542	0.5294198431348613
1656355291976	0.3019653920102542	0.533341471602527
1656355292090	0.3019653920102542	0.5294198431348613
1656355292194	0.3019653920102542	0.5294198431348613
1656355292294	0.3058870204779198	0.5254982146671957
1656355292407	0.3058870204779198	0.5254982146671957
1656355292523	0.325495162816248	0.5254982146671957
1656355292637	0.325495162816248	0.5215765861995301
1656355292752	0.325495162816248	0.5254982146671957
1656355292856	0.32941679128391366	0.5254982146671957
1656355292970	0.3647114474929044	0.5254982146671957
1656355293070	0.4117709891048921	0.5215765861995301
1656355293171	0.4117709891048921	0.5215765861995301
1656355293285	0.42353587450788904	0.5215765861995301
1656355293398	0.4274575029755547	0.5254982146671957
1656355293499	0.46275215918454543	0.5254982146671957
1656355293599	0.4902035584582049	0.5215765861995301
1656355293699	0.5058900723288675	0.5215765861995301
1656355293812	0.5215765861995301	0.5215765861995301
1656355293913	0.5215765861995301	0.5176549577318644
1656355294029	0.5215765861995301	0.5215765861995301
1656355294144	0.5215765861995301	0.5215765861995301
1656355294244	0.5215765861995301	0.5176549577318644
1656355294345	0.5215765861995301	0.5176549577318644
1656355294447	0.5058900723288675	0.5176549577318644
1656355294562	0.48628192999053926	0.5176549577318644
1656355294663	0.48628192999053926	0.5176549577318644
1656355294774	0.478438673055208	0.5215765861995301
1656355294876	0.46667378765221107	0.5176549577318644
1656355294988	0.4588305307168798	0.5176549577318644
1656355295104	0.4509872737815485	0.5176549577318644
1656355295216	0.4392223883785516	0.5215765861995301
1656355295336	0.4196142460402234	0.5215765861995301
1656355295452	0.41569261757255777	0.5176549577318644
1656355295562	0.41569261757255777	0.5176549577318644
1656355295664	0.41569261757255777	0.5176549577318644
1656355295767	0.41569261757255777	0.5176549577318644
1656355295880	0.41569261757255777	0.5215765861995301
1656355295980	0.41569261757255777	0.5215765861995301
1656355296095	0.4588305307168798	0.5176549577318644
1656355296210	0.4980468153935362	0.5137333292641988
1656355296311	0.5058900723288675	0.5137333292641988
1656355296424	0.5137333292641988	0.5137333292641988
1656355296527	0.5215765861995301	0.5137333292641988
1656355296629	0.5215765861995301	0.5137333292641988
1656355296745	0.5176549577318644	0.5098117007965332
1656355296846	0.5176549577318644	0.5098117007965332
1656355296956	0.5176549577318644	0.5137333292641988
1656355297057	0.5176549577318644	0.5137333292641988
1656355297160	0.5176549577318644	0.5137333292641988
1656355297277	0.5176549577318644	0.5098117007965332
1656355297393	0.5176549577318644	0.5098117007965332
1656355297507	0.5176549577318644	0.5098117007965332
1656355297620	0.5215765861995301	0.5137333292641988
1656355297721	0.5215765861995301	0.5137333292641988
1656355297821	0.5215765861995301	0.5137333292641988
1656355297934	0.5215765861995301	0.5098117007965332
1656355298049	0.5215765861995301	0.5098117007965332
1656355298149	0.5215765861995301	0.5098117007965332
1656355298250	0.5215765861995301	0.5098117007965332
1656355298364	0.5215765861995301	0.5098117007965332
1656355298479	0.5215765861995301	0.5098117007965332
1656355298580	0.5215765861995301	0.5098117007965332
1656355298681	0.5215765861995301	0.5098117007965332
1656355298798	0.5215765861995301	0.5098117007965332
1656355298913	0.5215765861995301	0.5098117007965332
1656355299029	0.5215765861995301	0.5098117007965332
1656355299142	0.5215765861995301	0.5098117007965332
1656355299254	0.5215765861995301	0.5098117007965332
1656355299356	0.5215765861995301	0.5098117007965332
1656355299472	0.5215765861995301	0.5098117007965332
1656355299573	0.5215765861995301	0.5098117007965332
1656355299673	0.5215765861995301	0.5098117007965332
1656355299793	0.5215765861995301	0.5098117007965332
1656355299908	0.5215765861995301	0.5098117007965332
1656355300024	0.5215765861995301	0.5098117007965332
1656355300142	0.5215765861995301	0.5098117007965332
1656355300258	0.5254982146671957	0.5058900723288675
1656355300371	0.5294198431348613	0.5058900723288675
1656355300473	0.5294198431348613	0.5058900723288675
1656355300590	0.5254982146671957	0.5058900723288675
1656355300690	0.5254982146671957	0.5058900723288675
1656355300804	0.5254982146671957	0.5058900723288675
1656355300919	0.5294198431348613	0.5058900723288675
1656355301019	0.5294198431348613	0.5058900723288675
1656355301130	0.5254982146671957	0.5019684438612019
1656355301249	0.5254982146671957	0.5058900723288675
1656355301352	0.5254982146671957	0.5058900723288675
1656355301467	0.5294198431348613	0.5058900723288675
1656355301567	0.5294198431348613	0.5058900723288675
1656355301668	0.5294198431348613	0.5019684438612019
1656355301785	0.5294198431348613	0.5058900723288675
1656355301885	0.5294198431348613	0.5058900723288675
1656355302001	0.5294198431348613	0.5058900723288675
1656355302102	0.5294198431348613	0.5019684438612019
1656355302202	0.5294198431348613	0.5058900723288675
1656355302305	0.533341471602527	0.5019684438612019
1656355302417	0.5294198431348613	0.5058900723288675
1656355302519	0.5294198431348613	0.5058900723288675
1656355302620	0.5294198431348613	0.5058900723288675
1656355302722	0.5294198431348613	0.5058900723288675
1656355302822	0.5294198431348613	0.5058900723288675
1656355302936	0.533341471602527	0.5019684438612019
1656355303054	0.533341471602527	0.5058900723288675
1656355303171	0.533341471602527	0.5058900723288675
1656355303272	0.5372631000701926	0.5058900723288675
1656355303372	0.5411847285378583	0.5058900723288675
1656355303485	0.5490279854731895	0.5019684438612019
1656355303600	0.5490279854731895	0.5058900723288675
1656355303714	0.5490279854731895	0.5058900723288675
1656355303830	0.5568712424085208	0.5058900723288675
1656355303943	0.5568712424085208	0.5058900723288675
1656355304059	0.5607928708761865	0.5019684438612019
1656355304174	0.5607928708761865	0.5019684438612019
1656355304292	0.5607928708761865	0.5058900723288675
1656355304406	0.5607928708761865	0.5215765861995301
1656355304520	0.5647144993438521	0.5215765861995301
1656355304621	0.5647144993438521	0.533341471602527
1656355304721	0.5686361278115177	0.533341471602527
1656355304836	0.5804010132145146	0.5529496139408552
1656355304937	0.5921658986175116	0.5686361278115177
1656355305050	0.6156956694235054	0.576479384746849
1656355305152	0.6274605548265023	0.6039307840205085
1656355305266	0.631382183294168	0.6235389263588367
1656355305381	0.631382183294168	0.6431470686971649
1656355305481	0.631382183294168	0.6470686971648305
1656355305596	0.6353038117618336	0.6627552110354931
1656355305711	0.6353038117618336	0.7098147526474807
1656355305811	0.6353038117618336	0.7137363811151464
1656355305928	0.6353038117618336	0.7098147526474807
1656355306043	0.6353038117618336	0.7098147526474807
1656355306158	0.6353038117618336	0.7137363811151464
1656355306273	0.6353038117618336	0.7137363811151464
1656355306387	0.6353038117618336	0.7215796380504776
1656355306502	0.6353038117618336	0.7215796380504776
1656355306602	0.6353038117618336	0.7215796380504776
1656355306702	0.6353038117618336	0.7255012665181433
1656355306804	0.6353038117618336	0.7255012665181433
1656355306919	0.6353038117618336	0.7255012665181433
1656355307022	0.6353038117618336	0.7215796380504776
1656355307137	0.6353038117618336	0.7215796380504776
1656355307252	0.6353038117618336	0.7255012665181433
1656355307353	0.6353038117618336	0.7255012665181433
1656355307469	0.6353038117618336	0.7255012665181433
1656355307582	0.6353038117618336	0.7255012665181433
1656355307682	0.6353038117618336	0.7294228949858089
1656355307783	0.6353038117618336	0.7647175511947997
1656355307897	0.6353038117618336	0.7647175511947997
1656355308015	0.6353038117618336	0.7647175511947997
1656355308128	0.6353038117618336	0.7647175511947997
1656355308228	0.6353038117618336	0.760795922727134
1656355308341	0.6353038117618336	0.7451094088564715
1656355308442	0.6353038117618336	0.7451094088564715
1656355308543	0.6353038117618336	0.7451094088564715
1656355308658	0.6353038117618336	0.7490310373241371
1656355308758	0.6353038117618336	0.7451094088564715
1656355308872	0.6353038117618336	0.7451094088564715
1656355308974	0.6353038117618336	0.7451094088564715
1656355309089	0.6353038117618336	0.7451094088564715
1656355309201	0.6392254402294992	0.7490310373241371
1656355309315	0.6862849818414869	0.7490310373241371
1656355309431	0.6902066103091525	0.7451094088564715
1656355309546	0.6902066103091525	0.7451094088564715
1656355309661	0.6902066103091525	0.7451094088564715
1656355309775	0.6902066103091525	0.7451094088564715
1656355309876	0.6902066103091525	0.7490310373241371
1656355309992	0.6902066103091525	0.7451094088564715
1656355310106	0.6902066103091525	0.7451094088564715
1656355310209	0.6902066103091525	0.7451094088564715
1656355310325	0.6902066103091525	0.7451094088564715
1656355310438	0.6902066103091525	0.7490310373241371
1656355310538	0.6902066103091525	0.7451094088564715
1656355310654	0.6902066103091525	0.7451094088564715
1656355310767	0.6902066103091525	0.7451094088564715
1656355310882	0.6902066103091525	0.7451094088564715
1656355310982	0.6902066103091525	0.7451094088564715
1656355311084	0.6902066103091525	0.7490310373241371
1656355311184	0.6902066103091525	0.7451094088564715
1656355311299	0.6902066103091525	0.7451094088564715
1656355311399	0.6902066103091525	0.7451094088564715
1656355311501	0.6902066103091525	0.7451094088564715
1656355311617	0.6902066103091525	0.7451094088564715
1656355311731	0.6902066103091525	0.7451094088564715
1656355311833	0.6902066103091525	0.7451094088564715
1656355311946	0.6902066103091525	0.7451094088564715
1656355312046	0.6902066103091525	0.7451094088564715
1656355312150	0.6902066103091525	0.7451094088564715
1656355312266	0.6902066103091525	0.7490310373241371
1656355312382	0.6941282387768182	0.7451094088564715
1656355312498	0.6980498672444838	0.7451094088564715
1656355312599	0.6941282387768182	0.7451094088564715
1656355312700	0.6980498672444838	0.7451094088564715
1656355312800	0.6980498672444838	0.7451094088564715
1656355312917	0.6980498672444838	0.7490310373241371
1656355313030	0.6980498672444838	0.7764824365977966
1656355313133	0.6980498672444838	0.8039338358714561
1656355313234	0.6980498672444838	0.8078554643391217
1656355313348	0.6941282387768182	0.8078554643391217
1656355313466	0.6941282387768182	0.8117770928067873
1656355313567	0.6980498672444838	0.8117770928067873
1656355313687	0.6980498672444838	0.8078554643391217
1656355313801	0.6980498672444838	0.8078554643391217
1656355313903	0.6941282387768182	0.8117770928067873
1656355314020	0.6941282387768182	0.8117770928067873
1656355314134	0.6980498672444838	0.8117770928067873
1656355314250	0.6980498672444838	0.8117770928067873
1656355314353	0.6980498672444838	0.8078554643391217
1656355314468	0.6941282387768182	0.8117770928067873
1656355314570	0.6941282387768182	0.8117770928067873
1656355314685	0.6392254402294992	0.8117770928067873
1656355314788	0.5098117007965332	0.8117770928067873
1656355314889	0.4117709891048921	0.8431501205481124
1656355314990	0.4078493606372265	0.8470717490157781
1656355315093	0.4196142460402234	0.8470717490157781
1656355315204	0.43530075991088596	0.858836634418775
1656355315318	0.43530075991088596	0.8666798913541063
1656355315419	0.43530075991088596	0.8862880336924345
1656355315521	0.4392223883785516	0.913739432966094
1656355315635	0.44314401684621724	0.9176610614337596
1656355315738	0.44314401684621724	0.9176610614337596
1656355315856	0.44314401684621724	0.9176610614337596
1656355315970	0.44314401684621724	0.9176610614337596
1656355316082	0.44314401684621724	0.9176610614337596
1656355316185	0.478438673055208	0.7333445234534746
1656355316288	0.4902035584582049	0.5137333292641988
1656355316398	0.49412518692587054	0.5098117007965332
1656355316504	0.5019684438612019	0.5098117007965332
1656355316616	0.5019684438612019	0.4980468153935362
1656355316731	0.4823603015228736	0.49412518692587054
1656355316848	0.478438673055208	0.48628192999053926
1656355316964	0.478438673055208	0.478438673055208
1656355317065	0.478438673055208	0.4509872737815485
1656355317179	0.478438673055208	0.4509872737815485
1656355317279	0.48628192999053926	0.4470656453138829
1656355317380	0.41569261757255777	0.4509872737815485
1656355317481	0.39216284676656393	0.46667378765221107
1656355317598	0.31765190588091674	0.48628192999053926
1656355317712	0.31765190588091674	0.4902035584582049
1656355317816	0.3215735343485824	0.49412518692587054
1656355317937	0.3215735343485824	0.49412518692587054
1656355318047	0.3215735343485824	0.49412518692587054
1656355318149	0.3215735343485824	0.4980468153935362
1656355318261	0.3215735343485824	0.5019684438612019
1656355318365	0.3764763328959014	0.5019684438612019
1656355318481	0.478438673055208	0.5019684438612019
1656355318591	0.4980468153935362	0.4980468153935362
1656355318694	0.4980468153935362	0.4980468153935362
1656355318805	0.4980468153935362	0.4980468153935362
1656355318910	0.5019684438612019	0.4980468153935362
1656355319024	0.5019684438612019	0.4902035584582049
1656355319134	0.5019684438612019	0.4902035584582049
1656355319247	0.5019684438612019	0.4902035584582049
1656355319349	0.5019684438612019	0.4902035584582049
1656355319449	0.5019684438612019	0.4902035584582049
1656355319549	0.5019684438612019	0.4902035584582049
1656355319651	0.5019684438612019	0.4902035584582049
1656355319762	0.5019684438612019	0.48628192999053926
1656355319864	0.5019684438612019	0.4823603015228736
1656355319964	0.5019684438612019	0.4823603015228736
1656355320069	0.5019684438612019	0.4823603015228736
1656355320185	0.5019684438612019	0.4823603015228736
1656355320299	0.5019684438612019	0.4823603015228736
1656355320413	0.5019684438612019	0.47451704458754235
1656355320528	0.5019684438612019	0.47451704458754235
1656355320639	0.5019684438612019	0.47451704458754235
1656355320741	0.5019684438612019	0.47451704458754235
1656355320854	0.5019684438612019	0.47451704458754235
1656355320972	0.5019684438612019	0.478438673055208
1656355321086	0.5019684438612019	0.478438673055208
1656355321186	0.4980468153935362	0.478438673055208
1656355321300	0.4980468153935362	0.478438673055208
1656355321404	0.4980468153935362	0.478438673055208
1656355321504	0.4980468153935362	0.45490890224921415
1656355321618	0.4980468153935362	0.44314401684621724
1656355321719	0.4980468153935362	0.4470656453138829
1656355321837	0.4980468153935362	0.4470656453138829
1656355321952	0.5019684438612019	0.44314401684621724
1656355322069	0.5058900723288675	0.44314401684621724
1656355322184	0.5098117007965332	0.44314401684621724
1656355322302	0.5098117007965332	0.44314401684621724
1656355322415	0.5058900723288675	0.4470656453138829
1656355322518	0.5098117007965332	0.4470656453138829
1656355322633	0.5098117007965332	0.44314401684621724
1656355322746	0.5098117007965332	0.44314401684621724
1656355322849	0.5058900723288675	0.44314401684621724
1656355322950	0.5058900723288675	0.44314401684621724
1656355323053	0.5058900723288675	0.4470656453138829
1656355323166	0.5098117007965332	0.4470656453138829
1656355323280	0.5215765861995301	0.44314401684621724
1656355323394	0.5451063570055239	0.44314401684621724
1656355323508	0.5568712424085208	0.44314401684621724
1656355323620	0.5843226416821803	0.4470656453138829
1656355323734	0.6000091555528428	0.4470656453138829
1656355323848	0.6000091555528428	0.4470656453138829
1656355323949	0.6000091555528428	0.44314401684621724
1656355324063	0.619617297891171	0.4470656453138829
1656355324164	0.631382183294168	0.4470656453138829
1656355324277	0.631382183294168	0.4470656453138829
1656355324378	0.6353038117618336	0.44314401684621724
1656355324494	0.6353038117618336	0.44314401684621724
1656355324606	0.6470686971648305	0.44314401684621724
1656355324724	0.67452009643849	0.44314401684621724
1656355324824	0.67452009643849	0.4470656453138829
1656355324937	0.6784417249061556	0.44314401684621724
1656355325052	0.6823633533738213	0.44314401684621724
1656355325153	0.6823633533738213	0.44314401684621724
1656355325267	0.6862849818414869	0.4470656453138829
1656355325382	0.6862849818414869	0.4470656453138829
1656355325501	0.6862849818414869	0.44314401684621724
1656355325613	0.6902066103091525	0.44314401684621724
1656355325727	0.6902066103091525	0.44314401684621724
1656355325827	0.6902066103091525	0.44314401684621724
1656355325940	0.6862849818414869	0.4470656453138829
1656355326045	0.6862849818414869	0.4470656453138829
1656355326152	0.6902066103091525	0.44314401684621724
1656355326253	0.6902066103091525	0.44314401684621724
1656355326353	0.6902066103091525	0.44314401684621724
1656355326453	0.6862849818414869	0.4470656453138829
1656355326554	0.6862849818414869	0.4470656453138829
1656355326667	0.6902066103091525	0.44314401684621724
1656355326767	0.6902066103091525	0.44314401684621724
1656355326868	0.6902066103091525	0.44314401684621724
1656355326968	0.6902066103091525	0.44314401684621724
1656355327068	0.6862849818414869	0.4470656453138829
1656355327185	0.6862849818414869	0.4470656453138829
1656355327285	0.6862849818414869	0.4470656453138829
1656355327401	0.6902066103091525	0.44314401684621724
1656355327517	0.6862849818414869	0.44314401684621724
1656355327617	0.6862849818414869	0.44314401684621724
1656355327730	0.6862849818414869	0.44314401684621724
1656355327830	0.6862849818414869	0.4470656453138829
1656355327930	0.6902066103091525	0.44314401684621724
1656355328046	0.6902066103091525	0.4470656453138829
1656355328146	0.6902066103091525	0.44314401684621724
1656355328246	0.6862849818414869	0.4509872737815485
1656355328348	0.6862849818414869	0.4509872737815485
1656355328464	0.6862849818414869	0.4509872737815485
1656355328578	0.6862849818414869	0.4392223883785516
1656355328678	0.6862849818414869	0.42353587450788904
1656355328794	0.6862849818414869	0.42353587450788904
1656355328911	0.6823633533738213	0.5176549577318644
1656355329023	0.6274605548265023	0.5137333292641988
1656355329142	0.49412518692587054	0.5098117007965332
1656355329242	0.20392468031861322	0.5137333292641988
1656355329355	0.14510025330362863	0.5137333292641988
1656355329470	0.141178624835963	0.5137333292641988
1656355329587	0.12941373943296608	0.5176549577318644
1656355329689	0.12941373943296608	0.5254982146671957
1656355329801	0.13333536790063172	0.6039307840205085
1656355329916	0.13725699636829736	0.6588335825678274
1656355330028	0.14510025330362863	0.6000091555528428
1656355330133	0.14902188177129427	0.5137333292641988
1656355330246	0.15686513870662555	0.5019684438612019
1656355330365	0.17647328104495374	0.5019684438612019
1656355330466	0.2235328226569414	0.5019684438612019
1656355330582	0.25882747886593216	0.5019684438612019
1656355330685	0.25882747886593216	0.5058900723288675
1656355330801	0.25882747886593216	0.5058900723288675
1656355330918	0.2627491073335978	0.5058900723288675
1656355331033	0.2627491073335978	0.5019684438612019
1656355331133	0.25882747886593216	0.5019684438612019
1656355331246	0.25882747886593216	0.5058900723288675
1656355331362	0.25882747886593216	0.5058900723288675
1656355331477	0.25882747886593216	0.5019684438612019
1656355331593	0.25882747886593216	0.5058900723288675
1656355331709	0.25882747886593216	0.5019684438612019
1656355331820	0.25882747886593216	0.5019684438612019
1656355331925	0.25882747886593216	0.5058900723288675
1656355332037	0.26667073580126344	0.5058900723288675
1656355332151	0.29804376354258855	0.5058900723288675
1656355332270	0.3725547044282357	0.5176549577318644
1656355332370	0.380397961363567	0.5254982146671957
1656355332486	0.4823603015228736	0.533341471602527
1656355332603	0.4823603015228736	0.533341471602527
1656355332718	0.5019684438612019	0.5294198431348613
1656355332834	0.5294198431348613	0.5294198431348613
1656355332934	0.5411847285378583	0.5254982146671957
1656355333048	0.5411847285378583	0.5254982146671957
1656355333152	0.5372631000701926	0.5254982146671957
1656355333266	0.5411847285378583	0.5254982146671957
1656355333366	0.5411847285378583	0.5215765861995301
1656355333481	0.5411847285378583	0.5215765861995301
1656355333596	0.5411847285378583	0.5215765861995301
1656355333696	0.5372631000701926	0.5215765861995301
1656355333796	0.5372631000701926	0.5254982146671957
1656355333896	0.5372631000701926	0.5254982146671957
1656355333996	0.5372631000701926	0.5215765861995301
1656355334110	0.5372631000701926	0.5215765861995301
1656355334211	0.5372631000701926	0.5215765861995301
1656355334324	0.5372631000701926	0.5215765861995301
1656355334440	0.533341471602527	0.5215765861995301
1656355334546	0.533341471602527	0.5215765861995301
1656355334657	0.533341471602527	0.5176549577318644
1656355334760	0.533341471602527	0.5176549577318644
1656355334875	0.533341471602527	0.5176549577318644
1656355334989	0.5294198431348613	0.5215765861995301
1656355335089	0.5294198431348613	0.5176549577318644
1656355335201	0.5294198431348613	0.5176549577318644
1656355335316	0.5294198431348613	0.5176549577318644
1656355335431	0.5294198431348613	0.5176549577318644
1656355335534	0.5294198431348613	0.5176549577318644
1656355335647	0.5294198431348613	0.5176549577318644
1656355335748	0.5294198431348613	0.5176549577318644
1656355335863	0.5294198431348613	0.5176549577318644
1656355335975	0.5647144993438521	0.5176549577318644
1656355336077	0.5882442701498459	0.5176549577318644
1656355336178	0.5921658986175116	0.5176549577318644
1656355336294	0.6000091555528428	0.5176549577318644
1656355336409	0.6078524124881741	0.5215765861995301
1656355336523	0.6078524124881741	0.5215765861995301
1656355336624	0.6117740409558398	0.5254982146671957
1656355336737	0.6156956694235054	0.5254982146671957
1656355336852	0.6156956694235054	0.5254982146671957
1656355336971	0.6156956694235054	0.5215765861995301
1656355337079	0.6156956694235054	0.5215765861995301
1656355337181	0.6156956694235054	0.5254982146671957
1656355337282	0.6156956694235054	0.5254982146671957
1656355337395	0.6156956694235054	0.5254982146671957
1656355337495	0.6156956694235054	0.5254982146671957
1656355337597	0.6156956694235054	0.5215765861995301
1656355337712	0.6156956694235054	0.5215765861995301
1656355337830	0.6156956694235054	0.5254982146671957
1656355337930	0.6156956694235054	0.5254982146671957
1656355338045	0.619617297891171	0.5254982146671957
1656355338161	0.6470686971648305	0.5254982146671957
1656355338261	0.6470686971648305	0.5254982146671957
1656355338377	0.6470686971648305	0.5254982146671957
1656355338478	0.6509903256324961	0.5254982146671957
1656355338581	0.6509903256324961	0.5254982146671957
1656355338697	0.6509903256324961	0.5254982146671957
1656355338813	0.6509903256324961	0.5254982146671957
1656355338913	0.6509903256324961	0.5254982146671957
1656355339028	0.6509903256324961	0.5254982146671957
1656355339142	0.6509903256324961	0.5254982146671957
1656355339243	0.6509903256324961	0.5254982146671957
1656355339344	0.6509903256324961	0.5254982146671957
1656355339446	0.6549119541001618	0.5254982146671957
1656355339562	0.6549119541001618	0.533341471602527
1656355339665	0.6509903256324961	0.5372631000701926
1656355339776	0.6509903256324961	0.5372631000701926
1656355339888	0.6509903256324961	0.5372631000701926
1656355339992	0.6549119541001618	0.5372631000701926
1656355340105	0.6549119541001618	0.5372631000701926
1656355340218	0.6509903256324961	0.5294198431348613
1656355340335	0.6549119541001618	0.5254982146671957
1656355340452	0.6549119541001618	0.5254982146671957
1656355340567	0.6588335825678274	0.5254982146671957
1656355340667	0.6588335825678274	0.5254982146671957
1656355340769	0.6549119541001618	0.5254982146671957
1656355340879	0.6549119541001618	0.5254982146671957
1656355340980	0.6549119541001618	0.5254982146671957
1656355341084	0.6588335825678274	0.5254982146671957
1656355341197	0.6588335825678274	0.5254982146671957
1656355341297	0.6588335825678274	0.5254982146671957
1656355341412	0.6588335825678274	0.5254982146671957
1656355341512	0.6588335825678274	0.5254982146671957
1656355341613	0.6588335825678274	0.5254982146671957
1656355341714	0.6627552110354931	0.5254982146671957
1656355341829	0.6784417249061556	0.5254982146671957
1656355341943	0.7098147526474807	0.5254982146671957
1656355342059	0.5137333292641988	0.5254982146671957
1656355342161	0.4823603015228736	0.5254982146671957
1656355342276	0.4274575029755547	0.5254982146671957
1656355342392	0.29804376354258855	0.5254982146671957
1656355342504	0.28627887813959163	0.5254982146671957
1656355342604	0.28627887813959163	0.5254982146671957
1656355342719	0.28627887813959163	0.5254982146671957
1656355342835	0.28627887813959163	0.5254982146671957
1656355342935	0.28627887813959163	0.5254982146671957
1656355343049	0.28627887813959163	0.5254982146671957
1656355343149	0.28627887813959163	0.5294198431348613
1656355343263	0.28627887813959163	0.5725577562791834
1656355343380	0.28627887813959163	0.576479384746849
1656355343492	0.28627887813959163	0.576479384746849
1656355343608	0.28627887813959163	0.576479384746849
1656355343722	0.28627887813959163	0.576479384746849
1656355343839	0.28627887813959163	0.576479384746849
1656355343940	0.28627887813959163	0.576479384746849
1656355344054	0.28627887813959163	0.576479384746849
1656355344170	0.3019653920102542	0.576479384746849
1656355344286	0.3333384197515793	0.5725577562791834
1656355344386	0.5019684438612019	0.5725577562791834
1656355344487	0.5372631000701926	0.5529496139408552
1656355344600	0.5411847285378583	0.5411847285378583
1656355344714	0.5411847285378583	0.5411847285378583
1656355344816	0.5411847285378583	0.5411847285378583
1656355344932	0.5411847285378583	0.5411847285378583
1656355345046	0.5411847285378583	0.5411847285378583
1656355345158	0.5451063570055239	0.5411847285378583
1656355345271	0.5451063570055239	0.5411847285378583
1656355345383	0.5529496139408552	0.5411847285378583
1656355345487	0.5882442701498459	0.5372631000701926
1656355345603	0.5960875270851772	0.5411847285378583
1656355345719	0.5960875270851772	0.5411847285378583
1656355345834	0.5960875270851772	0.5411847285378583
1656355345934	0.5960875270851772	0.5411847285378583
1656355346048	0.5960875270851772	0.5411847285378583
1656355346150	0.6000091555528428	0.5411847285378583
1656355346265	0.6039307840205085	0.5411847285378583
1656355346366	0.6039307840205085	0.5411847285378583
1656355346466	0.6039307840205085	0.5411847285378583
1656355346581	0.6078524124881741	0.5372631000701926
1656355346681	0.6078524124881741	0.5372631000701926
1656355346796	0.6078524124881741	0.5372631000701926
1656355346909	0.6039307840205085	0.5372631000701926
1656355347026	0.6078524124881741	0.5372631000701926
1656355347137	0.6078524124881741	0.5372631000701926
1656355347240	0.6078524124881741	0.533341471602527
1656355347356	0.6078524124881741	0.5372631000701926
1656355347461	0.6078524124881741	0.5372631000701926
1656355347574	0.6078524124881741	0.5372631000701926
1656355347675	0.6078524124881741	0.5372631000701926
1656355347790	0.6078524124881741	0.5372631000701926
1656355347905	0.6078524124881741	0.5372631000701926
1656355348007	0.6078524124881741	0.5451063570055239
1656355348119	0.6078524124881741	0.5451063570055239
1656355348235	0.6078524124881741	0.5568712424085208
1656355348349	0.6078524124881741	0.5607928708761865
1656355348450	0.6117740409558398	0.5804010132145146
1656355348552	0.6117740409558398	0.5882442701498459
1656355348653	0.6117740409558398	0.5882442701498459
1656355348769	0.6117740409558398	0.6000091555528428
1656355348870	0.6117740409558398	0.6039307840205085
1656355348972	0.6117740409558398	0.6274605548265023
1656355349086	0.6117740409558398	0.6470686971648305
1656355349200	0.6117740409558398	0.6470686971648305
1656355349302	0.6156956694235054	0.6470686971648305
1656355349403	0.6117740409558398	0.6470686971648305
1656355349504	0.6117740409558398	0.6470686971648305
1656355349604	0.6156956694235054	0.6470686971648305
1656355349719	0.6117740409558398	0.6470686971648305
1656355349819	0.6156956694235054	0.6470686971648305
1656355349935	0.6117740409558398	0.6470686971648305
1656355350049	0.6156956694235054	0.6470686971648305
1656355350165	0.6156956694235054	0.6470686971648305
1656355350283	0.6156956694235054	0.6431470686971649
1656355350385	0.619617297891171	0.6470686971648305
1656355350500	0.6392254402294992	0.6470686971648305
1656355350620	0.6392254402294992	0.6470686971648305
1656355350729	0.6392254402294992	0.6470686971648305
1656355350832	0.6392254402294992	0.6470686971648305
1656355350932	0.6392254402294992	0.6470686971648305
1656355351045	0.6392254402294992	0.6470686971648305
1656355351145	0.6392254402294992	0.6470686971648305
1656355351262	0.6588335825678274	0.6470686971648305
1656355351380	0.67452009643849	0.6431470686971649
1656355351495	0.67452009643849	0.6470686971648305
1656355351596	0.67452009643849	0.6431470686971649
1656355351711	0.67452009643849	0.6470686971648305
1656355351828	0.67452009643849	0.6470686971648305
1656355351941	0.67452009643849	0.6470686971648305
1656355352059	0.67452009643849	0.6470686971648305
1656355352174	0.6823633533738213	0.6470686971648305
1656355352275	0.6862849818414869	0.6470686971648305
1656355352387	0.6862849818414869	0.6470686971648305
1656355352487	0.6862849818414869	0.6470686971648305
1656355352602	0.6862849818414869	0.6470686971648305
1656355352720	0.6862849818414869	0.6470686971648305
1656355352833	0.6862849818414869	0.6470686971648305
1656355352952	0.6862849818414869	0.6470686971648305
1656355353068	0.6941282387768182	0.6470686971648305
1656355353168	0.717658009582812	0.6470686971648305
1656355353268	0.7333445234534746	0.6470686971648305
1656355353368	0.7372661519211402	0.6470686971648305
1656355353482	0.7333445234534746	0.6470686971648305
1656355353597	0.7372661519211402	0.6470686971648305
1656355353712	0.7372661519211402	0.6470686971648305
1656355353827	0.7411877803888058	0.6431470686971649
1656355353929	0.7411877803888058	0.6470686971648305
1656355354039	0.7411877803888058	0.6470686971648305
1656355354144	0.7411877803888058	0.6431470686971649
1656355354245	0.7411877803888058	0.6470686971648305
1656355354345	0.7451094088564715	0.6470686971648305
1656355354457	0.7411877803888058	0.6470686971648305
1656355354570	0.7451094088564715	0.6470686971648305
1656355354671	0.7451094088564715	0.6470686971648305
1656355354785	0.67452009643849	0.6470686971648305
1656355354888	0.5215765861995301	0.6470686971648305
1656355355000	0.5058900723288675	0.6431470686971649
1656355355105	0.4902035584582049	0.6470686971648305
1656355355205	0.478438673055208	0.6470686971648305
1656355355317	0.4705954161198767	0.6470686971648305
1656355355418	0.4705954161198767	0.6470686971648305
1656355355519	0.4705954161198767	0.6470686971648305
1656355355636	0.4705954161198767	0.6470686971648305
1656355355736	0.4705954161198767	0.6470686971648305
1656355355840	0.4705954161198767	0.6470686971648305
1656355355941	0.4705954161198767	0.6470686971648305
1656355356041	0.4705954161198767	0.6470686971648305
1656355356155	0.4196142460402234	0.6470686971648305
1656355356258	0.380397961363567	0.6470686971648305
1656355356372	0.3451033051545762	0.6470686971648305
1656355356474	0.33726004821924493	0.6470686971648305
1656355356574	0.3333384197515793	0.6470686971648305
1656355356685	0.3333384197515793	0.6470686971648305
1656355356785	0.31765190588091674	0.6470686971648305
1656355356886	0.28627887813959163	0.6470686971648305
1656355357000	0.27843562120426035	0.6470686971648305
1656355357115	0.27843562120426035	0.6509903256324961
1656355357216	0.282357249671926	0.6470686971648305
1656355357320	0.282357249671926	0.6470686971648305
1656355357420	0.282357249671926	0.6470686971648305
1656355357520	0.27843562120426035	0.6470686971648305
1656355357632	0.27843562120426035	0.6470686971648305
1656355357748	0.282357249671926	0.6470686971648305
1656355357850	0.282357249671926	0.6470686971648305
1656355357967	0.282357249671926	0.6470686971648305
1656355358067	0.27843562120426035	0.6470686971648305
1656355358167	0.27843562120426035	0.6470686971648305
1656355358280	0.27843562120426035	0.6509903256324961
1656355358381	0.27843562120426035	0.6509903256324961
1656355358481	0.27843562120426035	0.6509903256324961
1656355358596	0.2745139927365947	0.6509903256324961
1656355358712	0.2705923642689291	0.6509903256324961
1656355358813	0.26667073580126344	0.6509903256324961
1656355358927	0.2627491073335978	0.6509903256324961
1656355359028	0.39216284676656393	0.6509903256324961
1656355359142	0.46275215918454543	0.6509903256324961
1656355359245	0.46275215918454543	0.6509903256324961
1656355359354	0.46667378765221107	0.6549119541001618
1656355359456	0.47451704458754235	0.6549119541001618
1656355359568	0.49412518692587054	0.6666768395031587
1656355359669	0.5058900723288675	0.67452009643849
1656355359782	0.5058900723288675	0.6784417249061556
1656355359896	0.5058900723288675	0.6784417249061556
1656355359998	0.5019684438612019	0.6784417249061556
1656355360109	0.5019684438612019	0.6784417249061556
1656355360226	0.5019684438612019	0.67452009643849
1656355360344	0.5058900723288675	0.67452009643849
1656355360445	0.5098117007965332	0.6784417249061556
1656355360545	0.5137333292641988	0.6784417249061556
1656355360645	0.5215765861995301	0.6784417249061556
1656355360753	0.5451063570055239	0.67452009643849
1656355360858	0.5490279854731895	0.67452009643849
1656355360971	0.5529496139408552	0.67452009643849
1656355361073	0.5490279854731895	0.67452009643849
1656355361173	0.4196142460402234	0.6902066103091525
1656355361274	0.3019653920102542	0.6902066103091525
1656355361388	0.3058870204779198	0.6902066103091525
1656355361503	0.30980864894558546	0.6902066103091525
1656355361604	0.3137302774132511	0.6902066103091525
1656355361718	0.31765190588091674	0.6902066103091525
1656355361833	0.31765190588091674	0.6902066103091525
1656355361936	0.33726004821924493	0.6902066103091525
1656355362049	0.40392773216956085	0.6902066103091525
1656355362149	0.40392773216956085	0.6902066103091525
1656355362263	0.40392773216956085	0.6902066103091525
1656355362363	0.4000061037018952	0.6902066103091525
1656355362478	0.40392773216956085	0.6902066103091525
1656355362579	0.4000061037018952	0.6902066103091525
1656355362694	0.40392773216956085	0.6902066103091525
1656355362809	0.4000061037018952	0.6902066103091525
1656355362927	0.39608447523422957	0.6902066103091525
1656355363042	0.3882412182988983	0.6902066103091525
1656355363153	0.3882412182988983	0.6902066103091525
1656355363269	0.3882412182988983	0.6902066103091525
1656355363385	0.3882412182988983	0.6902066103091525
1656355363498	0.4000061037018952	0.6902066103091525
1656355363599	0.4078493606372265	0.6902066103091525
1656355363713	0.4078493606372265	0.6902066103091525
1656355363828	0.4078493606372265	0.6902066103091525
1656355363928	0.4078493606372265	0.6902066103091525
1656355364045	0.4078493606372265	0.6902066103091525
1656355364146	0.40392773216956085	0.6902066103091525
1656355364247	0.40392773216956085	0.6902066103091525
1656355364347	0.40392773216956085	0.6902066103091525
1656355364460	0.40392773216956085	0.6902066103091525
1656355364575	0.40392773216956085	0.6902066103091525
1656355364675	0.3019653920102542	0.6902066103091525
1656355364777	0.3137302774132511	0.6902066103091525
1656355364877	0.49412518692587054	0.6902066103091525
1656355364978	0.5804010132145146	0.6588335825678274
1656355365093	0.6470686971648305	0.6470686971648305
1656355365205	0.6470686971648305	0.6470686971648305
1656355365306	0.6470686971648305	0.6470686971648305
1656355365419	0.6470686971648305	0.6470686971648305
1656355365534	0.6470686971648305	0.6470686971648305
1656355365648	0.6588335825678274	0.6470686971648305
1656355365748	0.67452009643849	0.6509903256324961
1656355365848	0.67452009643849	0.6509903256324961
1656355365949	0.6980498672444838	0.6666768395031587
1656355366062	0.6980498672444838	0.7058931241798151
1656355366162	0.7019714957121495	0.7215796380504776
1656355366277	0.7019714957121495	0.7960905789361248
1656355366395	0.7058931241798151	0.8196203497421186
1656355366508	0.717658009582812	0.8196203497421186
1656355366609	0.7451094088564715	0.8196203497421186
1656355366725	0.7451094088564715	0.8196203497421186
1656355366839	0.7451094088564715	0.8196203497421186
1656355366939	0.7490310373241371	0.8196203497421186
1656355367049	0.7490310373241371	0.8196203497421186
1656355367165	0.7529526657918028	0.8196203497421186
1656355367280	0.7490310373241371	0.8196203497421186
1656355367380	0.7529526657918028	0.8196203497421186
1656355367495	0.7490310373241371	0.815698721274453
1656355367614	0.7490310373241371	0.8196203497421186
1656355367714	0.7490310373241371	0.8196203497421186
1656355367827	0.7490310373241371	0.8196203497421186
1656355367929	0.5804010132145146	0.8196203497421186
1656355368043	0.4705954161198767	0.8235419782097843
1656355368155	0.3764763328959014	0.8353068636127812
1656355368270	0.3137302774132511	0.8392284920804468
1656355368381	0.28627887813959163	0.8353068636127812
1656355368481	0.2745139927365947	0.8353068636127812
1656355368581	0.2431409649952696	0.8392284920804468
1656355368685	0.2235328226569414	0.8470717490157781
1656355368801	0.21961119418927577	0.8509933774834437
1656355368901	0.21961119418927577	0.8509933774834437
1656355369015	0.21961119418927577	0.8509933774834437
1656355369116	0.21961119418927577	0.8509933774834437
1656355369229	0.21961119418927577	0.8509933774834437
1656355369330	0.21961119418927577	0.8509933774834437
1656355369446	0.21961119418927577	0.8509933774834437
1656355369546	0.21961119418927577	0.8509933774834437
1656355369660	0.21961119418927577	0.8509933774834437
1656355369777	0.21568956572161013	0.8509933774834437
1656355369890	0.20392468031861322	0.8509933774834437
1656355370008	0.20000305185094758	0.8509933774834437
1656355370117	0.20000305185094758	0.8509933774834437
1656355370229	0.20000305185094758	0.8509933774834437
1656355370330	0.20000305185094758	0.8509933774834437
1656355370431	0.20000305185094758	0.8509933774834437
1656355370545	0.20000305185094758	0.8666798913541063
1656355370660	0.20000305185094758	0.8745231482894376
1656355370760	0.20000305185094758	0.8745231482894376
1656355370877	0.20000305185094758	0.8745231482894376
1656355370978	0.18431653798028502	0.8745231482894376
1656355371078	0.18823816644795066	0.8745231482894376
1656355371180	0.21568956572161013	0.8745231482894376
1656355371281	0.22745445112460705	0.8745231482894376
1656355371394	0.4980468153935362	0.8745231482894376
1656355371510	0.5451063570055239	0.8706015198217719
1656355371622	0.6274605548265023	0.8627582628864406
1656355371738	0.6274605548265023	0.8666798913541063
1656355371841	0.6274605548265023	0.8627582628864406
1656355371950	0.6274605548265023	0.8627582628864406
1656355372065	0.631382183294168	0.8627582628864406
1656355372180	0.631382183294168	0.8627582628864406
1656355372294	0.631382183294168	0.8627582628864406
1656355372395	0.6274605548265023	0.8627582628864406
1656355372511	0.6274605548265023	0.8627582628864406
1656355372628	0.631382183294168	0.8627582628864406
1656355372741	0.631382183294168	0.858836634418775
1656355372841	0.631382183294168	0.8627582628864406
1656355372958	0.6627552110354931	0.858836634418775
1656355373072	0.6980498672444838	0.8549150059511094
1656355373188	0.7255012665181433	0.8509933774834437
1656355373288	0.7411877803888058	0.8470717490157781
1656355373404	0.7529526657918028	0.8431501205481124
1656355373520	0.7529526657918028	0.8431501205481124
1656355373636	0.7529526657918028	0.8431501205481124
1656355373745	0.7529526657918028	0.8431501205481124
1656355373846	0.7568742942594684	0.8431501205481124
1656355373946	0.7568742942594684	0.8392284920804468
1656355374048	0.7568742942594684	0.8392284920804468
1656355374163	0.7529526657918028	0.8392284920804468
1656355374265	0.7529526657918028	0.8392284920804468
1656355374365	0.7568742942594684	0.8392284920804468
1656355374478	0.7568742942594684	0.8392284920804468
1656355374579	0.5137333292641988	0.5686361278115177
1656355374694	0.5137333292641988	0.5098117007965332
1656355374811	0.5137333292641988	0.5098117007965332
1656355374925	0.5058900723288675	0.5137333292641988
1656355375038	0.48628192999053926	0.5098117007965332
1656355375139	0.4823603015228736	0.5098117007965332
1656355375239	0.4823603015228736	0.5137333292641988
1656355375339	0.4823603015228736	0.5137333292641988
1656355375454	0.48628192999053926	0.4509872737815485
1656355375554	0.5019684438612019	0.4470656453138829
1656355375668	0.5098117007965332	0.38431958983123266
1656355375782	0.5098117007965332	0.3647114474929044
1656355375897	0.5372631000701926	0.36863307596057004
1656355375999	0.5529496139408552	0.38431958983123266
1656355376113	0.5568712424085208	0.4000061037018952
1656355376214	0.5607928708761865	0.4117709891048921
1656355376316	0.5647144993438521	0.4117709891048921
1656355376427	0.6156956694235054	0.4117709891048921
1656355376529	0.6156956694235054	0.4117709891048921
1656355376646	0.6156956694235054	0.4117709891048921
1656355376748	0.619617297891171	0.4117709891048921
1656355376862	0.6235389263588367	0.41569261757255777
1656355376976	0.6549119541001618	0.41569261757255777
1656355377081	0.6549119541001618	0.41569261757255777
1656355377198	0.6549119541001618	0.4196142460402234
1656355377309	0.6549119541001618	0.4196142460402234
1656355377409	0.6549119541001618	0.4196142460402234
1656355377509	0.6549119541001618	0.4196142460402234
1656355377622	0.6549119541001618	0.4196142460402234
1656355377735	0.6549119541001618	0.4196142460402234
1656355377838	0.6549119541001618	0.4196142460402234
1656355377938	0.67452009643849	0.4196142460402234
1656355378056	0.7098147526474807	0.4196142460402234
1656355378169	0.7294228949858089	0.4196142460402234
1656355378274	0.7294228949858089	0.4196142460402234
1656355378387	0.7294228949858089	0.4196142460402234
1656355378504	0.7294228949858089	0.4196142460402234
1656355378620	0.7294228949858089	0.4196142460402234
1656355378735	0.7294228949858089	0.4196142460402234
1656355378847	0.7294228949858089	0.4196142460402234
1656355378953	0.7294228949858089	0.4196142460402234
1656355379066	0.7294228949858089	0.4196142460402234
1656355379179	0.7294228949858089	0.4196142460402234
1656355379296	0.7294228949858089	0.4196142460402234
1656355379399	0.7294228949858089	0.4196142460402234
1656355379510	0.7294228949858089	0.4196142460402234
1656355379611	0.7294228949858089	0.4196142460402234
1656355379726	0.7294228949858089	0.4196142460402234
1656355379826	0.7294228949858089	0.4196142460402234
1656355379927	0.7294228949858089	0.4196142460402234
1656355380042	0.7294228949858089	0.4196142460402234
1656355380157	0.7294228949858089	0.4196142460402234
1656355380268	0.7294228949858089	0.4196142460402234
1656355380384	0.7294228949858089	0.4196142460402234
1656355380500	0.7294228949858089	0.4196142460402234
1656355380616	0.7294228949858089	0.4196142460402234
1656355380731	0.7294228949858089	0.4196142460402234
1656355380832	0.7294228949858089	0.42353587450788904
1656355380932	0.7294228949858089	0.4196142460402234
1656355381045	0.7294228949858089	0.4196142460402234
1656355381146	0.7294228949858089	0.4196142460402234
1656355381261	0.7294228949858089	0.38431958983123266
1656355381375	0.7294228949858089	0.38431958983123266
1656355381477	0.7294228949858089	0.38431958983123266
1656355381592	0.7294228949858089	0.38431958983123266
1656355381694	0.7372661519211402	0.38431958983123266
1656355381807	0.7451094088564715	0.38431958983123266
1656355381920	0.7451094088564715	0.38431958983123266
1656355382021	0.7451094088564715	0.38431958983123266
1656355382135	0.7451094088564715	0.38431958983123266
1656355382239	0.7451094088564715	0.380397961363567
1656355382350	0.7451094088564715	0.38431958983123266
1656355382452	0.7451094088564715	0.38431958983123266
1656355382555	0.7490310373241371	0.38431958983123266
1656355382655	0.7490310373241371	0.38431958983123266
1656355382770	0.760795922727134	0.380397961363567
1656355382886	0.7882473220007935	0.380397961363567
1656355383001	0.7882473220007935	0.38431958983123266
1656355383117	0.4823603015228736	0.4078493606372265
1656355383233	0.38431958983123266	0.4117709891048921
1656355383348	0.38431958983123266	0.4117709891048921
1656355383448	0.38431958983123266	0.4117709891048921
1656355383564	0.380397961363567	0.41569261757255777
1656355383666	0.380397961363567	0.41569261757255777
1656355383781	0.38431958983123266	0.4196142460402234
1656355383895	0.38431958983123266	0.41569261757255777
1656355384010	0.38431958983123266	0.4196142460402234
1656355384126	0.38431958983123266	0.4196142460402234
1656355384238	0.380397961363567	0.4196142460402234
1656355384352	0.380397961363567	0.4470656453138829
1656355384467	0.38431958983123266	0.4509872737815485
1656355384582	0.3764763328959014	0.4509872737815485
1656355384684	0.3764763328959014	0.4470656453138829
1656355384784	0.3764763328959014	0.4274575029755547
1656355384898	0.3764763328959014	0.4313791314432203
1656355385001	0.3411816766869106	0.4196142460402234
1656355385115	0.3215735343485824	0.41569261757255777
1656355385215	0.28627887813959163	0.41569261757255777
1656355385333	0.2705923642689291	0.41569261757255777
1656355385446	0.25882747886593216	0.4196142460402234
1656355385565	0.2509842219306009	0.4196142460402234
1656355385680	0.24706259346293524	0.4196142460402234
1656355385781	0.24706259346293524	0.4196142460402234
1656355385896	0.24706259346293524	0.4196142460402234
1656355385996	0.24706259346293524	0.4196142460402234
1656355386097	0.24706259346293524	0.4196142460402234
1656355386211	0.24706259346293524	0.4196142460402234
1656355386327	0.24706259346293524	0.4196142460402234
1656355386427	0.24706259346293524	0.4196142460402234
1656355386540	0.24706259346293524	0.4196142460402234
1656355386640	0.24706259346293524	0.4196142460402234
1656355386741	0.24706259346293524	0.4196142460402234
1656355386858	0.24706259346293524	0.4196142460402234
1656355386974	0.24706259346293524	0.41569261757255777
1656355387086	0.24706259346293524	0.4196142460402234
1656355387202	0.24706259346293524	0.42353587450788904
1656355387316	0.24706259346293524	0.4274575029755547
1656355387417	0.24706259346293524	0.4274575029755547
1656355387532	0.24706259346293524	0.4274575029755547
1656355387644	0.24706259346293524	0.4274575029755547
1656355387760	0.24706259346293524	0.4313791314432203
1656355387872	0.24706259346293524	0.4313791314432203
1656355387987	0.24706259346293524	0.4313791314432203
1656355388088	0.24706259346293524	0.4313791314432203
1656355388202	0.24706259346293524	0.4313791314432203
1656355388302	0.24706259346293524	0.4313791314432203
1656355388402	0.24706259346293524	0.4392223883785516
1656355388517	0.24706259346293524	0.4392223883785516
1656355388632	0.24706259346293524	0.4392223883785516
1656355388748	0.24706259346293524	0.4392223883785516
1656355388867	0.24706259346293524	0.44314401684621724
1656355388981	0.24706259346293524	0.44314401684621724
1656355389082	0.24706259346293524	0.44314401684621724
1656355389182	0.24706259346293524	0.4392223883785516
1656355389283	0.24706259346293524	0.4392223883785516
1656355389397	0.24706259346293524	0.44314401684621724
1656355389515	0.24706259346293524	0.44314401684621724
1656355389629	0.24706259346293524	0.44314401684621724
1656355389744	0.24706259346293524	0.44314401684621724
1656355389858	0.24706259346293524	0.44314401684621724
1656355389978	0.380397961363567	0.44314401684621724
1656355390093	0.45490890224921415	0.44314401684621724
1656355390206	0.4902035584582049	0.44314401684621724
1656355390308	0.5137333292641988	0.44314401684621724
1656355390423	0.533341471602527	0.44314401684621724
1656355390540	0.5647144993438521	0.4392223883785516
1656355390654	0.5686361278115177	0.44314401684621724
1656355390764	0.5725577562791834	0.44314401684621724
1656355390864	0.5921658986175116	0.44314401684621724
1656355390964	0.5921658986175116	0.44314401684621724
1656355391080	0.5960875270851772	0.44314401684621724
1656355391180	0.6235389263588367	0.44314401684621724
1656355391281	0.6235389263588367	0.44314401684621724
1656355391382	0.6235389263588367	0.44314401684621724
1656355391495	0.6274605548265023	0.44314401684621724
1656355391612	0.631382183294168	0.4392223883785516
1656355391728	0.6431470686971649	0.4392223883785516
1656355391828	0.6470686971648305	0.44314401684621724
1656355391940	0.7019714957121495	0.4392223883785516
1656355392053	0.7058931241798151	0.4392223883785516
1656355392153	0.7058931241798151	0.44314401684621724
1656355392255	0.7058931241798151	0.4392223883785516
1656355392368	0.7058931241798151	0.44314401684621724
1656355392483	0.7058931241798151	0.44314401684621724
1656355392599	0.6980498672444838	0.44314401684621724
1656355392701	0.6941282387768182	0.44314401684621724
1656355392814	0.6941282387768182	0.4392223883785516
1656355392927	0.6941282387768182	0.44314401684621724
1656355393041	0.6902066103091525	0.44314401684621724
1656355393155	0.6941282387768182	0.44314401684621724
1656355393258	0.6941282387768182	0.44314401684621724
1656355393371	0.6941282387768182	0.44314401684621724
1656355393486	0.6941282387768182	0.4392223883785516
1656355393586	0.6941282387768182	0.44314401684621724
1656355393689	0.6980498672444838	0.44314401684621724
1656355393801	0.6980498672444838	0.4392223883785516
1656355393901	0.6980498672444838	0.3411816766869106
1656355394003	0.6980498672444838	0.325495162816248
1656355394119	0.6980498672444838	0.325495162816248
1656355394231	0.6980498672444838	0.325495162816248
1656355394332	0.6980498672444838	0.325495162816248
1656355394450	0.6980498672444838	0.33726004821924493
1656355394551	0.6980498672444838	0.533341471602527
1656355394666	0.6980498672444838	0.5607928708761865
1656355394780	0.6980498672444838	0.5843226416821803
1656355394881	0.6980498672444838	0.6156956694235054
1656355394996	0.6980498672444838	0.6274605548265023
1656355395110	0.6980498672444838	0.6235389263588367
1656355395226	0.6980498672444838	0.619617297891171
1656355395338	0.6980498672444838	0.6039307840205085
1656355395438	0.6980498672444838	0.6000091555528428
1656355395539	0.6980498672444838	0.6000091555528428
1656355395651	0.6980498672444838	0.6000091555528428
1656355395767	0.6980498672444838	0.5960875270851772
1656355395869	0.6980498672444838	0.6000091555528428
1656355395970	0.6980498672444838	0.6000091555528428
1656355396082	0.6980498672444838	0.6000091555528428
1656355396201	0.6980498672444838	0.6000091555528428
1656355396305	0.6980498672444838	0.6000091555528428
1656355396416	0.717658009582812	0.6000091555528428
1656355396532	0.717658009582812	0.6000091555528428
1656355396634	0.7215796380504776	0.6000091555528428
1656355396734	0.7255012665181433	0.6000091555528428
1656355396834	0.7372661519211402	0.6000091555528428
1656355396949	0.7568742942594684	0.6000091555528428
1656355397050	0.7568742942594684	0.6000091555528428
1656355397152	0.7568742942594684	0.6000091555528428
1656355397252	0.7568742942594684	0.6000091555528428
1656355397366	0.7568742942594684	0.6000091555528428
1656355397466	0.7568742942594684	0.6000091555528428
1656355397582	0.7568742942594684	0.6000091555528428
1656355397685	0.7568742942594684	0.6000091555528428
1656355397801	0.7568742942594684	0.6000091555528428
1656355397901	0.7568742942594684	0.6000091555528428
1656355398002	0.7568742942594684	0.6000091555528428
1656355398117	0.7568742942594684	0.6000091555528428
1656355398217	0.7568742942594684	0.6000091555528428
1656355398330	0.7568742942594684	0.6000091555528428
1656355398432	0.760795922727134	0.6000091555528428
1656355398532	0.760795922727134	0.6000091555528428
1656355398645	0.760795922727134	0.6000091555528428
1656355398760	0.760795922727134	0.6000091555528428
1656355398862	0.760795922727134	0.6000091555528428
1656355398977	0.760795922727134	0.6000091555528428
1656355399078	0.760795922727134	0.6000091555528428
1656355399192	0.760795922727134	0.6000091555528428
1656355399307	0.760795922727134	0.6000091555528428
1656355399408	0.760795922727134	0.5960875270851772
1656355399508	0.760795922727134	0.5960875270851772
1656355399626	0.7647175511947997	0.5960875270851772
1656355399726	0.7647175511947997	0.6000091555528428
1656355399826	0.7686391796624653	0.5960875270851772
1656355399941	0.772560808130131	0.5960875270851772
1656355400054	0.7960905789361248	0.5921658986175116
1656355400166	0.7960905789361248	0.5921658986175116
1656355400269	0.7843256935331279	0.5960875270851772
1656355400370	0.5686361278115177	0.5960875270851772
1656355400470	0.4823603015228736	0.5960875270851772
1656355400585	0.34902493362224185	0.5960875270851772
1656355400699	0.325495162816248	0.5960875270851772
1656355400800	0.325495162816248	0.5960875270851772
1656355400915	0.32941679128391366	0.5960875270851772
1656355401034	0.32941679128391366	0.5960875270851772
1656355401142	0.32941679128391366	0.5960875270851772
1656355401245	0.32941679128391366	0.5960875270851772
1656355401346	0.32941679128391366	0.5960875270851772
1656355401451	0.32941679128391366	0.5960875270851772
1656355401565	0.32941679128391366	0.5960875270851772
1656355401666	0.32941679128391366	0.5960875270851772
1656355401782	0.32941679128391366	0.5960875270851772
1656355401898	0.325495162816248	0.5960875270851772
1656355402015	0.325495162816248	0.6000091555528428
1656355402129	0.325495162816248	0.6000091555528428
1656355402231	0.325495162816248	0.5960875270851772
1656355402345	0.325495162816248	0.5960875270851772
1656355402464	0.325495162816248	0.5960875270851772
1656355402574	0.325495162816248	0.5960875270851772
1656355402689	0.325495162816248	0.5960875270851772
1656355402791	0.325495162816248	0.5960875270851772
1656355402906	0.325495162816248	0.5960875270851772
1656355403022	0.325495162816248	0.5960875270851772
1656355403135	0.325495162816248	0.5960875270851772
1656355403253	0.325495162816248	0.5960875270851772
1656355403369	0.325495162816248	0.6000091555528428
1656355403486	0.32941679128391366	0.5960875270851772
1656355403599	0.32941679128391366	0.5960875270851772
1656355403699	0.32941679128391366	0.5960875270851772
1656355403814	0.32941679128391366	0.5960875270851772
1656355403928	0.325495162816248	0.5960875270851772
1656355404042	0.32941679128391366	0.5960875270851772
1656355404143	0.325495162816248	0.5960875270851772
1656355404243	0.325495162816248	0.5960875270851772
1656355404346	0.325495162816248	0.5960875270851772
1656355404447	0.325495162816248	0.5960875270851772
1656355404547	0.325495162816248	0.5960875270851772
1656355404647	0.325495162816248	0.5960875270851772
1656355404747	0.325495162816248	0.5960875270851772
1656355404865	0.325495162816248	0.5960875270851772
1656355404975	0.3764763328959014	0.5960875270851772
1656355405088	0.4196142460402234	0.5960875270851772
1656355405188	0.4470656453138829	0.5960875270851772
1656355405289	0.4823603015228736	0.5960875270851772
1656355405402	0.4509872737815485	0.5960875270851772
1656355405504	0.34902493362224185	0.5960875270851772
1656355405618	0.2549058503982665	0.5921658986175116
1656355405733	0.23921933652760397	0.5960875270851772
1656355405833	0.23921933652760397	0.5921658986175116
1656355405934	0.23921933652760397	0.5960875270851772
1656355406034	0.23921933652760397	0.5960875270851772
1656355406149	0.23529770805993833	0.5960875270851772
1656355406267	0.3137302774132511	0.5960875270851772
1656355406381	0.48628192999053926	0.5921658986175116
1656355406482	0.5098117007965332	0.5882442701498459
1656355406598	0.5254982146671957	0.5804010132145146
1656355406711	0.5294198431348613	0.5804010132145146
1656355406824	0.5372631000701926	0.5804010132145146
1656355406926	0.5451063570055239	0.5804010132145146
1656355407039	0.5451063570055239	0.5804010132145146
1656355407152	0.5490279854731895	0.576479384746849
1656355407268	0.5529496139408552	0.576479384746849
1656355407369	0.5607928708761865	0.5725577562791834
1656355407471	0.5647144993438521	0.5725577562791834
1656355407585	0.5725577562791834	0.5686361278115177
1656355407688	0.5960875270851772	0.5686361278115177
1656355407802	0.6039307840205085	0.5647144993438521
1656355407902	0.6117740409558398	0.5647144993438521
1656355408016	0.619617297891171	0.5607928708761865
1656355408131	0.6431470686971649	0.5568712424085208
1656355408231	0.67452009643849	0.5568712424085208
1656355408332	0.6902066103091525	0.5451063570055239
1656355408443	0.7215796380504776	0.5451063570055239
1656355408561	0.7255012665181433	0.5411847285378583
1656355408662	0.7255012665181433	0.5411847285378583
1656355408776	0.7255012665181433	0.5411847285378583
1656355408877	0.7255012665181433	0.5451063570055239
1656355408977	0.7255012665181433	0.5607928708761865
1656355409092	0.7255012665181433	0.5686361278115177
1656355409206	0.7255012665181433	0.5686361278115177
1656355409322	0.7255012665181433	0.5686361278115177
1656355409422	0.7255012665181433	0.5686361278115177
1656355409525	0.7255012665181433	0.5725577562791834
1656355409638	0.7255012665181433	0.576479384746849
1656355409740	0.7255012665181433	0.5843226416821803
1656355409840	0.7255012665181433	0.5843226416821803
1656355409949	0.7294228949858089	0.5843226416821803
1656355410064	0.7294228949858089	0.5843226416821803
1656355410165	0.7490310373241371	0.5843226416821803
1656355410279	0.7490310373241371	0.5882442701498459
1656355410380	0.7490310373241371	0.5843226416821803
1656355410491	0.7490310373241371	0.5843226416821803
1656355410609	0.7490310373241371	0.5843226416821803
1656355410719	0.7490310373241371	0.5843226416821803
1656355410820	0.7490310373241371	0.5843226416821803
1656355410933	0.760795922727134	0.5843226416821803
1656355411033	0.7804040650654622	0.5843226416821803
1656355411134	0.7804040650654622	0.5843226416821803
1656355411248	0.7804040650654622	0.5843226416821803
1656355411348	0.7804040650654622	0.5843226416821803
1656355411461	0.7804040650654622	0.6000091555528428
1656355411577	0.7804040650654622	0.631382183294168
1656355411678	0.7804040650654622	0.6431470686971649
1656355411778	0.7804040650654622	0.6588335825678274
1656355411893	0.7804040650654622	0.6588335825678274
1656355412008	0.7804040650654622	0.6627552110354931
1656355412110	0.7804040650654622	0.6627552110354931
1656355412223	0.7804040650654622	0.6705984679708243
1656355412325	0.7804040650654622	0.67452009643849
1656355412425	0.7804040650654622	0.67452009643849
1656355412540	0.7804040650654622	0.6784417249061556
1656355412655	0.7804040650654622	0.6784417249061556
1656355412770	0.7804040650654622	0.6862849818414869
1656355412887	0.7804040650654622	0.6902066103091525
1656355412988	0.7804040650654622	0.6902066103091525
1656355413102	0.7804040650654622	0.6941282387768182
1656355413202	0.7804040650654622	0.6902066103091525
1656355413317	0.7843256935331279	0.6902066103091525
1656355413436	0.7843256935331279	0.6902066103091525
1656355413551	0.7882473220007935	0.6902066103091525
1656355413651	0.7882473220007935	0.6902066103091525
1656355413752	0.7882473220007935	0.6902066103091525
1656355413866	0.7882473220007935	0.6902066103091525
1656355413985	0.7921689504684591	0.6902066103091525
1656355414099	0.7921689504684591	0.6902066103091525
1656355414213	0.7882473220007935	0.7215796380504776
1656355414314	0.7921689504684591	0.7215796380504776
1656355414432	0.7921689504684591	0.7215796380504776
1656355414548	0.7921689504684591	0.7215796380504776
1656355414662	0.7921689504684591	0.7215796380504776
1656355414775	0.7921689504684591	0.7215796380504776
1656355414877	0.7921689504684591	0.7215796380504776
1656355414991	0.7921689504684591	0.7215796380504776
1656355415105	0.7921689504684591	0.7215796380504776
1656355415222	0.7921689504684591	0.7215796380504776
1656355415336	0.7921689504684591	0.7215796380504776
1656355415451	0.7921689504684591	0.7215796380504776
1656355415552	0.7921689504684591	0.7215796380504776
1656355415653	0.7921689504684591	0.7215796380504776
1656355415765	0.7921689504684591	0.7215796380504776
1656355415866	0.7921689504684591	0.7215796380504776
1656355415966	0.7921689504684591	0.7215796380504776
1656355416083	0.8039338358714561	0.7215796380504776
1656355416197	0.8039338358714561	0.7215796380504776
1656355416298	0.8078554643391217	0.7215796380504776
1656355416399	0.8078554643391217	0.7215796380504776
1656355416499	0.8078554643391217	0.7215796380504776
1656355416601	0.815698721274453	0.7215796380504776
1656355416714	0.8196203497421186	0.7215796380504776
1656355416816	0.8235419782097843	0.7215796380504776
1656355416916	0.8235419782097843	0.7215796380504776
1656355417022	0.8235419782097843	0.7215796380504776
1656355417135	0.8274636066774499	0.7215796380504776
1656355417247	0.8235419782097843	0.7215796380504776
1656355417349	0.4823603015228736	0.7215796380504776
1656355417465	0.02745139927365947	0.7215796380504776
1656355417577	0.02745139927365947	0.7215796380504776
1656355417677	0.02745139927365947	0.7215796380504776
1656355417794	0.02745139927365947	0.7255012665181433
1656355417894	0.02745139927365947	0.7255012665181433
1656355417995	0.02745139927365947	0.7215796380504776
1656355418100	0.02745139927365947	0.7215796380504776
1656355418211	0.023529770805993833	0.6353038117618336
1656355418326	0.023529770805993833	0.6117740409558398
1656355418427	0.019608142338328194	0.6627552110354931
1656355418543	0.019608142338328194	0.7451094088564715
1656355418643	0.015686513870662555	0.7647175511947997
1656355418756	0.003921628467665639	0.7882473220007935
1656355418869	0.0	0.8353068636127812
1656355418970	0.0	0.8392284920804468
1656355419085	0.0	0.8549150059511094
1656355419201	0.0	0.8823664052247688
1656355419303	0.0	0.901974547563097
1656355419417	0.0	0.9058961760307627
1656355419531	0.0	0.9058961760307627
1656355419646	0.0	0.9058961760307627
1656355419759	0.0	0.9058961760307627
1656355419859	0.0	0.9098178044984283
1656355419959	0.0	0.913739432966094
1656355420073	0.0	0.9176610614337596
1656355420174	0.0	0.9176610614337596
1656355420290	0.0	0.9176610614337596
1656355420403	0.0	0.9215826899014252
1656355420517	0.0	0.9215826899014252
1656355420634	0.0	0.9215826899014252
1656355420751	0.0	0.9215826899014252
1656355420867	0.0	0.9215826899014252
1656355420982	0.0	0.9215826899014252
1656355421097	0.0	0.9215826899014252
1656355421211	0.4902035584582049	0.9215826899014252
1656355421325	0.4902035584582049	0.9215826899014252
1656355421442	0.4823603015228736	0.9215826899014252
1656355421542	0.5607928708761865	0.9215826899014252
1656355421644	0.7294228949858089	0.9176610614337596
1656355421757	0.7294228949858089	0.9176610614337596
1656355421872	0.7215796380504776	0.9215826899014252
1656355421986	0.6705984679708243	0.9176610614337596
1656355422086	0.6705984679708243	0.9215826899014252
1656355422186	0.6705984679708243	0.9215826899014252
1656355422302	0.6705984679708243	0.9176610614337596
1656355422402	0.6705984679708243	0.9215826899014252
1656355422503	0.6431470686971649	0.9215826899014252
1656355422617	0.5960875270851772	0.9215826899014252
1656355422735	0.5960875270851772	0.9176610614337596
1656355422848	0.6039307840205085	0.9176610614337596
1656355422964	0.6392254402294992	0.913739432966094
1656355423067	0.6509903256324961	0.913739432966094
1656355423182	0.6549119541001618	0.913739432966094
1656355423284	0.6588335825678274	0.913739432966094
1656355423385	0.6588335825678274	0.913739432966094
1656355423499	0.6588335825678274	0.913739432966094
1656355423601	0.6549119541001618	0.913739432966094
1656355423715	0.6549119541001618	0.913739432966094
1656355423832	0.6588335825678274	0.913739432966094
1656355423947	0.6588335825678274	0.913739432966094
1656355424047	0.6588335825678274	0.913739432966094
1656355424162	0.6549119541001618	0.913739432966094
1656355424264	0.6549119541001618	0.913739432966094
1656355424365	0.6549119541001618	0.913739432966094
1656355424478	0.6549119541001618	0.913739432966094
1656355424595	0.6588335825678274	0.9098178044984283
1656355424708	0.6784417249061556	0.9098178044984283
1656355424808	0.6980498672444838	0.9098178044984283
1656355424910	0.6980498672444838	0.9098178044984283
1656355425021	0.7019714957121495	0.9098178044984283
1656355425124	0.7019714957121495	0.9058961760307627
1656355425236	0.6980498672444838	0.9058961760307627
1656355425354	0.6980498672444838	0.9098178044984283
1656355425468	0.6705984679708243	0.9058961760307627
1656355425568	0.619617297891171	0.9058961760307627
1656355425681	0.6039307840205085	0.9058961760307627
1656355425785	0.67452009643849	0.9058961760307627
1656355425896	0.6980498672444838	0.901974547563097
1656355425996	0.7019714957121495	0.8980529190954314
1656355426096	0.7137363811151464	0.8980529190954314
1656355426207	0.7215796380504776	0.8941312906277658
1656355426312	0.7490310373241371	0.8941312906277658
1656355426424	0.7568742942594684	0.8941312906277658
1656355426524	0.760795922727134	0.8941312906277658
1656355426624	0.7686391796624653	0.8941312906277658
1656355426737	0.7686391796624653	0.8941312906277658
1656355426840	0.772560808130131	0.8902096621601001
1656355426950	0.7960905789361248	0.8902096621601001
1656355427055	0.8196203497421186	0.8941312906277658
1656355427167	0.8431501205481124	0.8902096621601001
1656355427268	0.8392284920804468	0.8941312906277658
1656355427380	0.8470717490157781	0.8902096621601001
1656355427485	0.8549150059511094	0.8902096621601001
1656355427598	0.858836634418775	0.8902096621601001
1656355427714	0.858836634418775	0.8902096621601001
1656355427832	0.858836634418775	0.8902096621601001
1656355427947	0.858836634418775	0.8902096621601001
1656355428064	0.8627582628864406	0.8902096621601001
1656355428178	0.8627582628864406	0.8902096621601001
1656355428294	0.8627582628864406	0.8902096621601001
1656355428395	0.8627582628864406	0.8902096621601001
1656355428511	0.8627582628864406	0.8902096621601001
1656355428624	0.8627582628864406	0.8902096621601001
1656355428737	0.8627582628864406	0.8902096621601001
1656355428854	0.8627582628864406	0.8902096621601001
1656355428968	0.8627582628864406	0.8902096621601001
1656355429070	0.8627582628864406	0.8862880336924345
1656355429170	0.8627582628864406	0.8862880336924345
1656355429273	0.8627582628864406	0.8862880336924345
1656355429375	0.8627582628864406	0.8862880336924345
1656355429485	0.8666798913541063	0.8862880336924345
1656355429590	0.8745231482894376	0.8862880336924345
1656355429701	0.8784447767571032	0.8862880336924345
1656355429803	0.8784447767571032	0.8823664052247688
1656355429921	0.8784447767571032	0.8823664052247688
1656355430032	0.8784447767571032	0.8823664052247688
1656355430137	0.8784447767571032	0.8823664052247688
1656355430253	0.901974547563097	0.8823664052247688
1656355430367	0.901974547563097	0.8784447767571032
1656355430473	0.901974547563097	0.8784447767571032
1656355430586	0.901974547563097	0.8784447767571032
1656355430702	0.8980529190954314	0.8784447767571032
1656355430818	0.8980529190954314	0.8784447767571032
1656355430933	0.8980529190954314	0.8784447767571032
1656355431035	0.8980529190954314	0.8784447767571032
1656355431151	0.8980529190954314	0.8784447767571032
1656355431253	0.8980529190954314	0.8784447767571032
1656355431365	0.901974547563097	0.8823664052247688
1656355431465	0.901974547563097	0.8784447767571032
1656355431581	0.901974547563097	0.8784447767571032
1656355431693	0.901974547563097	0.8784447767571032
1656355431807	0.945112460707419	0.8784447767571032
1656355431922	0.9490340891750847	0.8784447767571032
1656355432036	0.9529557176427503	0.8745231482894376
1656355432152	0.956877346110416	0.8745231482894376
1656355432255	0.956877346110416	0.8745231482894376
1656355432367	0.956877346110416	0.8745231482894376
1656355432472	0.956877346110416	0.8745231482894376
1656355432574	0.956877346110416	0.8745231482894376
1656355432687	0.956877346110416	0.8745231482894376
1656355432798	0.956877346110416	0.8745231482894376
1656355432898	0.956877346110416	0.8745231482894376
1656355432998	0.9490340891750847	0.8745231482894376
1656355433114	0.9411908322397534	0.8745231482894376
1656355433231	0.9411908322397534	0.8745231482894376
1656355433348	0.901974547563097	0.8745231482894376
1656355433448	0.7960905789361248	0.8745231482894376
1656355433563	0.772560808130131	0.8784447767571032
1656355433679	0.7215796380504776	0.8784447767571032
1656355433794	0.6862849818414869	0.8784447767571032
1656355433908	0.6705984679708243	0.8784447767571032
1656355434009	0.6509903256324961	0.8784447767571032
1656355434122	0.6392254402294992	0.8784447767571032
1656355434224	0.631382183294168	0.8784447767571032
1656355434325	0.631382183294168	0.8823664052247688
1656355434438	0.6588335825678274	0.8784447767571032
1656355434540	0.6862849818414869	0.8784447767571032
1656355434651	0.717658009582812	0.8784447767571032
1656355434754	0.7568742942594684	0.8784447767571032
1656355434868	0.7921689504684591	0.8784447767571032
1656355434970	0.7960905789361248	0.8784447767571032
1656355435072	0.7960905789361248	0.8784447767571032
1656355435183	0.7960905789361248	0.8784447767571032
1656355435284	0.7960905789361248	0.8784447767571032
1656355435403	0.7921689504684591	0.8784447767571032
1656355435514	0.7960905789361248	0.8784447767571032
1656355435614	0.7960905789361248	0.8784447767571032
1656355435731	0.7960905789361248	0.8784447767571032
1656355435844	0.7960905789361248	0.8784447767571032
1656355435955	0.7960905789361248	0.8784447767571032
1656355436056	0.7960905789361248	0.8784447767571032
1656355436166	0.7960905789361248	0.8784447767571032
1656355436270	0.8000122074037904	0.8784447767571032
1656355436384	0.8000122074037904	0.8784447767571032
1656355436500	0.8000122074037904	0.8784447767571032
1656355436602	0.8000122074037904	0.8784447767571032
1656355436718	0.8000122074037904	0.8784447767571032
1656355436829	0.8000122074037904	0.8784447767571032
1656355436932	0.8000122074037904	0.8784447767571032
1656355437047	0.8000122074037904	0.8784447767571032
1656355437151	0.8000122074037904	0.8784447767571032
1656355437267	0.8000122074037904	0.8784447767571032
1656355437380	0.8000122074037904	0.8784447767571032
1656355437482	0.4823603015228736	0.8078554643391217
1656355437598	0.5058900723288675	0.5098117007965332
1656355437710	0.5058900723288675	0.5098117007965332
1656355437825	0.5058900723288675	0.5098117007965332
1656355437929	0.5058900723288675	0.5098117007965332
1656355438044	0.5058900723288675	0.5098117007965332
1656355438157	0.5058900723288675	0.5098117007965332
1656355438258	0.5058900723288675	0.5098117007965332
