#Balls,#Bullets,Score,AvgBtnFreq,AvgBallDist,RatioBalls,AvgBallDir,Intensity Match,Winning Match
1,0,0,0,0,1,0,0,0.5
1,0,0,0,0,1,0,0,0.5
1,0,0,0,0,1,0,0,0.5
1,0,0,0,0,1,0,0,0.5
1,0,0,0,0,1,0,0,0.5
1,0,0,0,0,1,0,0,0.5
1,0,0,0,0,1,0,0,0.5
1,1,0,1,0,1,0,0,0.5
1,2,0,1,0,1,0,0,0.5
1,2,0,1,0,1,0,0,0.5
1,2,0,1,0,1,0,0,0.451185644
1,0,0,1,-3,0,1.36532,0,0.402569658
1,0,0,0,-7,0,1.36232,0,0.376781518
1,0,0,0,-15,0,1.35632,0,0.376781518
1,0,0,1,-23,0,1.35032,0,0.366344188
1,1,0,2,-33,0,1.34332,0,0.366573077
1,1,0,2,-41,0,1.33732,0,0.469878231
1,0,0,2,-49,0,-0.23382,0,0.48156682
1,0,0,2,-48,0,-0.22982,0,0.483092746
1,0,0,1,-47,0,-0.22582,0,0.483092746
1,1,0,0,-45,0,-0.21882,0,0.475081637
1,1,0,1,-44,0,-0.21182,0,0.472655416
1,2,0,2,-42,0,-0.20482,0,0.468810083
1,2,0,2,-41,0,-0.19782,0,0.468810083
1,2,0,2,-39,0,-0.19082,0,0.468016602
1,2,0,2,-38,0,-0.18382,0,0.468016602
1,2,0,2,-37,0,-0.17682,0,0.468016602
1,3,0,2,-36,0,-0.16982,0,0.467329936
1,3,0,2,-34,0,-0.16282,0,0.467329936
1,2,0,2,-31,0,-1.29397,0,0.469924009
1,2,0,2,-25,0,-1.28897,0,0.49630726
1,2,0,1,-17,0,-1.28297,0,0.49630726
1,1,0,0,-9,0,-1.27697,0,0.526367992
1,1,0,1,-2,0,-1.27097,0,0.554536576
1,2,0,2,7,1,-1.26397,0,0.577486496
1,1,0,2,16,1,-1.25697,0,0.613162633
1,1,0,2,23,1,-1.25097,0,0.627262185
1,1,0,2,32,1,-1.24397,0,0.628330332
1,1,0,1,40,1,-1.23797,0,0.623966185
1,1,0,0,48,1,-1.23097,0,0.622425001
1,0,0,0,53,1,-0.58344,0.002487259,0.620883816
1,1,0,0,55,1,-0.57944,0.002487259,0.620883816
1,1,0,0,58,1,-0.57344,0.003982665,0.618030335
1,1,0,0,62,1,-0.56644,0.026673177,0.6134373
1,1,0,1,66,1,-0.56044,0.030213324,0.610232856
1,2,0,2,70,1,-0.55344,0.028336436,0.609576708
1,2,0,2,73,1,-0.54644,0.017136143,0.609576708
1,2,0,2,77,1,-0.53944,0.005050813,0.611758782
1,2,0,2,80,1,-0.53344,0.003540147,0.611758782
1,2,0,1,84,1,-0.52644,0.00941496,0.611758782
1,2,0,0,88,1,-0.51944,0.010071108,0.611758782
1,2,0,0,91,1,-0.51244,0.010895108,0.611758782
1,2,0,0,95,1,-0.50644,0.010895108,0.611758782
1,2,0,1,98,1,-0.49944,0.010895108,0.613254189
1,2,0,2,101,1,-0.49344,0.012527848,0.619632557
1,2,0,2,104,1,-0.48644,0.012527848,0.619632557
1,2,0,2,107,1,-0.48044,0.016495254,0.624942778
1,2,0,2,110,1,-0.47444,0.016495254,0.64331492
1,1,0,1,113,1,-0.46844,0.018265328,0.6498764
1,1,0,0,116,1,-0.46144,0.052018799,0.652989288
1,1,0,0,120,1,-0.45444,0.061189611,0.657734916
1,2,0,1,123,1,-0.44744,0.061189611,0.659855953
1,2,0,1,126,1,-0.44044,0.061189611,0.659855953
1,2,0,1,128,1,-0.43444,0.061189611,0.659855953
1,2,0,1,131,1,-0.42844,0.058626057,0.670888394
1,2,0,2,134,1,-0.42144,0.056794946,0.686452834
1,3,0,2,137,1,-0.41544,0.053453169,0.687520981
1,2,0,2,139,1,-0.40844,0.050309763,0.689870907
1,2,0,2,142,1,-0.40244,0.048707541,0.705908383
1,2,0,2,144,1,-0.39644,0.047135838,0.716345714
1,2,0,1,147,1,-0.38944,0.045487838,0.766060366
1,2,0,0,149,1,-0.38344,0.045487838,0.774483474
1,2,0,0,152,1,-0.37644,0.045487838,0.774483474
1,2,0,0,152,1,1.88174,0.045487838,0.774483474
2,1,0,0,72,1,0.93887,0.043900876,0.774483474
2,0,0,0,66,1,-0.17676,0.042100284,0.774483474
2,0,0,0,67,1,-0.17476,0.039078951,0.774483474
2,0,0,0,68,1,-0.17226,0.039078951,0.774483474
2,0,0,0,69,1,-0.16876,0.03747673,0.774483474
2,0,0,0,70,1,-0.16526,0.035813471,0.774483474
2,0,0,1,71,1,-0.16226,0.034684286,0.775566881
2,1,0,2,72,1,-0.15876,0.034684286,0.775948363
2,1,0,2,73,1,-0.15576,0.034104434,0.780541398
2,2,0,2,74,1,-0.15276,0.034104434,0.777153844
2,2,0,2,75,1,-0.14926,0.036683248,0.691930906
2,2,0,1,76,1,-0.14626,0.061662648,0.658665731
2,2,0,0,75,1,0.94457,0.160222175,0.677220985
2,2,0,0,71,1,0.94257,0.207602161,0.698324534
2,2,0,0,66,1,0.93957,0.266899625,0.71027253
2,2,0,0,59,1,0.93607,0.266899625,0.71027253
2,2,0,1,52,1,0.93257,0.274422437,0.711752678
2,3,0,2,47,1,0.92957,0.275490585,0.711752678
2,3,0,2,40,1,0.92607,0.275490585,0.711752678
2,3,0,2,34,1,0.92257,0.275490585,0.674825282
2,3,0,2,28,1,0.91957,0.275490585,0.552674947
2,3,0,1,22,1,0.91607,0.275490585,0.501815851
2,2,0,0,16,1,0.91307,0.275490585,0.456083865
2,2,0,1,10,1,0.90957,0.275490585,0.456083865
2,3,0,2,5,1,0.90657,0.275490585,0.306833094
2,3,0,2,-2,0.5,0.90307,0.275490585,0.306833094
2,3,0,2,-8,0.5,0.89957,0.277703177,0.302255318
2,3,0,2,-14,0.5,0.89607,0.277703177,0.302255318
2,3,0,2,-20,0.5,0.89307,0.277703177,0.305520798
2,4,0,2,-26,0.5,0.88957,0.277703177,0.382122257
2,4,0,2,-31,0.5,0.88657,0.277703177,0.471419416
2,3,0,2,-35,0.5,-0.81391,0.274071474,0.537018952
2,3,0,2,-32,0.5,-0.81191,0.27190466,0.590151677
2,2,0,1,-27,0.5,-0.80891,0.270821253,0.59643849
2,1,0,1,-25,0,-0.11545,0.270821253,0.525345622
2,2,0,2,-24,0,-0.11545,0.27375103,0.444578387
2,2,0,2,-24,0,-0.11545,0.275460067,0.386455885
2,2,0,2,-23,0,-0.11545,0.277047029,0.336329234
2,1,0,3,-22,0,-0.11545,0.278328806,0.307626576
2,1,0,2,-21,0.5,-0.11545,0.278328806,0.307626576
2,1,0,1,-21,0.5,-0.11545,0.278328806,0.311975463
2,2,0,2,-20,0.5,-0.11545,0.278572954,0.459440901
2,1,0,2,-19,0.5,-1.02694,0.278572954,0.559343242
2,1,0,1,-14,0.5,-1.02194,0.27681814,0.618259224
2,1,0,2,-8,0.5,-1.01594,0.269127476,0.629139073
2,1,0,2,-2,0.5,-1.00994,0.261238441,0.63350322
2,2,0,2,4,0.5,-1.00394,0.266441847,0.64128544
2,3,0,2,11,0.5,-0.99694,0.319238868,0.677434614
2,3,0,2,17,0.5,-0.99094,0.330454421,0.677434614
2,2,0,1,23,0.5,-0.98494,0.337260048,0.677434614
2,2,0,2,29,0.5,-0.97894,0.339976196,0.677434614
2,2,0,1,36,0.5,-0.97194,0.339976196,0.677434614
2,3,0,2,42,0.5,-0.96594,0.339976196,0.677434614
2,3,0,2,49,0.5,-0.95894,0.339976196,0.677434614
2,3,0,2,54,0.5,-0.95294,0.340464492,0.677434614
2,2,0,1,61,0.5,-1.23503,0.340464492,0.667241432
2,2,0,1,68,0.5,-1.22903,0.340464492,0.667241432
2,2,0,0,77,0.5,-1.22203,0.340464492,0.609805597
1,1,1,2,0,1,0,0.505188147,0.511520737
1,1,1,0,0,1,0,0.505188147,0.511520737
1,1,1,0,0,1,0,0.481048006,0.504669332
1,0,1,0,-1,0,1.47181,0.481048006,0.504669332
1,0,1,0,-9,0,1.46681,0.474333934,0.503799554
1,0,1,0,-18,0,1.46081,0.339045381,0.506927702
1,1,1,2,-26,0,1.45481,0.231727042,0.516190069
1,1,1,2,-37,0,1.44781,0.198751793,0.519440291
1,1,1,3,-45,0,1.44181,0.095278787,0.520813623
1,1,1,3,-55,0,1.43481,0,0.520813623
1,1,1,3,-65,0,1.42781,0,0.520813623
1,2,1,2,-74,0,1.42181,0,0.520813623
1,2,1,2,-84,0,1.41481,0,0.520813623
1,2,1,2,-94,0,1.40781,0,0.524506363
1,2,1,2,-102,0,1.40181,0,0.524506363
1,3,1,3,-112,0,1.39481,0,0.534516434
1,2,1,2,-108,0,-1.83067,0,0.558381909
1,2,1,2,-99,0,-1.82567,0,0.581011383
1,2,1,1,-86,0,-1.81867,0,0.600665304
1,2,1,2,-73,0,-1.81167,0,0.618259224
1,2,1,1,-62,0,-1.80567,0,0.631107517
1,3,1,3,-50,0,-1.79867,0,0.642323069
1,3,1,3,-39,0,-1.79267,0,0.659672842
1,2,1,3,-31,0,0.88532,0,0.659672842
1,1,1,2,-35,0,0.88032,0,0.65172277
1,1,1,2,-41,0,0.87332,0,0.649861141
1,1,1,1,-47,0,0.86732,0,0.591036714
1,3,1,2,-53,0,0.86032,0,0.491851558
1,3,1,2,-59,0,0.85332,0,0.453627125
1,2,1,3,-57,0,-0.945,0,0.427137059
1,2,1,3,-52,0,-0.94,0,0.414899136
1,2,1,2,-46,0,-0.934,0,0.407010102
1,3,1,2,-40,0,-0.927,0,0.407010102
1,3,1,2,-32,0,-0.92,0,0.379634999
1,3,1,1,-27,0,-0.914,0,0.358439894
1,2,1,1,-20,0,-1.38612,0,0.449568163
1,2,1,1,-13,0,-1.38112,0,0.536713767
1,2,1,0,-4,0,-1.37512,0,0.586840419
1,2,1,1,5,1,-1.36812,0,0.586840419
1,3,1,2,13,1,-1.36212,0,0.627948851
1,2,1,2,23,1,-1.35512,0,0.649632252
1,2,1,2,31,1,-1.34912,0,0.673512986
1,2,1,2,40,1,-1.34212,0,0.691106906
1,1,1,1,50,1,-1.3157,0,0.694967498
1,1,1,0,55,1,-1.3117,0,0.709036531
1,1,1,0,63,1,-1.3057,0,0.754356517
1,1,1,0,71,1,-1.2997,0,0.777123325
1,1,1,0,80,1,-1.2927,0,0.846919156
1,0,1,0,88,1,-1.2867,0,0.953993347
1,1,1,0,95,1,-1.2807,0,0.953993347
1,2,1,1,103,1,-1.2747,0,1.000015259
1,2,1,2,112,1,-1.2677,0,1.000015259
1,2,1,2,119,1,-1.2617,0,1.000015259
1,3,1,3,127,1,-1.2557,0,1.000015259
1,3,1,3,136,1,-1.2487,0,1.000015259
1,3,1,3,143,1,-1.2427,0,0.53215125
1,3,1,2,151,1,-1.2367,0,0.514038514
1,4,1,3,159,1,-1.2297,0,0.510742515
1,4,1,2,167,1,-1.2237,0,0.492385632
1,4,1,2,174,1,-1.2177,0,0.492385632
1,4,1,1,183,1,-1.2107,0,0.492385632
1,0,2,1,0,1,0,0,0.492385632
1,0,2,1,0,1,0,0,0.483321635
1,0,2,2,0,1,0,0,0.483321635
1,1,2,2,0,1,0,0,0.48361156
1,1,2,1,0,1,0,0,0.523682363
1,2,2,2,0,1,0,0,0.566774499
1,2,2,2,0,1,0,0,0.5863979
1,2,2,1,0,1,0,0,0.591906491
1,1,2,1,1,1,-0.76019,0,0.621372112
1,1,2,1,3,1,-0.75719,0,0.621372112
1,1,2,1,8,1,-0.75119,0,0.622867519
1,2,2,2,13,1,-0.74419,0,0.622867519
1,2,2,2,17,1,-0.73819,0,0.622867519
1,2,2,2,22,1,-0.73119,0,0.622867519
1,2,2,2,27,1,-0.72419,0,0.622867519
1,1,2,1,32,1,-0.71819,0,0.622867519
1,1,2,0,37,1,-0.71119,0,0.622867519
1,1,2,0,42,1,-0.70419,0,0.623844111
1,1,2,1,46,1,-0.69819,0,0.624408704
1,3,2,2,51,1,-0.69119,0,0.624408704
1,3,2,2,55,1,-0.68519,0,0.625339518
1,3,2,3,59,1,-0.67919,0,0.625873592
1,3,2,3,65,1,-0.67219,0,0.639286477
1,2,2,2,69,1,-0.66619,0,0.710409864
1,2,2,1,73,1,-0.66019,0,0.710409864
1,1,2,1,77,1,-1.20808,0,0.775612659
1,1,2,0,82,1,-1.20408,0,0.823618274
1,1,2,0,90,1,-1.19708,0,0.853572192
1,1,2,1,98,1,-1.19008,0,0.85810419
1,1,2,1,106,1,-1.18408,0,0.85810419
1,1,2,2,114,1,-1.17708,0,0.59254738
1,1,2,2,121,1,-1.17108,0,0.59254738
1,0,2,2,128,1,-1.16508,0,0.486983856
1,1,2,1,136,1,-1.15808,0,0.445692312
1,0,2,1,130,1,2.10727,0,0.42484817
1,0,2,0,117,1,2.10127,0,0.38962981
1,0,2,0,103,1,2.09427,0,0.377498703
1,0,2,1,88,1,2.08727,0,0.371532334
1,1,2,2,73,1,2.08027,0,0.345973083
1,1,2,2,59,1,2.07327,0,0.341288491
1,1,2,2,44,1,2.06627,0,0.341288491
1,1,2,2,30,1,2.05927,0,0.396069216
1,1,2,2,15,1,2.05227,0,0.521652882
1,2,2,2,3,1,2.04627,0,0.586886196
1,2,2,2,-11,0,2.03927,0,0.637577441
1,3,2,2,-23,0,2.03327,0,0.646305734
1,2,2,2,-23,0,-1.59534,0,0.646732994
1,2,2,1,-16,0,-1.59134,0,0.657811213
1,2,2,1,-5,0,-1.58434,0,0.657811213
1,2,2,1,7,1,-1.57734,0,0.666920988
1,1,2,2,19,1,-1.57034,0,0.667439802
1,1,2,2,29,1,-1.56334,0,0.667439802
1,2,2,3,39,1,-1.55734,0,0.668950468
1,2,2,2,50,1,-1.55034,0,0.670415357
1,2,2,2,61,1,-1.54334,0,0.674504837
1,3,2,1,71,1,-1.53634,0,0.675023652
1,3,2,1,82,1,-1.52934,0,1.000015259
1,2,2,0,91,1,-1.52334,0,1.000015259
1,2,2,0,102,1,-1.51634,0.014175848,0.908749657
1,2,2,1,111,1,-1.51034,0.485915708,0.495941038
1,2,2,1,122,1,-1.50334,0.494918668,0.502410962
1,3,2,2,132,1,-1.49634,0.494918668,0.502410962
1,3,2,2,142,1,-1.48934,0.319284646,0.496627705
1,2,2,2,151,1,-1.48334,0,0.496627705
1,2,2,1,162,1,-1.47634,0,0.496627705
2,2,2,1,86,1,-0.73467,0,0.495117038
2,2,2,0,90,1,-0.73167,0,0.505829035
1,0,3,0,0,1,0,0,0.522370067
1,1,3,0,0,1,0,0,0.524506363
1,1,3,0,0,1,0,0,0.532654805
1,1,3,1,0,1,0,0,0.532654805
1,2,3,2,0,1,0,0,0.574785607
1,2,3,2,0,1,0,0,0.640430921
1,3,3,2,0,1,0,0,0.649143956
1,3,3,2,0,1,0,0,0.649479659
1,4,3,3,0,1,0,0,0.649479659
1,4,3,2,0,1,0,0,0.649479659
1,3,3,2,0,0,0.0438,0,0.649479659
1,4,3,2,0,0,0.0378,0,0.649479659
1,3,3,2,-1,0,0.0308,0,0.649479659
1,3,3,0,-1,0,0.0248,0,0.658635212
1,3,3,1,-1,0,0.0188,0,0.679067354
1,4,3,2,-1,0,0.0128,0,0.690481277
1,4,3,2,-1,0,0.0068,0,0.696661275
1,4,3,2,-1,0,0,0,0.734824671
1,3,3,2,0,1,-1.28992,0,0.734824671
1,3,3,1,5,1,-1.28592,0,0.750923185
1,3,3,0,13,1,-1.27992,0,0.772194586
1,2,3,0,22,1,-1.27292,0,0.779656362
1,2,3,1,30,1,-1.26692,0,0.78112125
1,2,3,2,40,1,-1.25992,0,0.788750877
1,2,3,2,47,1,-1.25392,0,0.835306864
1,3,3,2,56,1,-1.24692,0,0.876110111
1,3,3,2,63,1,-1.24092,0,0.907803583
1,2,3,1,72,1,-1.23392,0,0.940763573
1,3,3,0,81,1,-1.22692,0,1.000015259
1,3,3,0,88,1,-1.22092,0,1.000015259
1,3,3,0,97,1,-1.21392,0,1.000015259
1,3,3,0,104,1,-1.20792,0,1.000015259
1,3,3,0,111,1,-1.20192,0,1.000015259
1,3,3,1,119,1,-1.19492,0,1.000015259
1,4,3,2,128,1,-1.18792,0,1.000015259
1,4,3,2,135,1,-1.18192,0,1.000015259
1,2,3,2,135,1,0.90991,0,1.000015259
1,2,3,2,131,1,0.90591,0,1.000015259
1,2,3,1,125,1,0.89891,0,1.000015259
1,2,3,1,119,1,0.89291,0,0.736106449
1,1,3,1,113,1,0.88591,0,0.626987518
1,1,3,1,108,1,0.87991,0,0.564271981
1,1,3,1,102,1,0.87291,0,0.564271981
1,1,3,2,95,1,0.86591,0,0.560258797
1,2,3,2,89,1,0.85991,0,0.538224433
1,2,3,2,83,1,0.85291,0,0.531922361
1,1,3,2,77,1,0.84591,0,0.529633473
1,2,3,2,72,1,0.83891,0,0.523834956
1,2,3,2,67,1,0.83291,0,0.519699698
1,2,3,1,61,1,0.82591,0,0.51208533
1,3,3,2,56,1,0.81991,0,0.51208533
1,3,3,2,50,1,0.81291,0,0.507904294
1,3,3,2,44,1,0.80591,0,0.510208441
1,3,3,1,39,1,0.79891,0,0.507721183
1,3,3,1,34,1,0.79291,0,0.507721183
1,3,3,2,28,1,0.78591,0,0.506256294
1,3,3,2,23,1,0.77891,0,0.506256294
1,4,3,2,18,1,0.77191,0,0.504638813
1,3,3,2,12,1,0.76491,0,0.501495407
1,3,3,2,7,1,0.75791,0,0.501495407
1,3,3,0,2,1,0.75091,0,0.501495407
1,2,3,0,-4,0,0.74491,0,0.505600146
1,3,3,1,-8,0,0.73891,0,0.507095553
1,3,3,1,-13,0,0.73291,0,0.508621479
2,3,3,1,-9,0.5,0.36295,0,0.508621479
2,2,3,1,-7,0.5,-0.85977,0,0.508621479
2,3,3,1,-4,0.5,-0.85777,0.014435255,0.508621479
2,2,3,1,2,1,-0.85427,0.014435255,0.508621479
2,2,3,1,8,1,-0.85077,0.070329905,0.509887997
2,0,3,1,12,0.5,-0.24151,0.109851375,0.509887997
2,1,3,2,13,0.5,-0.24151,0.139790033,0.497695853
2,1,3,2,14,0.5,-0.24151,0.142826624,0.496337779
2,1,3,1,16,0.5,-0.24151,0.134372997,0.534165471
2,1,3,1,17,0.5,-0.24151,0.129749443,0.661381878
2,1,3,1,19,0.5,-0.24151,0.125705741,0.762871181
2,1,3,2,21,0.5,-0.0724,0.118243965,0.843317972
2,1,3,2,21,0.5,-0.0724,0.11589404,0.886288034
2,0,3,2,21,0.5,-1.62925,0.11589404,0.886288034
2,0,3,2,28,0.5,-1.62525,0.11589404,0.886288034
2,0,3,2,38,0.5,-1.61925,0.11589404,0.877300333
2,0,3,0,47,0.5,-1.61325,0.11589404,0.863277078
2,2,3,1,59,0.5,-1.60625,0.11589404,0.846324046
2,1,3,1,62,0.5,-0.34384,0.120456557,0.827661977
2,1,3,1,63,1,-0.34384,0.124454482,0.799707022
2,2,3,1,66,1,-0.34384,0.124454482,0.780724509
2,1,3,1,66,1,0.11891,0.136555071,0.727759636
2,1,3,0,65,1,0.11891,0.136555071,0.727759636
2,1,3,1,64,1,0.11891,0.137684256,0.683782464
2,1,3,2,62,1,0.82042,0.137684256,0.638798181
2,1,3,2,59,1,0.81642,0.137684256,0.593859676
2,1,3,2,53,1,0.81042,0.137684256,0.580858791
2,1,3,2,47,1,0.80342,0.137684256,0.575914792
2,1,3,1,42,1,0.79642,0.137684256,0.568147832
2,1,3,0,36,1,0.78942,0.143696402,0.549058504
2,1,3,0,32,1,0.78342,0.194067202,0.531693472
2,2,3,0,26,1,0.77642,0.202826014,0.523453475
2,3,3,1,20,1,0.76942,0.202826014,0.495010224
2,2,3,1,15,1,1.21176,0.197073275,0.454039125
2,2,3,1,10,1,1.20776,0.195410016,0.398495437
2,2,3,1,3,0.5,1.20176,0.195410016,0.356089969
2,2,3,1,-4,0.5,1.19576,0.198232978,0.349650563
2,2,3,1,-12,0,1.18876,0.199728385,0.349650563
2,2,3,1,-20,0,1.18276,0.196096683,0.431302835
2,2,3,2,-27,0,1.22,0.196096683,0.431302835
2,2,3,2,-32,0,1.216,0.187246315,0.509430219
2,2,3,2,-39,0,1.21,0.141972106,0.527497177
2,2,3,2,-42,0,-0.08022,0.125003815,0.587649159
2,2,3,2,-42,0,-0.08022,0.125003815,0.587649159
2,2,3,1,-41,0,-0.08022,0.117999817,0.604312265
2,1,3,1,-41,0,-0.08022,0.115726188,0.632541887
2,2,3,2,-40,0.5,-0.08022,0.115726188,0.662755211
2,1,3,1,-37,0.5,-1.45416,0.115726188,0.665913877
2,1,3,1,-31,0.5,-1.45016,0.114230781,0.665913877
2,1,3,1,-23,0.5,-1.44416,0.112750633,0.665913877
2,1,3,1,-14,0.5,-1.43816,0.112750633,0.667088839
2,2,3,2,-3,0.5,-1.43116,0.114261299,0.668935209
2,2,3,2,8,0.5,-1.42416,0.114261299,0.668935209
2,2,3,2,17,0.5,-1.41716,0.114215522,0.670415357
2,1,3,2,25,0.5,-1.50158,0.116489151,0.671956542
2,1,3,2,31,0.5,-1.49758,0.120120853,0.673589282
2,1,3,1,41,0.5,-1.49058,0.125537889,0.697332682
2,1,3,1,52,1,-1.48358,0.153508103,0.798486282
2,1,3,1,62,1,-1.47658,0.153508103,0.798486282
2,2,3,2,73,1,-1.46958,0.209585864,0.51882992
2,2,3,2,82,1,-1.46358,0.032471694,0.510589923
2,2,3,1,92,1,-1.45658,0,0.509079257
2,2,3,1,102,1,-1.44958,0,0.509079257
2,2,3,1,111,1,-1.44358,0,0.509079257
2,2,3,0,121,1,-1.43658,0,0.517502365
2,2,3,2,130,1,-1.43058,0,0.527558214
2,2,3,2,140,1,-1.42358,0,0.561067537
2,2,3,2,150,1,-1.41658,0,0.561067537
1,1,4,0,0,1,0,0,0.585665456
1,2,4,1,0,1,0,0,0.594271676
1,2,4,1,0,1,0,0,0.603167821
1,2,4,1,0,1,0,0,0.610049745
1,2,4,1,0,1,0,0,0.613315226
1,3,4,3,0,1,0,0,0.616489151
1,3,4,2,0,1,0,0,0.619876705
1,3,4,2,0,1,0,0,0.628635517
1,3,4,2,0,1,0,0,0.64127018
1,3,4,3,0,1,0,0,0.655034028
1,5,4,2,0,1,0,0,0.655034028
1,4,4,2,0,1,0,0,0.65724662
1,2,4,2,0,1,-1.12873,0,0.669042024
1,2,4,2,5,1,-1.12473,0,0.687826167
1,3,4,1,11,1,-1.11873,0,0.692205573
1,3,4,0,18,1,-1.11273,0,0.693670461
1,3,4,0,26,1,-1.10573,0,0.69513535
1,3,4,2,33,1,-1.09873,0,0.695608386
1,3,4,2,40,1,-1.09273,0,0.695608386
1,4,4,2,47,1,-1.08673,0,0.695608386
1,4,4,2,54,1,-1.07973,0,0.689321574
1,3,4,2,53,1,0.60235,0,0.654011658
1,2,4,0,51,1,0.59835,0,0.627414777
1,2,4,0,47,1,0.59235,0,0.605105747
1,2,4,1,43,1,0.58535,0,0.59561449
1,2,4,1,40,1,0.57935,0,0.59561449
1,2,4,2,36,1,0.57235,0,0.583559679
1,2,4,2,32,1,0.56635,0,0.578859828
1,2,4,2,28,1,0.55935,0,0.578859828
1,0,4,1,25,1,-0.8571,0,0.575823237
1,1,4,1,29,1,-0.8531,0,0.572573016
1,1,4,0,33,1,-0.8481,0,0.570879238
1,1,4,0,39,1,-0.8411,0,0.561113315
1,1,4,0,44,1,-0.8351,0,0.561113315
1,1,4,0,49,1,-0.8291,0,0.561113315
1,2,4,2,54,1,-0.8231,0,0.561113315
1,2,4,2,60,1,-0.8161,0,0.557573168
1,2,4,2,65,1,-0.8101,0,0.568834498
1,2,4,3,70,1,-0.8031,0,0.584032716
1,2,4,3,75,1,-0.7971,0,0.679677725
1,2,4,1,81,1,-0.7901,0,0.679677725
1,2,4,1,86,1,-0.7831,0,0.729041414
1,2,4,1,91,1,-0.7771,0,0.733268227
1,3,4,1,96,1,-0.7701,0,0.733268227
1,3,4,1,102,1,-0.7631,0,0.733268227
1,3,4,1,106,1,-0.7571,0,0.733268227
1,4,4,1,111,1,-0.7511,0,0.739463485
1,2,4,1,105,1,1.97949,0,0.787743767
1,2,4,0,96,1,1.97449,0,0.787743767
1,1,4,0,85,1,-0.99708,0,0.802377392
1,1,4,0,89,1,-0.99308,0,0.80385754
1,1,4,0,95,1,-0.98708,0,0.80385754
1,2,4,2,102,1,-0.98008,0,0.805047761
1,1,4,2,108,1,-0.97308,0,0.80855739
1,1,4,2,115,1,-0.96608,0,0.813730277
1,1,4,2,121,1,-0.96008,0,0.814569536
1,1,4,2,128,1,-0.95308,0,0.815195166
1,1,4,0,133,1,1.99938,0,0.815195166
1,1,4,0,125,1,1.99538,0,0.815195166
1,1,4,0,115,1,1.99038,0,0.816187017
1,0,4,0,115,1,-0.43306,0,0.819345683
1,0,4,0,117,1,-0.42806,0,0.824991607
1,1,4,2,120,1,-0.42106,0,0.830805383
1,1,4,2,123,1,-0.41406,0,0.833994568
1,1,4,2,125,1,-0.40806,0,0.833994568
1,2,4,2,128,1,-0.40106,0,0.833994568
1,2,4,2,131,1,-0.39406,0,0.833994568
1,2,4,0,134,1,-0.38706,0,0.833994568
2,2,4,0,68,1,-0.19003,0,0.833994568
2,2,4,0,70,1,-0.18653,0.106280709,0.833994568
2,2,4,0,71,1,-0.18303,0.106280709,0.833994568
2,3,4,1,72,1,-0.17953,0.117557299,0.833994568
2,3,4,1,73,1,-0.17603,0.147740104,0.833994568
2,2,4,1,75,1,-0.17253,0.161671804,0.833994568
2,3,4,2,76,1,-0.16903,0.162343211,0.833994568
2,2,4,3,77,1,1.00967,0.162343211,0.833994568
2,2,4,2,73,1,1.00767,0.162343211,0.836558123
2,3,4,4,68,1,1.00517,0.165868099,0.845271157
2,3,4,4,61,1,1.00167,0.165868099,0.845271157
2,3,4,3,54,1,0.99817,0.166844691,0.846385083
2,4,4,3,47,1,0.99467,0.182760094,0.846812342
2,4,4,3,40,1,0.99117,0.209112827,0.848445082
2,3,4,1,33,1,0.31047,0.212454604,0.851527451
2,2,4,1,32,1,0.31047,0.212454604,0.851527451
2,3,4,2,31,1,0.31047,0.212454604,0.847651601
2,3,4,1,29,1,0.31047,0.212454604,0.847651601
2,3,4,2,27,1,0.31047,0.213019196,0.811929685
2,3,4,2,24,1,0.31047,0.238883633,0.652623066
2,3,4,2,22,0.5,0.31047,0.277977844,0.522019105
2,3,4,2,20,0.5,0.31047,0.295022431,0.449354534
2,4,4,3,18,0.5,0.31047,0.296533097,0.37366863
2,3,4,2,12,0.5,1.7731,0.296533097,0.32760094
2,3,4,2,1,0.5,1.7671,0.296533097,0.311258278
2,2,4,2,-3,0.5,0.13375,0.296533097,0.310327464
2,3,4,1,-3,0.5,0.13375,0.292748802,0.343150121
2,3,4,0,-4,0.5,0.13375,0.292504654,0.352061525
2,3,4,2,-5,0.5,0.13375,0.292504654,0.352061525
2,3,4,2,-6,0.5,0.13375,0.292504654,0.325678274
2,1,4,2,-11,0.5,1.51886,0.294305246,0.293542283
2,1,4,2,-19,0,1.51386,0.299661245,0.284096805
2,0,4,2,-24,0,0.39949,0.299661245,0.284096805
2,0,4,0,-26,0,0.39949,0.305444502,0.277092807
2,0,4,1,-28,0,0.39949,0.328394421,0.276635029
2,1,4,2,-30,0,0.39949,0.328394421,0.276635029
2,0,4,2,-31,0.5,-1.09772,0.329416791,0.276635029
2,0,4,2,-28,0.5,-1.09472,0.329416791,0.276635029
2,0,4,2,-24,0.5,-1.09072,0.324854274,0.283104953
2,1,4,2,-16,0.5,-1.08372,0.324854274,0.283104953
2,2,4,2,-10,0.5,-1.07772,0.323389386,0.303994873
2,2,4,2,-3,0.5,-1.07172,0.316095462,0.346873379
2,1,4,2,3,0.5,-0.00619,0.309335612,0.375041963
2,1,4,2,3,0.5,-0.00619,0.306802576,0.42219306
2,2,4,3,3,0.5,-0.00619,0.306802576,0.42219306
2,2,4,2,3,0.5,-0.00619,0.304788354,0.472624897
2,1,4,2,4,0.5,-0.94036,0.304788354,0.508484146
2,1,4,2,7,0.5,-0.93636,0.28725547,0.532517472
2,1,4,2,12,0.5,-0.93136,0.253181555,0.59520249
2,2,4,0,18,0.5,-0.92436,0.253181555,0.59520249
2,2,4,0,24,0.5,-0.91836,0.227057711,0.619067965
2,2,4,1,31,1,0.37777,0.212714011,0.653309732
2,1,4,1,29,1,0.37777,0.212714011,0.678075503
2,1,4,1,27,1,0.37777,0.212714011,0.699606311
2,1,4,1,25,1,0.37777,0.212714011,0.705084384
2,0,4,1,29,1,-1.47753,0.212714011,0.710623493
2,0,4,0,36,1,-1.47253,0.243812372,0.73340556
2,0,4,0,46,1,-1.46553,0.263466292,0.741737114
2,1,4,2,57,1,-1.45853,0.263466292,0.741737114
2,1,4,2,67,1,-1.45153,0.275337992,0.744727927
2,2,4,2,75,1,-1.44553,0.280770287,0.747306742
2,2,4,2,86,1,-1.43853,0.294473098,0.748924223
2,1,4,2,88,1,0.26881,0.304834132,0.748924223
2,1,4,0,87,1,0.26881,0.304834132,0.748924223
2,0,4,0,88,1,-0.78805,0.304834132,0.748924223
2,1,4,2,92,1,-0.78305,0.304834132,0.748924223
2,1,4,2,97,1,-0.77705,0.304834132,0.748924223
2,1,4,2,102,1,-0.77005,0.299417096,0.746223334
2,1,4,2,108,1,-0.76305,0.299417096,0.746223334
2,1,4,2,113,1,-0.75605,0.299417096,0.746223334
3,1,4,0,79,1,0.29786,0.299417096,0.739722892
3,1,4,0,78,1,0.29786,0.299417096,0.729834895
3,1,4,0,77,1,0.29786,0.299417096,0.729834895
3,1,4,0,75,1,0.29786,0.352290414,0.729834895
3,2,4,0,73,1,0.29786,0.400387585,0.729834895
3,1,4,0,70,1,0.68292,0.42567217,0.729834895
3,1,4,0,68,1,0.68092,0.509170812,0.729834895
3,2,4,1,66,1,0.67825,0.509170812,0.729834895
3,1,4,1,61,1,0.67359,0.509170812,0.729834895
3,1,4,2,57,1,0.66959,0.509506516,0.729834895
3,1,4,2,52,1,0.66492,0.509506516,0.728232673
3,1,4,3,48,1,0.66025,0.511368145,0.725547044
3,2,4,3,44,1,0.65625,0.534546953,0.723975341
3,2,4,3,39,1,0.65159,0.553910947,0.723975341
3,3,4,2,35,1,0.64692,0.555391095,0.723471786
3,2,4,2,33,1,0.19312,0.556871242,0.699728385
3,2,4,1,32,1,0.19212,0.556871242,0.64659566
3,2,4,1,30,1,0.50449,0.57187109,0.598315378
3,2,4,1,27,1,0.50249,0.594943083,0.541199988
3,1,4,2,24,1,0.50016,0.595339824,0.51985229
3,0,4,2,22,1,-0.61425,0.596835231,0.50347911
3,0,4,2,24,1,-0.61292,0.596835231,0.50347911
3,1,4,1,28,1,-0.61092,0.601260414,0.50347911
3,1,4,1,31,1,-0.60892,0.617542039,0.524704733
3,1,4,1,36,1,-0.60658,0.621265297,0.577440718
3,2,4,2,39,1,-0.60458,0.621265297,0.629474776
3,2,4,2,44,0.666666667,-0.60225,0.622074038,0.700125126
3,2,4,2,47,0.666666667,-0.60025,0.622074038,0.770714438
3,1,4,2,51,0.666666667,-1.30505,0.622074038,0.770714438
3,1,4,2,56,1,-1.30105,0.622074038,0.773766289
3,1,4,1,65,1,-1.29405,0.61793878,0.773766289
3,2,4,2,74,1,-1.28705,0.61793878,0.773766289
3,2,4,2,82,1,-1.28105,0.617130039,0.773766289
3,2,4,2,91,1,-1.27405,0.609012116,0.804071169
3,1,4,1,101,1,-0.40115,0.506622517,0.890346995
3,0,4,1,102,1,-0.33498,0.502319407,0.526123844
3,0,4,0,104,1,-0.33364,0.191625721,0.502609333
3,0,4,0,105,1,-0.33131,0,0.501678518
3,1,4,1,108,1,-0.32898,0,0.501678518
3,1,4,1,110,1,-0.32698,0,0.495162816
3,1,4,1,112,1,-0.32464,0,0.495162816
3,3,4,2,114,1,-0.32231,0,0.495162816
3,3,4,2,116,1,-0.32031,0,0.495162816
3,3,4,1,118,1,-0.31798,0,0.519501328
3,3,4,1,121,1,-0.31564,0,0.577455977
1,1,5,0,0,1,0,0,0.623187963
1,1,5,0,0,1,0,0,0.642994476
1,2,5,1,0,1,0,0,0.70168157
1,2,5,1,0,1,0,0,0.72420423
1,3,5,2,0,1,0,0,0.72420423
1,2,5,2,5,1,-1.32502,0.057313761,0.72420423
1,2,5,3,12,1,-1.32002,0.082796716,0.72420423
1,3,5,3,21,1,-1.31302,0.133869442,0.72461623
1,2,5,3,28,1,-1.53654,0.154194769,0.727439192
1,2,5,3,36,1,-1.53154,0.155842769,0.727835932
1,2,5,3,47,1,-1.52454,0.15172277,0.727835932
1,2,5,3,57,1,-1.51754,0.15172277,0.724082156
1,2,5,3,60,1,0.97251,0.148136845,0.70700705
1,2,5,3,55,1,0.96751,0.148136845,0.70700705
1,2,5,2,48,1,0.96051,0.148136845,0.644917142
1,3,5,2,42,1,0.95351,0.148136845,0.603061007
1,4,5,3,35,1,0.94651,0.148136845,0.588930937
1,4,5,2,29,1,0.94051,0.148136845,0.567629017
1,5,5,3,23,1,0.93351,0.150166326,0.542741173
1,4,5,3,17,1,0.92751,0.168248543,0.525376141
1,4,5,3,11,1,0.92051,0.168248543,0.525376141
1,4,5,1,5,1,0.91451,0.188970611,0.518890957
1,4,5,2,6,1,-0.66251,0.189657277,0.493026521
1,4,5,1,10,1,-0.65751,0.189657277,0.493026521
1,3,5,2,14,1,-0.65051,0.199819941,0.488891263
1,4,5,3,19,1,-0.64351,0.212546159,0.488891263
1,3,5,3,23,1,-0.63751,0.212546159,0.488891263
1,3,5,3,27,1,-0.63051,0.216589862,0.49241615
1,3,5,3,31,1,-0.62351,0.228049562,0.492568743
1,3,5,3,35,1,-0.61751,0.228049562,0.476836451
1,4,5,2,39,1,-0.61151,0.228049562,0.460707419
1,5,5,3,43,1,-0.60451,0.228049562,0.461119419
1,4,5,2,48,1,-0.8198,0.224097415,0.6109653
1,5,5,3,51,1,-0.8168,0.224097415,0.6109653
1,4,5,2,55,1,-0.8118,0.222464675,0.658925138
1,4,5,2,61,1,-0.8048,0.222464675,0.692220832
1,5,5,2,66,1,-0.7988,0.224448378,0.710364086
1,4,5,3,72,1,-0.7918,0.224448378,0.727256081
1,4,5,2,77,1,-0.7848,0.224448378,0.729712821
1,5,5,3,83,1,-0.7778,0.226432081,0.729712821
1,5,5,4,88,1,-0.7708,0.226432081,0.729712821
1,5,5,3,93,1,-0.7638,0.231696524,0.762398144
1,4,5,2,98,1,-0.7578,0.231696524,0.762398144
1,4,5,2,103,1,-0.7508,0.231696524,0.816278573
1,3,5,1,108,1,-0.7438,0.231696524,0.867290262
1,4,5,1,114,1,-1.15703,0.240058596,0.875026704
1,4,5,1,117,1,-1.15403,0.247734001,0.875682852
1,3,5,1,125,1,-1.14703,0.254615925,0.878124332
1,3,5,1,133,1,-1.14003,0.263771477,0.899319437
1,2,5,1,140,1,-1.13403,0.267540513,0.951551866
1,2,5,0,139,1,1.16342,0.267540513,0.951551866
1,2,5,0,135,1,1.16042,0.267540513,0.979750969
1,2,5,0,127,1,1.15342,0.269066439,0.982863857
1,1,5,0,126,1,-0.98584,0.28337962,0.986404004
1,2,5,1,130,1,-0.98184,0.326425977,0.987151708
1,2,5,1,137,1,-0.97484,0.326425977,0.987151708
1,2,5,1,143,1,-0.96784,0.339655751,0.935728019
1,2,5,2,149,1,-0.96184,0.339655751,0.939664907
1,2,5,2,156,1,-0.95484,0.357982116,0.930707724
1,2,5,1,163,1,-0.94784,0.357982116,0.930707724
1,2,5,1,168,1,-0.94184,0.493148595,0.501083407
1,2,5,1,175,1,-0.93484,0.479247414,0.501083407
1,2,5,0,181,1,-0.86029,0.217337565,0.494598224
1,2,5,0,185,1,-0.85629,0.122608112,0.489455855
1,0,6,3,0,1,0,0.122608112,0.489455855
1,0,6,3,0,1,0,0,0.519318216
1,1,6,4,0,1,0,0,0.563020722
1,2,6,3,0,1,0,0,0.563020722
1,2,6,3,0,1,0,0,0.694769127
1,2,6,4,3,1,-1.45334,0,0.694769127
1,2,6,4,9,1,-1.44934,0,0.73894467
1,2,6,3,19,1,-1.44234,0,0.761619922
1,2,6,3,27,1,-1.43634,0,0.761619922
1,3,6,2,38,1,-1.42934,0,0.776924955
1,3,6,2,46,1,-1.42334,0,0.776924955
1,3,6,2,50,1,0.85982,0,0.786767174
1,3,6,2,47,1,0.85582,0,0.82023072
1,4,6,2,41,1,0.84982,0,0.835352641
1,4,6,2,36,1,0.84382,0,0.837794122
1,2,6,2,35,1,-1.16645,0,0.855418561
1,2,6,1,40,1,-1.16245,0,0.869258705
1,1,6,1,48,1,-1.15545,0,0.869258705
1,2,6,2,55,1,-1.14945,0,0.870876186
1,2,6,2,63,1,-1.14245,0,0.870876186
1,2,6,1,71,1,-1.13545,0,0.886333811
1,2,6,1,79,1,-1.12845,0,0.904980621
1,2,6,2,87,1,-1.12145,0,0.971831416
1,4,6,2,94,1,-1.11545,0,0.971831416
1,3,6,2,101,1,-1.10845,0,1.000015259
1,4,6,2,108,1,-1.10245,0,1.000015259
1,4,6,2,116,1,-1.09545,0,1.000015259
1,4,6,1,122,1,-1.08945,0,1.000015259
1,3,6,0,129,1,-1.08345,0,1.000015259
1,3,6,0,137,1,-1.07645,0,1.000015259
1,3,6,0,144,1,-1.07045,0,1.000015259
1,2,6,0,151,1,-0.6127,0,1.000015259
1,2,6,0,153,1,-0.6097,0,1.000015259
1,2,6,0,156,1,-0.6037,0,1.000015259
1,1,6,0,161,1,-0.5967,0,1.000015259
1,1,6,0,161,1,0.55316,0,1.000015259
1,0,6,0,159,1,0.54916,0,0.976134526
1,0,6,0,155,1,0.54216,0,0.89210181
1,0,6,0,151,1,0.53516,0,0.89210181
1,0,6,1,147,1,0.52816,0,0.86999115
1,1,6,2,143,1,0.52116,0,0.851435896
1,1,6,3,140,1,0.51516,0,0.835551012
1,3,6,4,137,1,0.50916,0,0.812555315
1,3,6,4,134,1,0.50216,0,0.791329691
1,4,6,4,130,1,0.49516,0,0.772591327
1,4,6,3,127,1,0.48916,0,0.748268075
1,4,6,2,124,1,0.48216,0,0.706259346
1,4,6,1,121,1,0.47516,0,0.661214026
1,4,6,1,117,1,0.46816,0,0.579912717
1,4,6,1,114,1,0.46116,0,0.579912717
1,3,6,1,111,1,0.45516,0,0.586306345
1,5,6,3,108,1,0.44816,0,0.66624958
1,2,6,3,100,1,2.10041,0,0.710562456
1,2,6,3,92,1,2.09641,0,0.714667196
1,3,6,4,75,1,2.08941,0,0.714667196
1,2,6,4,63,1,2.08341,0,0.714667196
1,2,6,2,65,1,-1.58359,0,0.705038606
1,2,6,2,71,1,-1.57959,0,0.698583941
1,2,6,3,81,1,-1.57359,0,0.697119053
1,3,6,1,92,1,-1.56659,0,0.697119053
1,1,6,1,96,1,-0.88093,0,0.697119053
1,1,6,1,100,1,-0.87693,0,0.695623646
1,1,6,1,105,1,-0.87193,0,0.692007202
1,1,6,0,111,1,-0.86493,0,0.686544389
1,1,6,1,116,1,-0.85893,0,0.683553575
1,2,6,2,122,1,-0.85193,0.032441176,0.671834468
1,2,6,2,127,1,-0.84593,0.062273019,0.652150029
1,3,6,3,132,1,-0.83993,0.062273019,0.652150029
1,2,6,3,138,1,-0.83293,0.076540422,0.640583514
2,2,6,3,69,1,0.79677,0.080599384,0.634784997
2,3,6,3,66,1,0.79477,0.080599384,0.623905148
2,2,6,3,64,1,0.39936,0.081682791,0.599673452
2,2,6,2,62,1,0.39936,0.081682791,0.568147832
2,2,6,2,59,1,0.39936,0.081682791,0.556047243
2,2,6,1,56,1,0.39936,0.081682791,0.553453169
2,3,6,0,54,1,0.39936,0.081682791,0.56489761
2,1,6,0,53,1,-0.47903,0.081682791,0.56489761
2,0,6,1,55,1,-0.47603,0.082384716,0.574404126
2,1,6,2,57,1,-0.47003,0.099887082,0.596484268
2,1,6,2,60,1,-0.46403,0.106707968,0.598498489
2,1,6,2,63,1,-0.45703,0.109988708,0.598498489
2,1,6,3,66,1,-0.45103,0.113513596,0.598498489
2,3,6,3,69,1,-0.44403,0.114093448,0.598498489
2,3,6,2,72,1,-0.43703,0.114093448,0.59622486
2,4,6,3,76,1,-0.43003,0.114093448,0.59622486
2,4,6,3,78,1,-0.42403,0.114093448,0.59622486
2,4,6,3,81,1,-0.41703,0.114093448,0.59622486
2,3,6,2,84,1,-0.66105,0.114093448,0.616214484
2,3,6,2,86,1,-0.65705,0.114093448,0.616214484
2,2,6,2,91,1,-0.65105,0.091891232,0.657017731
2,2,6,2,95,1,-0.64505,0.082888272,0.671498764
2,3,6,2,99,1,-0.63905,0.082888272,0.672154912
2,4,6,2,103,1,-0.63205,0.08537553,0.657002472
2,4,6,3,108,1,-0.62505,0.093096713,0.817239906
2,4,6,2,111,1,-0.61905,0.093096713,0.817239906
2,4,6,3,116,1,-0.61205,0.093096713,0.886410108
2,4,6,2,119,1,-0.60605,0.093096713,0.955458235
2,4,6,3,123,1,-0.60005,0.093096713,0.985412152
2,3,6,2,127,1,-1.01036,0.093096713,0.987411115
2,4,6,3,131,1,-1.00636,0.077929014,0.908124027
2,4,6,2,136,1,-1.00136,0.001495407,0.607455672
2,4,6,2,143,1,-0.99436,0.001495407,0.607455672
2,2,6,1,149,1,-1.10949,0.001495407,0.5241554
2,2,6,1,153,1,-1.24716,0.001495407,0.505798517
1,0,7,0,0,1,0,0.001495407,0.50778222
1,0,7,0,0,1,0,0.000579852,0.530121769
1,0,7,0,0,1,0,0.000579852,0.593905454
1,0,7,0,0,1,0,0.000579852,0.645268105
1,1,7,1,0,1,0,0.000579852,0.675725578
1,2,7,1,0,1,0,0.000579852,0.678975799
1,2,7,2,0,1,0,0.000579852,0.682119205
1,1,7,2,4,1,-1.79524,0.000579852,0.691427351
1,2,7,3,9,1,-1.79224,0.000579852,0.735450301
1,2,7,2,20,1,-1.78624,0.000579852,0.735450301
1,2,7,3,32,1,-1.77924,0.005386517,0.737052522
1,3,7,3,45,1,-1.77224,0.006637776,0.737052522
1,3,7,3,57,1,-1.76524,0.008575701,0.738517411
1,3,7,2,68,1,-1.75924,0.021973327,0.740150151
1,4,7,2,78,1,-1.75324,0.025147252,0.74466689
1,4,7,2,89,1,-1.74724,0.028702658,0.752830592
1,2,7,1,99,1,-1.57966,0.038438063,0.756294443
1,2,7,1,104,1,-1.57666,0.061128574,0.757850887
1,3,7,1,113,1,-1.57066,0.06511124,0.75879696
1,1,7,2,112,1,1.89868,0.069627979,0.751899777
1,2,7,2,105,1,1.89468,0.076616718,0.692220832
1,2,7,2,91,1,1.88768,0.076616718,0.692220832
1,2,7,2,80,1,1.88168,0.088564714,0.546937468
1,3,7,3,65,1,1.87468,0.115466781,0.480727561
1,2,7,2,54,1,-0.50043,0.158742027,0.409863582
1,2,7,3,49,1,1.67512,0.174092837,0.365855892
1,1,7,3,41,1,1.67012,0.175618763,0.340250862
1,1,7,3,29,1,1.66412,0.175618763,0.325601978
1,1,7,2,19,1,1.65812,0.187398907,0.328913236
1,2,7,2,8,1,1.65112,0.187398907,0.328913236
1,2,7,0,-4,0,1.64412,0.188451796,0.3370159
1,2,7,1,-15,0,1.63712,0.188451796,0.3370159
1,2,7,2,-27,0,1.51787,0.196295053,0.331629383
1,3,7,2,-31,0,1.51487,0.208182012,0.326715903
1,3,7,3,-40,0,1.50887,0.215262307,0.315378277
1,2,7,4,-37,0,-2.24083,0.215552232,0.309289834
1,3,7,4,-23,0,-2.23483,0.215552232,0.35462508
1,3,7,3,-8,0,-2.22783,0.213614307,0.551377911
1,4,7,3,8,1,-2.22083,0.213614307,0.551377911
1,3,7,3,22,1,-1.20639,0.207968383,0.621539964
1,3,7,2,27,1,-1.20239,0.202993866,0.685140538
1,3,7,1,35,1,-1.19639,0.194357128,0.718604083
1,4,7,2,43,1,-1.18939,0.156804102,0.724982452
1,5,7,3,51,1,-1.18239,0.138248848,0.731620228
1,4,7,2,58,1,-1.17639,0.135700552,0.737083041
1,4,7,2,66,1,-1.16939,0.132602924,0.737083041
1,4,7,2,75,1,-1.16339,0.125721,0.720389416
1,4,7,1,83,1,-1.15639,0.102649007,0.532776879
1,3,7,0,88,1,2.03682,0.102649007,0.532776879
1,2,7,0,79,1,2.03282,0.079592273,0.501953185
1,2,7,0,67,1,2.02682,0.079592273,0.501953185
1,3,7,1,53,1,2.01982,0.075487533,0.484328745
1,2,7,1,41,1,2.01382,0.075487533,0.484328745
1,2,7,2,27,1,2.00682,0.065340129,0.468977935
1,1,7,2,13,1,1.99982,0.062303537,0.477874081
1,3,7,3,-1,0,1.99282,0.062303537,0.477874081
1,3,7,3,-13,0,1.98682,0.062303537,0.488082522
1,2,7,3,-19,0,-1.7775,0.108905301,0.491348003
1,2,7,3,-12,0,1.73492,0.126422926,0.491348003
1,2,7,3,-19,0,1.73092,0.160176397,0.491348003
1,2,7,3,-24,0,1.72792,0.186712241,0.491348003
1,1,7,2,-34,0,-0.35264,0.200125126,0.491348003
1,1,7,2,-33,0,-0.34964,0.200125126,0.491348003
1,1,7,2,-31,0,-0.34364,0.200125126,0.491348003
1,1,7,2,-29,0,-0.33664,0.200125126,0.491348003
1,2,7,2,-27,0,-0.33064,0.200125126,0.491348003
1,2,7,2,-24,0,-0.32364,0.200125126,0.491348003
1,2,7,2,-22,0,-0.31664,0.200125126,0.498489334
1,2,7,1,-20,0,-0.30964,0.200125126,0.519745476
1,2,7,1,-17,0,-0.30264,0.200125126,0.523926511
2,2,7,0,-8,0.5,-0.14832,0.200125126,0.519226661
2,4,7,1,-7,0.5,-0.14482,0.200125126,0.544343394
2,3,7,2,-6,0.5,-0.14132,0.200125126,0.597003082
2,3,7,3,-5,0.5,-0.13782,0.202444533,0.6015656
2,3,7,4,-5,0.5,0.21333,0.202444533,0.6015656
2,2,7,4,-6,0.5,0.21133,0.215781121,0.599749748
2,2,7,4,-7,0.5,0.20833,0.215781121,0.599749748
2,2,7,3,-9,0.5,0.20483,0.217291787,0.60155034
2,3,7,3,-10,0.5,0.20133,0.217291787,0.607394635
2,3,7,2,-12,0.5,0.19783,0.217291787,0.612247078
2,3,7,3,-12,0.5,-0.5705,0.217291787,0.612247078
2,4,7,3,-10,0.5,-0.5705,0.217291787,0.60135197
2,3,7,5,-6,0.5,-0.5705,0.237540819,0.581148717
2,3,7,4,-2,0.5,-0.5705,0.258827479,0.547898801
2,2,7,4,2,0.5,-0.78945,0.276314585,0.537079989
2,3,7,4,5,0.5,-0.78945,0.279320658,0.627918332
2,2,7,3,9,0.5,-0.78945,0.279320658,0.627918332
2,2,7,2,13,0.5,-0.78945,0.280526139,0.692770165
2,3,7,2,19,0.5,-0.78945,0.280816065,0.692510758
2,2,7,3,15,0.5,1.22438,0.280816065,0.632862331
2,3,7,3,10,0.5,1.22038,0.280816065,0.537827692
2,3,7,3,1,0.5,1.21338,0.280816065,0.47010712
2,2,7,2,-6,0.5,1.20738,0.280816065,0.415463729
2,2,7,3,-13,0.5,1.20138,0.280816065,0.37838374
2,3,7,3,-22,0.5,1.19438,0.280816065,0.356791894
2,4,7,2,-29,0,1.18838,0.280816065,0.356791894
2,3,7,2,-33,0,0.2248,0.280816065,0.384136479
2,2,7,2,-34,0,0.2248,0.280816065,0.503707999
2,2,7,2,-37,0,0.2248,0.278740806,0.577562792
2,2,7,2,-37,0,0.13061,0.277245399,0.636265145
2,2,7,2,-38,0,0.13061,0.277245399,0.669179357
2,0,7,2,-39,0,-1.93229,0.277245399,0.68836024
2,1,7,2,-31,0,-1.92829,0.277245399,0.709509568
2,2,7,2,-22,0.5,-1.92329,0.277245399,0.709509568
2,2,7,1,-9,0.5,-1.91729,0.277245399,0.751579333
2,2,7,2,5,0.5,-1.91029,0.277245399,0.771691031
2,2,7,2,19,0.5,-1.90329,0.277245399,0.773201697
2,2,7,2,30,1,-1.89729,0.277245399,0.773201697
2,2,7,2,43,1,-1.89029,0.277245399,0.773201697
2,2,7,2,57,1,-1.88329,0.277245399,0.773201697
2,2,7,1,70,1,-1.87629,0.277245399,0.773201697
2,3,7,1,81,1,-1.87029,0.277245399,0.773201697
2,1,7,1,94,1,0.10786,0.301355022,0.998474075
2,0,7,0,94,1,0.10786,0.296319468,0.863902707
2,0,7,0,93,1,0.10786,0.296319468,0.863902707
2,1,7,2,92,1,0.10786,0.214026307,0.685674612
2,1,7,2,92,1,0.10786,0.008819849,0.512329478
2,1,7,2,91,1,0.10786,0.008346812,0.511413923
2,1,7,2,89,1,0.10786,0.008346812,0.511413923
2,1,7,2,89,1,0.10786,0.007324442,0.521439253
2,1,7,1,88,1,0.10786,0.007324442,0.563386944
2,1,7,1,87,0.5,0.21825,0.007324442,0.615131077
1,0,8,1,0,1,0,0.007324442,0.629856258
1,0,8,1,0,1,0,0.007324442,0.638264107
1,0,8,1,0,1,0,0.007324442,0.641331217
1,1,8,1,0,1,0,0.007324442,0.636921293
1,1,8,1,0,1,0,0.007324442,0.636921293
1,1,8,2,-2,0,2.27521,0.007324442,0.63391522
1,1,8,2,-9,0,2.27221,0.007324442,0.561662648
1,1,8,4,-20,0,2.26721,0.007324442,0.456984161
1,1,8,4,-34,0,2.26121,0.007324442,0.314111759
1,3,8,5,-50,0,2.25421,0.007324442,0.291177099
1,2,8,4,-60,0,-0.69043,0.007324442,0.301751762
1,2,8,5,-58,0,-0.68643,0.007324442,0.387356182
1,3,8,4,-54,0,-0.68143,0.007324442,0.475264748
1,3,8,4,-50,0,-0.67543,0.007324442,0.48586993
1,3,8,5,-52,0,1.83105,0.007324442,0.48586993
1,3,8,5,-59,0,1.82705,0.007324442,0.481902524
1,2,8,4,-62,0,-1.2019,0.007324442,0.463087863
1,2,8,4,-57,0,-1.1979,0.007324442,0.444227424
1,2,8,4,-49,0,-1.1909,0.007324442,0.417798395
1,3,8,2,-41,0,-1.1839,0.007324442,0.407956175
1,4,8,3,-32,0,-1.1769,0.007324442,0.414075137
1,4,8,3,-25,0,-1.1709,0.056596576,0.426816614
1,4,8,2,-18,0,-1.1649,0.113727226,0.464659566
1,3,8,3,-10,0,-1.64503,0.113727226,0.464659566
1,3,8,4,-4,0,-1.64103,0.115192114,0.486419263
1,4,8,2,6,1,-1.63503,0.115192114,0.505615406
1,4,8,2,16,1,-1.62903,0.115192114,0.529160436
1,3,8,2,27,1,-1.62203,0.116138188,0.553468429
1,3,8,1,38,1,-1.61503,0.118243965,0.553468429
1,4,8,2,50,1,-1.60803,0.118243965,0.583498642
1,3,8,2,59,1,-1.60203,0.118243965,0.647816401
1,3,8,3,71,1,-1.59503,0.118243965,0.685750908
1,4,8,4,82,1,-1.58803,0.118243965,0.69779046
1,4,8,4,93,1,-1.58103,0.118243965,0.69779046
1,3,8,2,102,1,-1.57503,0.118243965,0.69779046
1,3,8,2,113,1,-1.56803,0.118243965,0.698568682
1,3,8,1,124,1,2.41341,0.123111667,0.716788232
1,4,8,2,115,1,2.40941,0.12468337,0.72542497
1,4,8,2,100,1,2.40341,0.12468337,0.733893857
1,4,8,2,83,1,2.39641,0.12550737,0.757469405
1,3,8,2,67,1,2.38941,0.126285592,0.763176366
1,3,8,2,50,1,2.38241,0.139912107,0.763649403
1,3,8,0,36,1,2.37641,0.149937437,0.760200812
1,2,8,1,19,1,2.36941,0.149937437,0.760200812
1,3,8,2,5,1,2.36341,0.144627216,0.707770013
1,4,8,2,-9,0,2.35741,0.137668996,0.634250923
1,2,8,2,-23,0,-1.12701,0.134205145,0.572649312
1,2,8,2,-19,0,-1.12301,0.13165685,0.532456435
1,1,8,1,-12,0,-1.11701,0.130069887,0.525269326
1,1,8,0,-3,0,-1.11001,0.125446333,0.525269326
1,1,8,1,4,1,-1.10401,0.124958037,0.530198065
1,1,8,1,11,1,-1.09701,0.123477889,0.566850795
1,2,8,2,18,1,-1.09101,0.123477889,0.566850795
1,3,8,3,25,1,-1.08401,0.123477889,0.626056703
1,3,8,3,33,1,-1.07701,0.123477889,0.630375072
1,3,8,2,39,1,-1.07101,0.123477889,0.630863369
1,2,8,2,47,1,-1.06401,0.123477889,0.656392102
1,2,8,1,53,1,-1.66024,0.123477889,0.678487503
1,2,8,0,58,1,-1.65724,0.123477889,0.727393414
1,1,8,0,58,1,1.28298,0.123477889,0.727393414
1,1,8,0,51,1,1.27798,0.123477889,0.740241707
1,1,8,0,43,1,1.27098,0.136814478,0.737754448
1,2,8,2,34,1,1.26398,0.141956847,0.732612079
1,2,8,2,25,1,1.25698,0.141956847,0.716406751
1,2,8,2,17,1,1.25098,0.141956847,0.712851344
1,2,8,3,9,1,1.24398,0.141956847,0.722708823
1,4,8,4,0,0,1.23698,0.141956847,0.73505356
1,5,8,3,-9,0,1.22998,0.141956847,0.705954161
1,4,8,3,-12,0,-1.90916,0.141956847,0.705954161
2,4,8,4,-2,0.5,-0.95258,0.142567217,0.701651051
2,5,8,4,4,1,-0.94958,0.174504837,0.742164373
2,5,8,3,9,1,-0.84647,0.198095645,0.747581408
2,5,8,3,13,1,-0.84447,0.199667348,0.748390149
2,2,8,3,15,1,0.56337,0.21909238,0.749137852
2,3,8,2,13,1,0.56137,0.21909238,0.749137852
2,3,8,2,10,1,0.55887,0.24958037,0.749137852
2,4,8,3,6,1,0.55537,0.257927183,0.746620075
2,3,8,2,1,0.5,1.57713,0.275719474,0.743339335
2,2,8,2,-5,0.5,1.57313,0.29279458,0.743339335
2,2,8,4,-15,0,-0.11458,0.295358135,0.719824824
2,2,8,3,-14,0.5,-0.11458,0.295358135,0.586947233
2,2,8,2,-13,0.5,-0.11458,0.295358135,0.523194067
2,3,8,3,-12,0.5,-0.11458,0.30405591,0.369670705
2,2,8,3,-9,0.5,-1.70647,0.30405591,0.369670705
2,1,8,2,-4,0.5,0.4699,0.30405591,0.304742576
2,1,8,2,-6,0.5,0.4699,0.30405591,0.265678884
2,1,8,3,-9,0.5,0.4699,0.30405591,0.262932218
2,2,8,3,-12,0.5,0.4699,0.30405591,0.262611774
2,3,8,3,-15,0.5,0.4699,0.307199316,0.271156957
2,3,8,2,-18,0,0.4699,0.307199316,0.271156957
2,2,8,2,-21,0,0.4699,0.328440199,0.271156957
2,2,8,2,-24,0,0.4699,0.334208197,0.269203772
2,4,8,2,-27,0,0.4699,0.334208197,0.269066439
2,3,8,3,-28,0.5,-1.81213,0.334208197,0.272759178
2,2,8,3,-23,0.5,-0.14155,0.334208197,0.259483627
2,3,8,4,-23,0,-0.14155,0.334208197,0.154744102
2,3,8,4,-22,0,-0.14155,0.334208197,0.124942778
2,3,8,3,-21,0,-0.14155,0.335032197,0.103839228
2,3,8,3,-20,0,0.12122,0.335032197,0.103839228
2,2,8,3,-21,0.5,0.12122,0.335032197,0.129322184
2,1,8,3,-22,0.5,0.12122,0.335032197,0.194891202
2,2,8,3,-23,0.5,0.12122,0.335032197,0.230658895
2,2,8,3,-23,0.5,0.12122,0.335032197,0.254661702
2,3,8,3,-24,0.5,0.12122,0.335032197,0.324808496
2,2,8,3,-24,0.5,-0.92702,0.332605976,0.374172185
2,2,8,3,-20,0.5,-0.92702,0.332605976,0.403286843
2,2,8,2,-14,0.5,-0.92702,0.331110569,0.424878689
2,3,8,3,-8,0.5,-0.92702,0.320276498,0.469542528
2,3,8,4,-6,0.5,1.00683,0.316904202,0.49282815
2,2,8,4,-11,0.5,1.00183,0.310907315,0.509338664
2,2,8,3,-17,0.5,0.99583,0.310907315,0.509338664
2,3,8,4,-23,0.5,0.98983,0.309320353,0.526810511
2,1,8,3,-26,0.5,0.16296,0.309320353,0.549531541
2,1,8,2,-26,0.5,0.16296,0.309320353,0.549531541
2,3,8,3,-28,0.5,0.16296,0.309320353,0.513626514
2,3,8,3,-29,0.5,0.16296,0.340540788,0.422360912
2,2,8,3,-27,0.5,-0.39581,0.350245674,0.356318857
2,3,8,4,-26,0.5,-0.39581,0.350245674,0.326548051
2,3,8,3,-23,0.5,-0.39581,0.350245674,0.300698874
2,4,8,4,-21,0,-0.35398,0.350245674,0.300698874
2,3,8,4,-20,0,-0.35398,0.350245674,0.291024506
2,3,8,4,-18,0,-0.35398,0.350245674,0.291024506
2,3,8,4,-16,0.5,-0.35398,0.344065676,0.341044343
2,3,8,5,-13,0.5,-0.35398,0.340632344,0.434308908
2,4,8,4,-11,0.5,-0.35398,0.340632344,0.477019562
2,3,8,6,-6,0.5,-1.74687,0.340632344,0.476104007
2,4,8,5,3,0.5,-1.74187,0.340632344,0.476104007
2,4,8,4,16,0.5,-1.73487,0.340632344,0.476104007
2,3,8,4,26,0.5,0.40119,0.340632344,0.448835719
2,3,8,3,25,0.5,0.40119,0.33231605,0.521973327
2,4,8,2,23,0.5,0.40119,0.330149236,0.553102206
2,2,8,2,21,0.5,0.40119,0.330149236,0.566972869
2,2,8,3,18,0.5,0.13887,0.329325236,0.571810053
2,3,8,3,18,0.5,0.13887,0.329325236,0.571810053
2,2,8,5,17,0.5,0.54883,0.329325236,0.569658498
2,2,8,5,15,0.5,0.54883,0.333643605,0.554841762
2,3,8,5,11,0.5,0.54883,0.33518479,0.531983398
2,3,8,6,9,0.5,0.23169,0.353114414,0.52478103
2,3,8,5,8,1,0.23169,0.382869961,0.519135105
2,3,8,5,1,1,2.24208,0.382869961,0.519135105
2,3,8,4,-8,0,2.23808,0.399151585,0.506378368
2,2,8,4,-10,0,-0.93002,0.464308603,0.499694815
2,2,8,4,-6,0,-0.92602,0.545030061,0.498046815
2,0,8,4,-5,0,-0.70164,0.558183538,0.497192297
2,1,8,3,-2,0.5,-0.70164,0.559694205,0.481063265
2,1,8,3,1,0.5,-0.70164,0.559694205,0.428937651
3,1,8,4,4,0.666666667,-0.46776,0.559694205,0.428937651
3,2,8,3,6,0.666666667,-0.46776,0.591265603,0.41155736
3,3,8,3,10,0.666666667,-0.46776,0.617999817,0.404934843
3,3,8,3,13,0.666666667,-0.46776,0.621601001,0.403469955
3,1,8,3,13,0.666666667,-0.18321,0.622547075,0.399441511
3,2,8,4,13,0.666666667,-0.18454,0.635380108,0.456953642
3,2,8,3,15,0.666666667,-0.18654,0.640385144,0.574388867
3,2,8,3,16,0.666666667,-0.18854,0.659108249,0.730277413
3,3,8,3,17,0.666666667,-0.19088,0.659108249,0.730277413
3,2,8,4,18,0.666666667,-0.19288,0.674672689,0.744529557
3,3,8,2,19,0.666666667,-0.19521,0.675710318,0.744529557
3,3,8,2,21,0.666666667,-0.19754,0.666905728,0.754371776
3,3,8,3,22,0.666666667,-0.19988,0.659016694,0.781105991
3,2,8,3,23,0.666666667,0.22783,0.657780694,0.792779321
3,2,8,2,23,0.666666667,0.22683,0.664296396,0.79361858
3,2,8,2,22,0.666666667,0.22549,0.671224097,0.71968749
3,1,8,2,20,0.333333333,0.22349,0.676198614,0.584856716
3,2,8,3,19,0.333333333,0.22116,0.688543352,0.432782983
3,2,8,2,17,0.333333333,0.21883,0.727851192,0.149723807
3,2,8,3,15,0.333333333,0.89206,0.727851192,0.149723807
3,3,8,4,10,0.333333333,0.88706,0.727851192,0.150593585
3,3,8,4,5,0.333333333,0.88106,0.727851192,0.179311502
3,3,8,2,-2,0.333333333,0.87406,0.725104526,0.201391644
3,3,8,2,-7,0.333333333,0.86806,0.71868038,0.379726554
3,3,8,2,-12,0.333333333,0.86206,0.704000977,0.691503647
3,2,8,1,-12,0.333333333,-0.42806,0.694372387,0.771172216
3,2,8,2,-10,0.333333333,-0.42973,0.692785424,0.780648213
3,3,8,3,-7,0.333333333,-0.43206,0.692785424,0.708899197
3,1,8,3,-4,0.333333333,0.34518,0.692785424,0.708899197
3,1,8,3,-5,0.333333333,0.34384,0.697851497,0.647968993
3,1,8,3,-7,0.333333333,0.34184,0.707953124,0.565172277
3,1,8,3,-9,0.333333333,0.33951,0.707953124,0.50061037
3,2,8,3,-11,0.333333333,0.33751,0.707953124,0.447279275
3,3,8,4,-14,0.333333333,0.33518,0.707953124,0.409283731
3,2,8,4,-14,0.666666667,-0.67984,0.711767937,0.403851436
3,2,8,4,-12,0.666666667,-0.67851,0.712363048,0.409726249
3,3,8,4,-7,0.666666667,-0.67651,0.712363048,0.436017945
3,4,8,3,-3,0.333333333,-0.67417,0.712363048,0.436017945
3,5,8,3,2,0.333333333,-0.67184,0.717322306,0.326349681
3,5,8,3,7,0.333333333,-0.66951,0.717322306,0.326349681
3,4,8,3,9,0.333333333,0.53333,0.717322306,0.313516648
3,5,8,3,7,0.333333333,0.532,0.717322306,0.276757103
3,5,8,4,4,0.333333333,0.53033,0.717322306,0.310007019
3,3,8,3,1,0.333333333,1.22585,0.717322306,0.860713523
3,3,8,3,-4,0.333333333,1.11545,0.717322306,0.860713523
3,2,8,4,-6,0.333333333,-0.14559,0.714941862,0.968535417
3,2,8,3,-5,0.333333333,-0.14425,0.714941862,0.789910581
3,3,8,3,-4,0.333333333,-0.14225,0.720267342,0.21970275
3,2,8,3,-2,0.333333333,-0.55442,0.722815638,0.094317454
3,2,8,3,0,0.333333333,-0.55308,0.722815638,0.094317454
3,3,8,3,1,0.333333333,0.29834,0.722815638,0.225135044
3,2,8,3,0,0.333333333,0.297,0.722815638,0.314828944
3,2,8,3,-2,0.333333333,0.295,0.718207343,0.688192389
3,2,8,3,-4,0.333333333,0.29267,0.714911344,0.857585376
3,1,8,2,-6,0.333333333,0.29034,0.714911344,0.629490036
3,1,8,2,-8,0.666666667,0.288,0.714911344,0.629490036
3,1,8,2,-11,0.666666667,0.28567,0.714911344,0.501907407
3,3,8,2,-12,0.666666667,0.28367,0.713446455,0.484145634
3,2,8,2,-9,0.666666667,-1.1017,0.714423048,0.986739708
3,2,8,3,-4,0.666666667,-1.10004,0.70638142,0.991531114
3,3,8,3,4,0.666666667,-1.0977,0.683294168,0.993072298
3,3,8,4,11,0.666666667,-1.0957,0.525910215,0.972090823
3,3,8,3,19,0.666666667,-1.09337,0.377391888,0.503463851
3,3,8,3,26,0.666666667,-1.09137,0.377391888,0.503463851
3,2,8,2,31,0.333333333,-0.92018,0.069734794,0.50102237
3,2,8,1,35,0.333333333,-0.91884,0,0.500442518
3,4,8,1,40,0.666666667,-0.91684,0,0.498870815
3,4,8,2,47,0.666666667,-0.91451,0,0.495330668
3,3,8,2,54,0.666666667,-0.91218,0,0.460585345
1,1,9,3,0,1,0,0,0.38492996
1,1,9,2,0,1,0,0,0.374095889
1,1,9,1,0,1,0,0,0.359859004
1,1,9,0,0,1,0,0.008682516,0.349574267
1,2,9,2,0,1,0,0.008682516,0.349574267
1,2,9,3,0,1,0,0.095263527,0.462675863
1,4,9,4,0,1,0,0.1126133,0.479766228
1,4,9,4,0,1,0,0.250282296,0.494628742
1,4,9,5,0,1,0,0.302911466,0.499343852
1,4,9,4,1,1,-0.97043,0.300820948,0.505645924
1,3,9,3,4,1,-0.96743,0.263420515,0.604052858
1,4,9,4,9,1,-0.96243,0.263420515,0.604052858
1,4,9,4,15,1,-0.95543,0.260628071,0.62039552
1,5,9,4,22,1,-0.94843,0.257225257,0.636646626
1,5,9,3,28,1,-0.94243,0.248115482,0.687017426
1,5,9,3,34,1,-0.93543,0.246482742,0.708609272
1,6,9,2,41,1,-0.92843,0.246482742,0.708609272
1,5,9,2,47,1,-1.87524,0.245933409,0.710715049
1,6,9,2,55,1,-1.87124,0.245933409,0.745200964
1,6,9,2,64,1,-1.86624,0.245933409,0.767448958
1,5,9,3,77,1,-1.85924,0.245933409,0.767799921
1,4,9,3,90,1,-1.66588,0.248237556,0.765602588
1,5,9,3,98,1,-1.66088,0.259880367,0.769280068
1,4,9,3,99,1,2.24858,0.26146733,0.806909391
1,4,9,4,93,1,-1.10615,0.26146733,0.893902402
1,3,9,3,99,1,-1.10115,0.26146733,0.893902402
1,3,9,2,106,1,-1.09415,0.26146733,0.911374248
1,3,9,3,113,1,-1.08815,0.26146733,0.912854396
1,3,9,3,121,1,-1.08115,0.26146733,0.916638691
1,3,9,2,128,1,-1.07415,0.26146733,0.940778832
1,3,9,3,136,1,-1.06715,0.26146733,0.950575274
1,3,9,4,136,1,-0.79881,0.261772515,0.958311716
1,2,9,4,139,1,-0.79481,0.262993255,0.978774377
1,2,9,3,143,1,-0.78981,0.262993255,1.000015259
1,3,9,4,148,1,-0.78281,0.262993255,1.000015259
1,3,9,3,154,1,-0.77581,0.262993255,1.000015259
1,4,9,3,160,1,-0.76881,0.262993255,1.000015259
1,4,9,2,165,1,-0.76181,0.262993255,1.000015259
1,4,9,3,165,1,1.04212,0.262993255,1.000015259
1,4,9,2,159,1,1.03712,0.262993255,1.000015259
1,5,9,3,152,1,1.03012,0.262993255,1.000015259
1,5,9,2,146,1,1.02412,0.262993255,1.000015259
1,3,9,2,148,1,-0.94093,0.262993255,1.000015259
1,3,9,1,151,1,-0.93693,0.262993255,1.000015259
1,3,9,1,158,1,-0.92993,0.262993255,1.000015259
1,2,9,0,163,1,-0.12387,0.271401105,0.872096927
1,2,9,0,163,1,-0.11987,0.277520066,0.779625843
1,2,9,0,164,1,-0.11387,0.279015473,0.709570605
1,2,9,0,165,1,-0.10687,0.279015473,0.632862331
1,1,9,0,163,1,2.10886,0.279015473,0.632862331
1,1,9,0,155,1,2.10486,0.279671621,0.597796564
1,1,9,0,142,1,2.09886,0.300469985,0.572618793
1,0,9,0,127,1,2.09186,0.307885983,0.566820276
1,0,9,0,113,1,2.08486,0.309411908,0.566820276
1,0,9,1,98,1,2.07786,0.31858272,0.563127537
1,1,9,2,84,1,2.07086,0.338435011,0.549195837
1,2,9,2,69,1,2.06386,0.343287454,0.528717917
1,3,9,3,57,1,2.05786,0.343287454,0.528717917
1,3,9,3,42,1,2.05086,0.343287454,0.528717917
1,3,9,3,38,1,-1.79172,0.341029084,0.51986755
1,4,9,3,47,1,-1.78772,0.341029084,0.510574664
1,4,9,3,59,1,-1.78072,0.341029084,0.509094516
1,6,9,3,72,1,-1.77372,0.341029084,0.509094516
1,6,9,4,82,1,-1.76772,0.341029084,0.492889187
1,5,9,3,77,1,2.51468,0.341029084,0.492889187
1,5,9,2,67,1,2.51068,0.346461379,0.480498672
1,5,9,3,49,1,2.50368,0.344752342,0.478957488
1,5,9,3,42,1,-0.24495,0.346385083,0.482985931
1,5,9,2,43,1,-0.24195,0.382213813,0.48608356
1,3,9,3,40,1,1.83439,0.384624775,0.491973632
1,4,9,4,31,1,1.82939,0.385296182,0.494628742
2,1,9,3,9,1,-0.03512,0.41257973,0.494628742
2,1,9,2,9,1,-0.03312,0.419186987,0.494628742
2,1,9,2,9,1,-0.03062,0.392620624,0.49508652
2,2,9,2,9,1,-0.02712,0.306344798,0.501953185
2,3,9,2,10,1,-0.02362,0.306344798,0.501953185
2,3,9,2,10,1,-0.02062,0.306344798,0.501953185
2,2,9,3,8,1,0.427,0.304834132,0.509506516
2,2,9,3,6,1,0.4245,0.303796503,0.508667257
2,2,9,3,4,1,-0.1161,0.331095309,0.476424451
2,2,9,3,5,1,-0.1141,0.340617084,0.427228614
2,2,9,3,6,1,-0.1111,0.342402417,0.38901944
2,3,9,3,6,1,-0.1076,0.347209082,0.275948363
2,2,9,3,5,1,1.00503,0.360194708,0.156086917
2,2,9,2,2,1,1.00353,0.363216041,0.168782617
2,3,9,4,-4,0.5,1.00053,0.382320627,0.217200232
2,2,9,4,-7,0.5,-0.15519,0.382320627,0.217200232
2,2,9,4,-6,0.5,-0.15519,0.38514359,0.261131626
2,2,9,5,-5,0.5,-0.15519,0.38514359,0.261131626
2,3,9,5,-4,0.5,-0.15519,0.38514359,0.261619922
2,2,9,2,-4,0.5,-0.15519,0.388073366,0.257713553
2,2,9,2,-3,0.5,-0.15519,0.388073366,0.338694418
2,3,9,2,-2,0.5,-0.15519,0.394054994,0.433332316
2,2,9,2,8,0.5,-2.4744,0.394054994,0.483291116
2,2,9,2,18,0.5,-2.4704,0.206701865,0.493881039
2,4,9,4,35,0.5,-2.4634,0.206701865,0.493881039
2,3,9,5,50,0.5,-2.4574,0,0.493881039
2,2,9,4,64,0.5,-1.94796,0,0.499710074
2,3,9,4,70,0.5,-1.94496,0.00367748,0.514694662
2,2,9,4,82,0.5,-1.93896,0.019486068,0.521485031
1,1,10,1,0,1,0,0.019486068,0.521485031
1,1,10,1,0,1,0,0.028351695,0.539948729
1,1,10,0,0,1,0,0.032837916,0.576097903
1,2,10,1,0,1,0,0.114185003,0.592776269
1,2,10,2,0,1,0,0.198690756,0.595187231
1,1,10,2,1,1,-0.8104,0.198690756,0.595187231
1,2,10,4,5,1,-0.8054,0.175923948,0.597781304
1,3,10,4,10,1,-0.7994,0.171544542,0.615512558
1,4,10,4,15,1,-0.7924,0.18836024,0.632175665
1,4,10,4,20,1,-0.7864,0.212057863,0.636036256
1,4,10,5,25,1,-0.7804,0.241172521,0.638508255
1,3,10,3,31,1,-2.1421,0.243690298,0.64517655
1,3,10,5,40,1,-2.1381,0.233161412,0.646717734
1,4,10,4,53,1,-2.1321,0.229880673,0.647495956
1,4,10,3,68,1,-2.1251,0.229880673,0.649037141
1,3,10,3,66,1,2.06173,0.229880673,0.646351512
1,4,10,4,59,1,2.05873,0.229880673,0.610232856
1,3,10,2,45,1,2.05173,0.229880673,0.448912015
1,4,10,3,33,1,2.04573,0.229880673,0.448912015
1,4,10,3,21,1,2.03973,0.229880673,0.389812922
1,5,10,3,8,1,2.03373,0.229880673,0.347300638
1,4,10,3,-6,0,2.02673,0.229880673,0.330301828
1,5,10,4,-18,0,2.02073,0.229880673,0.317621387
1,5,10,4,-32,0,2.01373,0.229880673,0.354274117
1,5,10,4,-46,0,2.00673,0.232001709,0.376796777
1,7,10,4,-58,0,2.00073,0.233481857,0.375026704
1,5,10,4,-65,0,-1.47156,0.23381756,0.348368786
1,5,10,4,-59,0,-1.46756,0.23381756,0.348368786
1,4,10,3,-51,0,-1.46156,0.236594745,0.315210425
1,4,10,4,-40,0,-1.39346,0.234550005,0.300653096
1,3,10,3,-35,0,-1.38946,0.231330302,0.288171026
1,4,10,3,-28,0,-1.38446,0.229224525,0.284966582
1,3,10,2,-20,0,-1.37846,0.248268075,0.266762291
1,3,10,3,-18,0,0.48385,0.248268075,0.266762291
1,3,10,2,-20,0,0.47885,0.257240516,0.263634144
1,3,10,3,-23,0,0.47285,0.257240516,0.258232368
1,2,10,3,-17,0,-2.51869,0.257942442,0.29688406
1,3,10,3,-4,0,-2.51369,0.274071474,0.337748344
1,3,10,2,11,1,-2.50769,0.278023621,0.399731437
1,3,10,2,26,1,-2.50169,0.279519028,0.486663411
1,4,10,2,44,1,-2.49469,0.280434584,0.520020142
1,4,10,2,61,1,-2.48769,0.280434584,0.557954649
1,5,10,2,78,1,-2.48069,0.280434584,0.573229163
1,5,10,3,96,1,-2.47369,0.280434584,0.573229163
1,6,10,4,111,1,-2.46769,0.29259621,0.510483108
1,5,10,4,128,1,-2.46069,0.305047761,0.454634236
1,5,10,3,137,1,0.87326,0.305047761,0.401669362
1,5,10,4,133,1,0.86926,0.306665242,0.356349376
1,5,10,3,128,1,0.86326,0.306665242,0.356349376
1,4,10,2,122,1,0.85626,0.308160649,0.355632191
1,5,10,1,116,1,0.84926,0.308160649,0.368846706
1,4,10,2,109,1,0.84226,0.300515763,0.413754692
1,4,10,2,104,1,0.83626,0.278344066,0.454039125
1,4,10,2,98,1,0.82926,0.276802881,0.474791711
1,4,10,3,93,1,0.82226,0.276802881,0.4373455
1,4,10,4,87,1,0.81526,0.279091769,0.394802698
1,4,10,3,82,1,0.80926,0.279091769,0.394802698
1,3,10,2,76,1,1.55867,0.279091769,0.432615131
1,3,10,2,70,1,1.55467,0.275887326,0.462813196
1,3,10,2,62,1,1.54967,0.275887326,0.483642079
1,4,10,2,52,1,1.54267,0.256614887,0.50573748
1,4,10,2,41,1,1.53567,0.212759789,0.522202216
1,3,10,2,30,1,1.52867,0.205816828,0.526337474
1,3,10,2,19,1,1.52267,0.205816828,0.520981475
1,3,10,1,9,1,1.51567,0.213187048,0.519287698
1,2,10,1,0,1,2.47955,0.21539964,0.518127995
1,3,10,2,-7,0,2.47655,0.217947935,0.481109043
1,3,10,4,-20,0,2.47155,0.217947935,0.481109043
1,4,10,5,-34,0,2.46555,0.240684225,0.522080142
1,3,10,5,-32,0,-1.61981,0.241340373,0.583117161
1,3,10,4,-27,0,-1.61681,0.290963469,0.588991974
2,1,10,3,-8,0.5,-0.64037,0.303628651,0.574404126
2,2,10,2,-5,0.5,-0.63837,0.333643605,0.558305612
2,2,10,1,-3,0.5,-0.63637,0.359248634,0.541322062
2,2,10,1,2,1,-0.63287,0.349269082,0.523636586
2,3,10,2,5,1,-0.62987,0.319513535,0.510620441
2,3,10,2,10,1,-0.62637,0.319513535,0.510620441
2,4,10,2,15,1,-0.62287,0.319513535,0.508774071
2,4,10,2,16,1,-0.1932,0.331308939,0.494460891
2,4,10,2,17,1,-0.1907,0.337183752,0.477004303
2,3,10,2,18,1,-0.1877,0.338709677,0.471068453
2,4,10,3,20,1,-0.1842,0.338709677,0.470152898
2,3,10,2,21,1,-0.1807,0.340571306,0.47441023
2,3,10,2,22,1,-0.1772,0.340571306,0.47441023
2,5,10,3,24,1,-0.1737,0.365825373,0.474837489
2,5,10,2,25,1,-0.1702,0.371135594,0.491332743
2,5,10,2,26,1,-0.1667,0.380932035,0.521317179
2,5,10,4,27,1,-0.1632,0.385250404,0.534440138
2,5,10,4,28,1,-0.1597,0.385891293,0.524277474
2,5,10,4,29,1,-0.1562,0.385891293,0.488433485
2,6,10,5,30,1,-0.1527,0.385891293,0.403927732
2,5,10,4,28,1,1.28077,0.385891293,0.310876797
2,6,10,2,23,1,1.27877,0.385891293,0.310876797
2,4,10,2,16,1,1.27577,0.385891293,0.307794427
2,2,10,1,13,1,0.89794,0.385891293,0.323328349
2,2,10,1,9,1,0.89594,0.385891293,0.356715598
2,2,10,2,4,1,0.89294,0.385891293,0.359935301
2,2,10,2,-3,0.5,0.88944,0.385891293,0.334116642
2,2,10,2,-9,0.5,0.88594,0.385891293,0.321481979
2,2,10,3,-10,0.5,0.11555,0.385891293,0.316812647
2,2,10,2,-10,0.5,0.11555,0.385891293,0.307489242
2,1,10,2,-14,0.5,1.71954,0.385891293,0.307489242
2,1,10,2,-22,0.5,1.71554,0.38901944,0.273888363
2,3,10,3,-34,0,1.70854,0.403424177,0.238166448
2,3,10,3,-44,0,1.70254,0.406521805,0.230170598
2,3,10,3,-56,0,1.69554,0.406521805,0.202963347
2,4,10,3,-66,0,1.68954,0,0.5
2,3,10,3,-74,0,1.58453,0,0.5
2,4,10,3,-81,0,1.58053,0,0.5
2,4,10,3,-90,0,1.57453,0,0.497695853
2,4,10,3,-100,0,1.56853,0,0.490203558
2,3,10,2,-111,0,1.56153,0,0.488616596
2,3,10,2,-121,0,1.55453,0,0.487044893
2,3,10,2,-130,0,1.68258,0,0.480193487
2,2,10,2,-136,0,0.31657,0,0.470732749
2,2,10,2,-138,0,0.31657,0,0.46498001
1,0,0,0,0,1,0,0,0.45904416
1,0,0,0,0,1,0,0,0.451460311
1,0,0,0,0,1,0,0,0.450590533
1,0,0,0,0,1,0,0,0.450590533
1,0,0,0,0,1,0,0,0.460341197
1,0,0,0,0,1,0,0,0.461989196
1,1,0,1,0,1,0,0,0.443510239
1,2,0,1,0,1,0,0,0.420636616
1,2,0,1,0,1,0,0,0.38412122
1,2,0,1,0,1,0,0,0.369487594
1,0,0,1,-1,0,1.36632,0,0.420285653
1,0,0,0,-8,0,1.36132,0,0.505478072
1,1,0,1,-16,0,1.35532,0,0.527512436
1,1,0,1,-26,0,1.34832,0,0.532609027
1,0,0,2,-31,0,-1.28579,0,0.539216285
1,0,0,2,-26,0,-1.28179,0,0.55630665
1,0,0,2,-18,0,-1.27579,0,0.563737907
1,0,0,1,-11,0,-1.26979,0,0.564851833
1,1,0,3,-2,0,-1.26279,0,0.556138798
1,1,0,2,7,1,-1.25579,0,0.539002655
1,1,0,2,14,1,-1.24979,0,0.517212439
1,1,0,2,22,1,-1.24379,0.006454665,0.491576891
1,1,0,2,29,1,-1.23779,0.007934812,0.481414228
1,1,0,0,38,1,-1.23079,0.00900296,0.478530229
1,1,0,1,45,1,-1.22479,0.00900296,0.468169195
1,1,0,1,54,1,-1.21779,0.00900296,0.458876308
1,2,0,2,61,1,-1.21179,0.006317331,0.457380902
1,3,0,2,70,1,-1.20479,0.002578814,0.463286233
1,2,0,2,78,1,1.17833,0,0.480086673
1,2,0,1,73,1,1.17433,0,0.487945189
1,2,0,1,67,1,1.16933,0,0.480239265
1,1,0,0,59,1,1.16233,0,0.466963713
1,1,0,0,51,1,1.15533,0,0.445875423
1,1,0,0,44,1,1.14933,0,0.418973357
1,1,0,1,37,1,1.14333,0,0.397076327
1,1,0,2,28,1,1.13633,0,0.370891446
1,1,0,2,20,1,1.12933,0,0.366664632
1,1,0,3,12,1,1.12233,0,0.36610004
1,3,0,4,6,1,1.11633,0,0.36610004
1,2,0,3,-2,0,1.10933,0,0.36610004
1,2,0,2,-9,0,1.10333,0,0.36610004
1,2,0,2,-15,0,1.09733,0,0.36610004
1,2,0,1,-23,0,1.09033,0,0.36610004
1,2,0,0,-29,0,1.08433,0,0.365108188
1,3,0,2,-37,0,1.07733,0,0.364528336
1,3,0,2,-45,0,1.07033,0,0.364528336
1,3,0,2,-52,0,1.06333,0,0.364528336
1,3,0,2,-59,0,1.05633,0,0.364528336
1,3,0,3,-67,0,1.04933,0,0.364528336
1,4,0,2,-74,0,1.04233,0,0.387936033
1,3,0,2,-79,0,-0.79233,0,0.407467879
1,1,0,2,-75,0,-0.78833,0,0.409009064
1,1,0,2,-71,0,-0.78233,0,0.409421064
1,2,0,1,-65,0,-0.77533,0,0.410992767
1,2,0,1,-61,0,-0.76933,0,0.414563433
1,3,0,2,-56,0,-0.76333,0,0.424298837
1,3,0,2,-51,0,-0.75633,0,0.441816462
1,1,0,2,-46,0,-0.96026,0,0.458937346
1,1,0,3,-42,0,-0.95626,0,0.46395764
1,2,0,3,-37,0,-0.95126,0,0.465529344
1,2,0,2,-32,0,-0.94526,0,0.465529344
1,2,0,2,-26,0,-0.93926,0,0.467009491
1,2,0,2,-19,0,-0.93226,0,0.467986084
1,3,0,1,-14,0,-0.92626,0,0.469466231
1,4,0,2,-7,0,-0.91926,0,0.471785638
1,4,0,2,-2,0,-0.91326,0.011139256,0.471785638
1,3,0,2,4,1,-0.90626,0.018814661,0.467619861
1,3,0,2,10,1,-0.90026,0.02865688,0.460264901
1,3,0,2,15,1,-0.89426,0.034958953,0.452070681
1,3,0,0,21,1,-0.88826,0.034958953,0.452070681
1,5,0,1,27,1,-0.88126,0.062791833,0.425382244
1,5,0,2,32,1,-0.87526,0.065187536,0.409039583
1,4,0,2,38,1,-0.86826,0.067827387,0.40601825
1,4,0,2,43,1,-0.86226,0.068361461,0.40601825
2,4,0,2,25,1,-0.42763,0.068361461,0.40601825
2,4,0,1,28,1,-0.42413,0.118610187,0.42075869
2,3,0,0,30,1,-0.42113,0.127292703,0.42075869
2,2,0,0,33,1,-0.41763,0.128879666,0.42075869
2,2,0,1,36,1,-0.41413,0.139316996,0.430433058
2,3,0,2,39,1,-0.41113,0.161824396,0.44247261
2,3,0,3,41,1,-0.40763,0.162587359,0.456038087
2,3,0,3,45,1,-0.40413,0.162343211,0.471785638
2,2,0,4,48,1,-0.40063,0.158009583,0.485213782
2,1,0,3,50,1,-0.39763,0.158009583,0.49017304
2,1,0,2,52,1,-0.39463,0.156331065,0.498031556
2,3,0,2,55,1,-0.39113,0.156331065,0.500656148
2,3,0,2,58,1,-0.38763,0.156331065,0.496475112
2,3,0,1,60,1,-0.38463,0.158375805,0.487762078
2,2,0,1,63,1,-1.09413,0.158177435,0.481398968
2,3,0,1,68,1,-1.09013,0.158101138,0.501327555
2,3,0,1,69,1,-0.05693,0.156605731,0.525238807
2,3,0,2,69,1,-0.05693,0.156559954,0.570345164
2,3,0,2,70,1,-0.05693,0.156559954,0.619556261
2,2,0,2,70,1,-0.05693,0.156559954,0.634540849
2,2,0,2,70,1,-0.05693,0.156559954,0.640430921
2,1,0,1,71,1,0.10466,0.155049287,0.641956847
2,1,0,0,70,1,0.10466,0.155049287,0.650456252
2,1,0,0,70,1,0.10466,0.156666768,0.671239357
2,1,0,0,68,1,0.10466,0.161641285,0.693624683
2,1,0,1,68,1,0.10466,0.164098025,0.701437422
2,1,0,1,67,1,0.10466,0.164769433,0.710516678
2,1,0,1,66,1,0.10466,0.164769433,0.710516678
2,1,0,1,65,1,0.10466,0.164769433,0.715918455
2,1,0,1,65,1,0.10466,0.1609241,0.715918455
2,1,0,0,64,1,0.10466,0.169713431,0.717566454
2,1,0,1,63,1,0.10466,0.192556536,0.728598895
2,2,0,2,63,0.5,0.10466,0.195074313,0.746299631
2,2,0,2,62,0.5,0.1941,0.195074313,0.76944792
2,2,0,2,61,0.5,0.1941,0.151646474,0.955412458
2,2,0,2,60,0.5,0.1941,0,0.710425123
2,1,0,1,62,0.5,-0.78366,0,0.505615406
2,2,0,1,65,0.5,-0.77966,0,0.472472304
2,2,0,1,70,0.5,-0.77366,0,0.479354228
2,2,0,1,75,0.5,-0.76666,0,0.482757042
2,2,0,2,81,0.5,-0.75966,0,0.483169042
2,3,0,3,85,0.5,-0.75366,0,0.484221931
2,3,0,2,90,1,-0.74666,0,0.48464919
2,3,0,2,96,1,-0.73966,0,0.48464919
1,1,1,2,0,1,0,0,0.48464919
1,1,1,1,0,1,0,0,0.48464919
1,1,1,0,0,1,0,0,0.48464919
1,1,1,0,0,1,0,0,0.48464919
1,1,1,0,0,1,0,0,0.504242073
1,1,1,0,0,1,0,0,0.522629475
1,1,1,0,0,1,0,0,0.525925474
1,1,1,0,0,1,0,0,0.513992737
1,1,1,0,0,1,0,0,0.515701773
1,1,1,1,0,1,0,0,0.606860561
1,2,1,1,0,1,0,0,0.64065981
1,3,1,2,0,1,0,0,0.631321146
1,2,1,2,0,1,0,0,0.594210639
1,1,1,2,-4,0,1.46487,0,0.585283975
1,1,1,1,-12,0,1.45987,0,0.585283975
1,0,1,1,-10,0,-0.93938,0,0.59213538
1,0,1,1,-7,0,-0.93538,0,0.59910886
1,1,1,2,-1,0,-0.92938,0,0.601519822
1,1,1,2,5,1,-0.92238,0,0.601519822
1,1,1,2,11,1,-0.91638,0,0.601519822
1,1,1,2,17,1,-0.90938,0,0.602191229
1,2,1,3,23,1,-0.90338,0,0.602191229
1,2,1,2,29,1,-0.89638,0,0.606204413
1,2,1,2,35,1,-0.88938,0,0.61507004
1,2,1,2,42,1,-0.88238,0,0.621234779
1,2,1,2,47,1,-0.87638,0,0.627384259
1,1,1,0,52,1,-1.27112,0,0.634357738
1,1,1,0,55,1,-1.26812,0,0.637470626
1,2,1,0,63,1,-1.26212,0,0.637470626
1,2,1,0,72,1,-1.25512,0,0.637470626
1,0,1,1,74,1,0.79028,0,0.637470626
1,1,1,2,71,1,0.78628,0.008819849,0.633732109
1,1,1,2,66,1,0.78028,0.026169622,0.626956999
1,1,1,2,61,1,0.77328,0.051347392,0.611972411
1,1,1,2,55,1,0.76628,0.061281167,0.571581164
1,1,1,1,50,1,0.75928,0.062822352,0.542023988
1,1,1,0,45,1,0.75328,0.075197607,0.527497177
1,2,1,2,41,1,0.74728,0.097186193,0.524048585
1,2,1,2,36,1,0.74128,0.098666341,0.52436903
1,2,1,2,32,1,0.73528,0.099581896,0.528443251
1,2,1,2,28,1,0.72928,0.099581896,0.538026063
1,1,1,2,23,1,-0.58889,0.099581896,0.540208136
1,2,1,0,24,1,-0.58589,0.099581896,0.537049471
1,2,1,0,26,1,-0.58289,0.099581896,0.506607257
1,2,1,1,30,1,-0.57589,0.100192267,0.475280007
1,1,1,2,29,1,1.44266,0.100192267,0.44491409
1,1,1,2,22,1,1.43766,0.103503525,0.383632923
1,1,1,2,12,1,1.43066,0.105822932,0.331034272
1,1,1,2,3,1,1.42466,0.106509598,0.302148503
1,1,1,2,-7,0,1.41766,0.10728782,0.298699911
1,2,1,2,-17,0,1.41066,0.108035524,0.399243141
1,2,1,2,-27,0,1.40366,0.108035524,0.491790521
1,1,1,2,-35,0,-1.57124,0.108035524,0.504989776
1,1,1,2,-29,0,-1.56724,0.110431227,0.514282662
1,1,1,1,-19,0,-1.56124,0.123966185,0.527527696
1,1,1,0,-8,0,-1.55424,0.126056703,0.548799097
1,2,1,2,3,1,-1.54724,0.127262185,0.568483535
1,3,1,2,12,1,-1.54124,0.136432997,0.593707083
1,2,1,2,23,1,-1.53424,0.152180548,0.599688711
1,1,1,2,27,1,1.26683,0.155842769,0.609424116
1,1,1,2,24,1,1.26383,0.154225288,0.620136113
1,0,1,0,21,1,-1.16725,0.154087954,0.62961211
1,0,1,0,26,1,-1.16325,0.157750175,0.657826472
1,0,1,0,31,1,-1.15825,0.159321879,0.666371654
1,0,1,1,38,1,-1.15225,0.159321879,0.652287362
1,1,1,2,45,1,-1.14625,0.16872158,0.604861599
1,1,1,2,53,1,-1.13925,0.193807794,0.581408124
1,1,1,2,60,1,-1.13325,0.200949126,0.584643086
1,1,1,2,67,1,-1.12725,0.20413831,0.587817011
1,1,1,1,74,1,-1.12125,0.207434309,0.590838343
2,1,1,0,41,1,-0.55712,0.209830012,0.593066195
2,2,1,0,44,1,-0.55412,0.211401715,0.594546342
2,2,1,1,47,1,-0.55112,0.211401715,0.595553453
2,3,1,2,51,1,-0.54762,0.211401715,0.595553453
2,2,1,2,55,0.5,-0.26781,0.211401715,0.582613605
2,2,1,2,56,0.5,-0.26781,0.21231727,0.57350383
2,1,1,2,59,0.5,-1.12858,0.21231727,0.573046052
2,1,1,2,64,1,-1.12458,0.21231727,0.573046052
2,1,1,2,72,1,-1.11758,0.21231727,0.578279977
2,1,1,2,78,1,-1.11158,0.21231727,0.58026368
2,1,1,2,86,1,-1.10458,0.216483047,0.597811823
2,1,1,2,90,1,-0.32525,0.217429121,0.607989746
2,1,1,1,91,1,-0.32525,0.219626453,0.608966338
2,0,1,0,93,1,-0.39283,0.2252266,0.643223365
2,0,1,1,95,1,-0.39283,0.240363781,0.708105716
2,0,1,1,96,1,-0.39283,0.241859188,0.741218299
2,1,1,1,99,1,-0.39283,0.241859188,0.760597552
2,1,1,1,101,1,-0.39283,0.241859188,0.775505844
2,2,1,3,104,1,-0.39283,0.241859188,0.778511917
2,2,1,2,107,1,-0.39283,0.249931333,0.783928953
2,2,1,2,109,1,-0.39283,0.291909543,0.802133244
2,2,1,2,112,1,-0.39283,0.295358135,0.802682577
2,2,1,2,114,1,-0.39283,0.383358257,0.799005097
2,2,1,1,117,1,-0.39283,0.448088015,0.724677267
2,2,1,1,120,1,-0.39283,0.501342814,0.53132725
2,3,1,2,122,1,-0.39283,0.468199713,0.50798059
2,3,1,2,125,1,-0.39283,0.098315378,0.506500443
2,3,1,2,128,1,-0.39283,0,0.502899258
2,2,1,1,130,1,-0.39283,0,0.490737632
2,2,1,2,133,1,-0.39283,0,0.486648152
2,3,1,2,135,1,-0.39283,0,0.482512894
2,1,1,2,139,1,-0.97241,0,0.511139256
1,1,2,0,0,1,0,0,0.522095401
1,1,2,0,0,1,0,0,0.51536607
1,1,2,0,0,1,0,0,0.518448439
1,1,2,0,0,1,0,0,0.57678457
1,2,2,2,0,1,0,0,0.600878933
1,2,2,2,0,1,0,0,0.605273598
1,2,2,2,0,1,0,0,0.606769005
1,2,2,2,0,1,0,0,0.606769005
1,1,2,2,3,1,-0.75719,0,0.614703818
1,1,2,0,7,1,-0.75219,0,0.629016999
1,1,2,1,11,1,-0.74619,0,0.63389996
1,2,2,3,16,1,-0.74019,0,0.63389996
1,2,2,3,20,1,-0.73419,0,0.63389996
1,2,2,3,25,1,-0.72719,0,0.638721885
1,2,2,3,30,1,-0.72019,0,0.642063662
1,2,2,3,35,1,-0.71419,0,0.642063662
1,3,2,2,40,1,-0.70719,0,0.642963958
1,3,2,2,44,1,-0.70119,0,0.64352855
1,3,2,2,48,1,-0.69519,0,0.624271371
1,3,2,2,53,1,-0.68819,0,0.559633168
1,4,2,1,57,1,-0.68219,0,0.559633168
1,4,2,0,62,1,-0.67519,0,0.542939543
1,3,2,0,65,1,0.96847,0,0.541398358
1,2,2,1,62,1,0.96547,0,0.561189611
1,3,2,2,57,1,0.96147,0,0.605563524
1,2,2,2,50,1,0.95447,0,0.622775964
1,2,2,2,45,1,0.94847,0,0.628284555
1,2,2,2,39,1,0.94247,0,0.628284555
1,2,2,1,32,1,0.93547,0,0.628284555
1,0,2,1,34,1,-0.96832,0,0.626041444
1,2,2,2,37,1,-0.96432,0,0.626041444
1,2,2,2,43,1,-0.95832,0,0.62776574
1,2,2,2,49,1,-0.95232,0,0.627842036
1,1,2,2,51,1,0.15962,0,0.634800256
1,1,2,1,51,1,0.15462,0,0.636295663
1,2,2,1,50,1,0.14762,0,0.636295663
1,3,2,2,49,1,0.14162,0,0.636295663
1,3,2,2,48,1,0.13462,0,0.636295663
1,3,2,2,47,1,0.12762,0,0.636295663
1,3,2,2,46,1,0.12162,0,0.636295663
1,3,2,1,45,1,0.11462,0.001495407,0.636295663
1,4,2,1,45,1,0.10862,0.001480148,0.636295663
1,4,2,2,44,1,0.10162,0.001480148,0.636295663
1,3,2,2,41,1,1.08612,0.001480148,0.636295663
1,3,2,2,37,1,1.08212,0.001480148,0.636295663
1,4,2,2,29,1,1.07512,0.001480148,0.636295663
1,3,2,1,26,1,-1.27026,0.001480148,0.636295663
1,2,2,0,32,1,-1.26626,0.001480148,0.636295663
1,2,2,0,39,1,-1.26026,0.001480148,0.636295663
1,1,2,1,47,1,-1.25426,0.001480148,0.636295663
1,2,2,2,55,1,-1.24726,0,0.636295663
1,2,2,2,64,1,-1.24026,0,0.636295663
1,2,2,2,73,1,-1.23326,0,0.636295663
1,2,2,2,81,1,-1.22626,0,0.636295663
1,2,2,1,90,1,-1.21926,0,0.636295663
1,2,2,0,97,1,-1.21326,0,0.636295663
1,3,2,0,106,1,-1.20726,0,0.636295663
1,1,2,0,112,1,0.71308,0,0.636295663
1,1,2,1,109,1,0.70908,0,0.636295663
1,2,2,2,105,1,0.70308,0,0.636295663
1,2,2,2,100,1,0.69708,0,0.637882626
1,2,2,2,96,1,0.69108,0,0.641346477
1,1,2,2,92,1,0.68508,0,0.642811365
1,1,2,1,87,1,0.67808,0,0.644322031
1,1,2,0,82,1,0.67108,0,0.648487808
1,1,2,0,78,1,0.66408,0,0.649174474
1,0,2,1,76,1,0.19287,0,0.649983215
1,1,2,1,75,1,0.18787,0.001724296,0.649983215
1,2,2,2,74,1,0.18087,0.014618366,0.649983215
2,1,2,2,33,1,0.87074,0.022385327,0.649983215
2,1,2,2,28,1,0.86824,0.050218207,0.643925291
2,0,2,1,24,1,0.1807,0.050218207,0.643925291
2,0,2,1,24,1,0.1807,0.060777612,0.64229255
2,0,2,1,23,1,0.1807,0.063554796,0.62509537
2,0,2,1,22,1,0.1807,0.063554796,0.62509537
2,1,2,2,20,1,0.1807,0.076097903,0.58537553
2,1,2,2,19,0.5,0.1807,0.093478195,0.574266793
2,2,2,2,18,0.5,0.1807,0.098925748,0.570940275
2,1,2,1,21,0.5,-0.96343,0.126545,0.574312571
2,1,2,1,24,0.5,-0.95943,0.19759209,0.577410199
2,1,2,1,30,0.5,-0.95343,0.231040376,0.578325755
2,1,2,1,36,0.5,-0.94743,0.275307474,0.593722343
2,1,2,1,43,0.5,-0.94043,0.287835322,0.662587359
2,1,2,1,49,1,-0.93343,0.287835322,0.69472335
2,1,2,1,55,1,-0.92743,0.310159612,0.985717338
2,1,2,0,61,1,-0.92043,0.304544206,0.958082827
2,2,2,1,68,1,-0.91343,0.177648244,0.73894467
2,2,2,1,74,1,-0.90643,0,0.493820002
2,2,2,1,80,1,-0.89943,0,0.454878384
2,1,2,1,87,1,-0.89243,0,0.479338969
2,2,2,1,92,1,-0.88643,0,0.482573931
2,2,2,1,98,1,-0.87943,0,0.483138524
2,2,2,1,103,1,-0.87343,0,0.483138524
2,2,2,1,110,1,-0.86643,0,0.484130375
1,0,3,0,0,1,0,0,0.489486373
1,0,3,0,0,1,0,0,0.496688742
1,0,3,0,0,1,0,0,0.522400586
1,0,3,1,0,1,0,0,0.56346324
1,1,3,2,0,1,0,0,0.617175817
1,1,3,2,0,1,0,0,0.632541887
1,1,3,2,0,1,0,0,0.660634175
1,0,3,2,0,1,-1.48507,0,0.660634175
1,0,3,1,6,1,-1.48107,0,0.661046175
1,0,3,0,13,1,-1.47607,0,0.661046175
1,1,3,0,24,1,-1.46907,0,0.661046175
1,1,3,0,34,1,-1.46207,0,0.661046175
1,0,3,1,34,1,0.78855,0,0.665990173
1,1,3,2,31,1,0.78355,0,0.681691946
1,1,3,3,25,1,0.77655,0,0.681691946
1,1,3,3,20,1,0.76955,0,0.699133274
1,1,3,3,14,1,0.76255,0,0.703375347
1,0,3,2,18,1,-1.61148,0,0.705633717
1,1,3,1,26,1,-1.60648,0,0.705633717
1,1,3,0,38,1,-1.59948,0,0.70638142
1,1,3,0,47,1,-1.59348,0,0.70638142
1,1,3,0,58,1,-1.58648,0,0.746543779
1,1,3,0,69,1,-1.57948,0,0.746543779
1,2,3,1,80,1,-1.57248,0,0.752754295
1,2,3,2,90,1,-1.56648,0,0.754783776
1,2,3,2,99,1,-1.56048,0,0.755882443
1,2,3,2,110,1,-1.55348,0,0.755882443
1,2,3,2,121,1,-1.54648,0,0.755882443
1,2,3,1,126,1,0.59602,0,0.755882443
1,1,3,0,124,1,0.59202,0,0.755882443
1,0,3,0,120,1,-0.30176,0,0.755882443
1,0,3,0,122,1,-0.29676,0,0.755882443
1,0,3,0,123,1,-0.29076,0,0.755882443
1,0,3,0,125,1,-0.28476,0,0.755882443
1,0,3,0,127,1,-0.27776,0,0.755882443
1,0,3,0,129,1,-0.27076,0,0.755882443
1,0,3,0,131,1,-0.26376,0,0.755882443
1,0,3,0,133,1,-0.25676,0,0.755882443
1,0,3,0,134,1,-0.24976,0,0.755882443
1,0,3,0,136,1,-0.24376,0,0.755882443
1,0,3,1,138,1,-0.23676,0,0.755882443
1,1,3,2,139,1,-0.22976,0,0.755882443
1,1,3,2,141,1,-0.22276,0,0.755882443
1,2,3,2,142,1,-0.21576,0,0.755882443
1,2,3,2,144,1,-0.20876,0,0.755882443
1,2,3,1,145,1,-0.20176,0,0.755882443
1,2,3,0,147,1,-0.19576,0,0.755882443
1,2,3,0,148,1,-0.18876,0,0.755882443
1,2,3,0,149,1,-0.18276,0,0.755882443
1,2,3,0,150,1,-0.27515,0,0.767586291
1,2,3,0,151,1,-0.27115,0,0.775261696
1,2,3,0,153,1,-0.26515,0,0.786156804
1,2,3,0,155,1,-0.25815,0,0.820307016
1,1,3,0,155,1,-0.04152,0,0.863475448
1,1,3,0,156,1,-0.03652,0,0.898953215
1,0,3,0,156,1,-0.03052,0,0.919858394
1,0,3,0,157,1,-0.02352,0,1.000015259
1,0,3,0,157,1,-0.01652,0,1.000015259
1,0,3,0,157,1,-0.00952,0,1.000015259
1,0,3,0,157,1,-0.00252,0,1.000015259
1,0,3,0,157,1,0,0,1.000015259
1,0,3,0,157,1,0,0,1.000015259
1,0,3,0,157,1,0,0,1.000015259
1,0,3,1,157,1,0,0,1.000015259
1,1,3,1,157,1,0,0,1.000015259
1,1,3,1,157,1,0,0,1.000015259
2,1,3,1,79,1,0,0,1.000015259
2,1,3,1,79,1,0,0,1.000015259
2,2,3,1,79,1,0,0,1.000015259
2,3,3,2,79,1,0,0,1.000015259
2,3,3,2,79,1,0,0,1.000015259
2,3,3,2,79,1,0,0,1.000015259
2,3,3,2,79,1,0,0,1.000015259
2,3,3,1,79,1,0,0,1.000015259
2,4,3,0,79,1,0,0,1.000015259
2,3,3,0,79,1,0,0,1.000015259
2,3,3,0,79,1,0,0,1.000015259
2,3,3,0,79,1,0,0,1.000015259
2,3,3,1,79,1,0,0,1.000015259
2,2,3,1,79,1,0,0,1.000015259
2,2,3,2,79,1,0,0,1.000015259
2,2,3,2,79,1,0,0,1.000015259
2,2,3,2,79,1,0,0,1.000015259
2,2,3,1,79,1,0,0,1.000015259
2,2,3,1,79,1,0,0,1.000015259
2,3,3,0,79,1,0,0,1.000015259
2,2,3,1,79,1,0,0,1.000015259
2,3,3,2,79,1,0,0,1.000015259
2,3,3,2,79,1,0,0,1.000015259
2,3,3,2,79,1,0,0,1.000015259
2,3,3,2,79,1,0,0,1.000015259
2,3,3,1,79,1,0,0,1.000015259
2,2,3,0,79,1,0,0,1.000015259
2,2,3,0,79,1,0,0,1.000015259
2,3,3,0,79,1,0,0,1.000015259
2,3,3,0,79,1,0,0,1.000015259
2,3,3,0,79,1,0,0,1.000015259
2,3,3,0,79,1,0,0,1.000015259
2,3,3,1,79,1,0,0,1.000015259
2,2,3,1,79,1,0,0,1.000015259
2,3,3,2,79,1,0,0,1.000015259
2,3,3,2,79,1,0,0,1.000015259
2,3,3,2,79,1,0,0,1.000015259
2,3,3,1,79,1,0,0,1.000015259
2,3,3,1,79,1,0,0,1.000015259
2,2,3,0,79,1,0,0,1.000015259
2,2,3,1,79,1,0,0,1.000015259
2,2,3,1,79,1,0,0,1.000015259
2,2,3,2,79,1,0,0,1.000015259
2,3,3,2,79,1,0,0,1.000015259
2,3,3,2,79,1,0,0,1.000015259
2,2,3,1,79,1,0,0,1.000015259
2,3,3,1,79,1,0,0,1.000015259
2,3,3,0,79,1,0,0,1.000015259
2,3,3,0,79,1,0,0,1.000015259
2,3,3,0,79,1,0,0,1.000015259
2,3,3,0,79,1,0,0,1.000015259
2,4,3,1,79,1,0,0,1.000015259
2,4,3,1,79,1,0,0,1.000015259
2,3,3,1,79,1,0,0,1.000015259
2,3,3,1,79,1,0,0,1.000015259
2,2,3,1,79,1,0,0,1.000015259
2,2,3,0,79,1,0,0,1.000015259
2,3,3,1,79,1,0,0,1.000015259
2,2,3,1,79,1,0,0,1.000015259
2,3,3,1,79,1,0,0,1.000015259
2,3,3,1,79,1,0,0,1.000015259
2,3,3,1,79,1,0,0,1.000015259
2,3,3,0,79,1,0,0,1.000015259
2,2,3,0,79,1,0,0,1.000015259
3,2,3,0,52,1,0,0,1.000015259
3,2,3,0,52,1,0,0,1.000015259
3,2,3,0,52,1,0,0,1.000015259
3,3,3,0,52,1,0,0,1.000015259
3,2,3,1,52,1,0,0,1.000015259
3,3,3,2,52,1,0,0,1.000015259
3,2,3,2,52,1,0,0,1.000015259
3,2,3,2,52,1,0,0,1.000015259
3,2,3,2,52,1,0,0,1.000015259
3,2,3,1,52,1,0,0,1.000015259
3,2,3,0,52,1,0,0,1.000015259
3,2,3,0,52,1,0,0,1.000015259
3,2,3,0,52,1,0,0,1.000015259
3,2,3,0,52,1,0,0,1.000015259
3,1,3,0,52,1,0,0,1.000015259
3,1,3,1,52,1,0,0,1.000015259
3,2,3,2,52,1,0,0,1.000015259
3,1,3,2,52,1,0,0,1.000015259
3,2,3,2,52,1,0,0,1.000015259
3,1,3,2,54,1,-0.98871,0,1.000015259
3,1,3,1,56,1,-0.98738,0,1.000015259
3,1,3,0,60,1,-0.98471,0,1.000015259
3,1,3,0,67,1,-0.98005,0,1.000015259
3,1,3,0,74,1,-0.97538,0,1.000015259
3,1,3,0,81,1,-0.97071,0,1.000015259
3,1,3,1,87,1,-0.96671,0,1.000015259
3,2,3,2,93,1,-0.96205,0.003448592,1.000015259
3,2,3,3,99,1,-0.95805,0.010483108,1.000015259
3,3,3,3,106,1,-0.95338,0.02476577,1.000015259
3,3,3,3,113,1,-0.94871,0.030045473,1.000015259
3,2,3,2,118,1,-0.94471,0.081408124,1.000015259
3,2,3,1,124,1,-0.94071,0.08742027,1.000015259
3,2,3,0,130,1,-0.93671,0.158665731,1.000015259
3,2,3,1,135,1,-0.93271,0.217062899,0.99734489
3,2,3,1,142,1,-0.92805,0.212347789,0.842844935
3,2,3,1,148,1,-0.92338,0.491729484,0.474562822
3,2,3,1,155,1,-0.91871,0.501113926,0.491958373
3,1,3,1,161,1,-0.91405,0.481872005,0.490188299
3,2,3,0,167,1,-0.90938,0.4639729,0.48997467
3,1,3,0,173,1,-0.90538,0.46682638,0.488723411
1,0,5,0,0,1,0,0.382488479,0.488494522
1,0,5,0,0,1,0,0,0.492187262
1,0,5,0,0,1,0,0,0.495345927
1,0,5,0,0,1,0,0,0.493743706
1,0,5,0,0,1,0,0,0.493743706
1,0,5,0,0,1,0,0,0.493743706
1,0,5,0,0,1,0,0,0.492858669
1,1,5,1,0,1,0,0,0.492858669
1,1,5,1,0,1,0,0,0.500274667
1,2,5,2,0,1,0,0,0.50450148
1,2,5,2,0,1,0,0,0.517365032
1,2,5,2,0,1,0,0,0.53993347
1,2,5,1,0,1,0,0,0.580019532
1,2,5,1,0,1,0,0,0.610858486
1,3,5,1,0,1,0,0,0.618305002
1,4,5,3,0,1,0,0,0.621646779
1,4,5,3,0,1,0,0,0.629215369
1,3,5,3,0,1,0,0,0.629215369
1,2,5,3,3,1,-1.35293,0,0.624591815
1,2,5,2,8,1,-1.34893,0,0.611713004
1,1,5,0,16,1,-1.34293,0,0.607531968
1,1,5,0,26,1,-1.33593,0,0.606555376
1,1,5,1,35,1,-1.32893,0,0.520233772
1,2,5,2,44,1,-1.32193,0,0.488341929
1,3,5,2,53,1,-1.31493,0,0.478377636
1,1,5,3,63,1,1.87519,0,0.458174383
1,1,5,3,55,1,1.87119,0,0.445646535
1,1,5,2,46,1,1.86619,0,0.43713187
1,2,5,2,33,1,1.85919,0,0.422864467
1,2,5,2,20,1,1.85219,0,0.419583728
1,2,5,1,7,1,1.84519,0,0.436185797
1,1,5,1,7,1,-0.62853,0,0.475905637
1,1,5,1,11,1,-0.62353,0,0.52722251
1,1,5,0,14,1,-0.61753,0,0.561647389
1,0,5,0,19,1,-0.61053,0,0.592699973
1,2,5,2,23,1,-0.60353,0,0.597994934
1,2,5,2,27,1,-0.59653,0,0.598391675
1,2,5,2,31,1,-0.58953,0,0.598391675
1,2,5,2,35,1,-0.58353,0,0.598391675
1,1,5,2,40,1,-1.75195,0,0.598391675
1,1,5,0,47,1,-1.74795,0,0.598391675
1,1,5,0,57,1,-1.74195,0,0.598391675
1,1,5,0,70,1,-1.73495,0,0.599475082
1,1,5,0,82,1,-1.72795,0,0.608859523
1,2,5,1,94,1,-1.72095,0,0.618228706
1,3,5,2,106,1,-1.71395,0,0.619708853
1,2,5,2,116,1,-1.70795,0,0.619708853
1,2,5,2,128,1,-1.70095,0,0.619708853
1,2,5,2,140,1,-1.69395,0,0.619708853
1,2,5,1,141,1,2.05785,0,0.619708853
1,2,5,0,133,1,2.05385,0,0.621234779
1,2,5,0,120,1,2.04785,0,0.622699667
1,1,5,0,122,1,-1.02947,0,0.625705741
1,1,5,0,128,1,-1.02447,0,0.63083285
1,1,5,0,135,1,-1.01747,0,0.640919218
1,0,5,0,142,1,-1.01047,0,0.643467513
1,0,5,0,148,1,-1.00447,0,0.643467513
1,0,5,0,155,1,-0.99747,0,0.643467513
1,0,5,0,162,1,-0.99047,0,0.643467513
1,0,5,0,169,1,-0.98347,0,0.643467513
1,1,5,0,176,1,-0.97647,0,0.643467513
1,1,5,0,182,1,-0.96947,0,0.643467513
1,0,6,0,0,1,0,0,0.641132847
1,0,6,0,0,1,0,0,0.641132847
1,0,6,0,0,1,0,0,0.641132847
1,0,6,0,0,1,0,0,0.641132847
1,0,6,0,0,1,0,0,0.641132847
1,1,6,0,0,1,0,0,0.641132847
1,2,6,2,0,1,0,0.009887997,0.641132847
1,2,6,2,0,1,0,0.044969024,0.641132847
1,2,6,2,0,1,0,0.067217017,0.641132847
1,2,6,2,8,1,-1.98457,0.068361461,0.641132847
1,2,6,2,16,1,-1.98057,0.068361461,0.641132847
1,2,6,0,30,1,-1.97357,0.068361461,0.641132847
1,1,6,0,35,1,0.42768,0.068361461,0.641132847
1,2,6,2,34,1,0.42468,0.065507981,0.641132847
1,2,6,2,31,1,0.41868,0.063859981,0.641132847
1,2,6,2,28,1,0.41168,0.062364574,0.641132847
1,2,6,2,26,1,0.40568,0.061235389,0.641132847
1,1,6,2,23,1,0.39868,0.061235389,0.641132847
1,1,6,0,20,1,0.39168,0.061235389,0.635990478
1,1,6,0,17,1,0.38468,0.061235389,0.602084414
1,1,6,0,15,1,0.37768,0.061235389,0.53050325
1,2,6,0,12,1,0.37168,0.063966796,0.444700461
1,3,6,1,9,1,0.36468,0.063966796,0.444700461
1,3,6,1,7,1,0.35868,0.103411969,0.382595294
1,1,6,1,1,1,1.52686,0.106570635,0.373531297
1,1,6,1,-8,0,1.52086,0.108066042,0.371028779
1,2,6,1,-19,0,1.51386,0.108066042,0.370372631
1,2,6,0,-30,0,1.50686,0.116595965,0.369548631
1,2,6,1,-39,0,1.50086,0.134022034,0.367244484
1,3,6,2,-49,0,1.49386,0.140400403,0.364024781
1,2,6,2,-56,0,-1.93865,0.169148839,0.360805078
1,2,6,2,-48,0,-1.93465,0.161183508,0.39823603
1,2,6,2,-37,0,-1.92865,0.145878475,0.446867275
1,1,6,1,-23,0,-1.92165,0.158925138,0.455198828
1,1,6,0,-10,0,-1.91465,0.176396985,0.452528459
1,1,6,0,4,1,-1.90765,0.173100986,0.476836451
1,2,6,2,15,1,-1.90165,0.143803217,0.460737938
1,2,6,2,28,1,-1.89465,0.131931516,0.375072481
1,2,6,2,41,1,-1.88765,0.096575823,0.352443007
1,1,6,2,37,1,2.11788,0.078508866,0.353465377
1,2,6,2,29,1,2.11388,0.06981109,0.408032472
1,2,6,0,16,1,2.10788,0.02826014,0.499206519
1,2,6,0,3,1,2.10188,0.017532884,0.536790063
1,2,6,0,-11,0,2.09488,0.017532884,0.536790063
1,2,6,0,-24,0,2.08888,0.006378368,0.56367687
1,3,6,1,-39,0,2.08188,0.004837184,0.565385907
1,4,6,1,-53,0,2.07488,0.021927549,0.565385907
1,2,6,1,-59,0,-1.25304,0.056428724,0.561204871
1,2,6,1,-54,0,-1.24904,0.064882351,0.550828578
1,2,6,2,-45,0,-1.24204,0.077959532,0.502929777
1,2,6,2,-37,0,1.71061,0.084139531,0.469832453
1,1,6,2,-43,0,1.70661,0.107257302,0.405148473
1,1,6,2,-52,0,1.70161,0.107257302,0.405148473
1,0,6,2,-54,0,-0.82837,0.109286782,0.497558519
1,0,6,1,-51,0,-0.82437,0.110507523,0.527298807
1,0,6,0,-46,0,-0.81837,0.112567522,0.559648427
1,0,6,1,-41,0,-0.81237,0.112567522,0.574083682
1,2,6,2,-36,0,-0.80537,0.112567522,0.584429456
1,2,6,3,-30,0,-0.79837,0.112567522,0.590182196
1,2,6,3,-25,0,-0.79237,0.112567522,0.612186041
1,2,6,3,-20,0,-0.78537,0.112567522,0.627399518
1,2,6,3,-14,0,-0.77837,0.112567522,0.628940703
1,2,6,2,-9,0,-0.77137,0.112567522,0.575518052
1,3,6,2,-4,0,-0.76537,0.115833003,0.533234657
1,4,6,2,1,1,-0.75837,0.121082186,0.433820612
1,4,6,2,6,1,-0.75137,0.126712851,0.347651601
1,3,6,1,12,1,-1.89364,0.126712851,0.331812494
1,2,6,1,16,1,1.71996,0.126712851,0.327951903
1,1,6,0,11,1,1.71696,0.126712851,0.327951903
1,2,6,2,3,1,1.71196,0.126712851,0.462584307
2,2,6,2,-5,0.5,0.85248,0.126712851,0.523377178
2,2,6,2,-10,0.5,0.84948,0.159535508,0.535554064
2,1,6,2,-10,0.5,-0.66353,0.181554613,0.559221168
2,1,6,2,-7,0.5,-0.66103,0.185323649,0.568636128
2,1,6,0,-2,0.5,-0.65753,0.191946165,0.552568133
2,1,6,0,2,1,-0.65403,0.206656087,0.504150517
2,2,6,2,7,1,-0.65053,0.227530747,0.415326395
2,2,6,2,11,1,-0.64703,0.232505264,0.412274545
2,2,6,2,15,1,-0.64403,0.243217261,0.414258248
2,2,6,3,22,1,-1.63431,0.244758446,0.43160802
2,1,6,3,30,1,-1.62931,0.248252815,0.447523423
2,0,6,2,37,1,-0.52062,0.256889554,0.467680898
2,0,6,2,39,1,-0.52062,0.259437849,0.507705924
2,1,6,3,43,1,-0.52062,0.259437849,0.528931547
2,1,6,2,46,1,-0.52062,0.270256661,0.561754204
2,1,6,2,50,1,-0.52062,0.301156652,0.597918638
2,2,6,1,54,1,-0.52062,0.303903317,0.626209296
2,2,6,2,57,1,-0.52062,0.301263466,0.634754479
2,1,6,1,58,1,0.00947,0.297723319,0.635731071
2,2,6,2,58,1,0.00947,0.297723319,0.635731071
2,2,6,2,58,1,0.00947,0.297723319,0.635731071
2,2,6,2,58,0.5,0.00947,0.297723319,0.635731071
2,2,6,1,58,0.5,0.00947,0.303323466,0.63513596
2,2,6,1,58,0.5,0.00947,0.304818873,0.644398328
2,2,6,0,58,0.5,0.00947,0.304818873,0.656315806
2,2,6,0,57,0.5,0.45661,0.306360057,0.658955657
2,2,6,1,56,0.5,0.45261,0.307458724,0.659459212
2,2,6,2,53,0.5,0.44761,0.307458724,0.657170324
2,2,6,2,50,0.5,0.44061,0.307458724,0.655934324
2,1,6,2,48,0.5,-0.60071,0.307840205,0.655690176
2,1,6,2,51,0.5,-0.60071,0.30896939,0.655690176
2,0,6,1,54,0.5,-0.60071,0.30896939,0.655690176
2,0,6,0,58,0.5,-0.60071,0.30896939,0.659321879
2,0,6,0,62,0.5,-0.60071,0.30896939,0.662602618
2,1,6,2,66,0.5,-0.60071,0.322321238,0.663731803
2,1,6,2,69,0.5,-0.60071,0.337778863,0.663731803
2,1,6,2,74,1,-0.60015,0.338770714,0.663731803
2,1,6,2,75,1,0.31559,0.338770714,0.663731803
2,1,6,2,74,1,0.31559,0.338770714,0.660679952
2,0,6,0,73,1,0.13044,0.338770714,0.63943907
2,0,6,0,73,1,0.13044,0.338770714,0.596133305
2,0,6,1,72,1,0.13044,0.338770714,0.57719657
2,1,6,1,71,1,0.13044,0.338770714,0.556428724
2,2,6,2,70,1,0.13044,0.338770714,0.540833766
2,1,6,2,72,1,-0.79352,0.339243751,0.539994507
2,1,6,2,76,1,-0.78852,0.339243751,0.547608875
2,1,6,1,81,1,-0.78152,0.339243751,0.603305155
2,1,6,1,86,1,0.5951,0.339243751,0.649220252
2,1,6,0,83,1,0.5951,0.339243751,0.647236549
2,1,6,1,81,1,0.5951,0.339243751,0.647236549
2,2,6,2,77,1,0.5951,0.319727165,0.647923215
2,2,6,2,73,1,0.5951,0.311197241,0.676305429
2,2,6,2,69,1,0.5951,0.308923612,0.699468978
2,2,6,2,64,1,0.5951,0.308923612,0.712164678
2,1,6,1,61,1,0.59482,0.308923612,0.721320231
2,0,6,0,59,1,0.33518,0.308923612,0.722434156
2,0,6,0,57,1,0.33318,0.308923612,0.716528825
2,0,6,1,55,1,0.33018,0.308923612,0.712134159
2,2,6,2,53,1,0.32668,0.308923612,0.69594409
2,2,6,2,51,1,0.32368,0.308923612,0.687276833
2,2,6,2,49,1,0.32018,0.308923612,0.686788537
2,2,6,2,46,1,0.31668,0.308923612,0.741325114
2,2,6,2,44,1,0.31318,0.308923612,0.761848811
2,4,6,2,42,1,0.30968,0.308923612,0.747444075
2,4,6,2,40,1,0.30618,0.308923612,0.7014832
2,3,6,2,35,1,1.37141,0.314432203,0.642078921
2,2,6,2,28,1,0.17328,0.331751457,0.598300119
2,2,6,1,27,1,0.17328,0.334925382,0.577043977
2,1,6,0,26,1,0.17328,0.334925382,0.572038942
3,0,6,0,16,1,0.11552,0.337595752,0.551149022
3,1,6,1,16,1,0.11552,0.338236641,0.53543199
3,2,6,2,15,0.666666667,0.11552,0.34070864,0.533494064
3,2,6,2,14,0.666666667,0.11552,0.347025971,0.530350658
3,1,6,2,15,0.666666667,-0.97606,0.3624073,0.527054659
3,1,6,2,18,0.666666667,-0.9734,0.360896634,0.516937773
3,1,6,2,24,0.666666667,-0.9694,0.360896634,0.492400891
3,2,6,1,30,0.666666667,-0.9654,0.362453078,0.49017304
3,3,6,2,37,0.666666667,-0.96073,0.360881375,0.48669393
3,3,6,2,44,0.666666667,-0.95606,0.360881375,0.467390973
3,2,6,2,46,1,0.19633,0.362926115,0.459761345
3,2,6,1,46,1,0.19633,0.364589373,0.484756005
3,2,6,2,45,1,0.19633,0.379116184,0.514465773
3,1,6,1,44,1,0.19633,0.392483291,0.516113773
3,1,6,1,42,1,0.19633,0.395809809,0.509125034
3,2,6,2,41,1,0.19633,0.395809809,0.512543107
3,2,6,2,40,1,0.19633,0.395809809,0.529175695
3,2,6,1,39,1,0.19633,0.395809809,0.563493759
3,0,6,1,38,1,-0.06594,0.395809809,0.58415479
3,0,6,1,38,1,-0.06461,0.395809809,0.610995819
3,0,6,1,38,0.666666667,-0.06261,0.396755882,0.62674337
3,1,6,2,39,0.666666667,1.07532,0.396755882,0.627811518
3,1,6,2,34,0.666666667,1.07398,0.40560625,0.632663961
3,1,6,2,29,0.666666667,1.07232,0.410641804,0.633106479
3,0,6,2,30,0.666666667,-0.42205,0.410641804,0.630909146
3,0,6,1,31,0.666666667,-0.42071,0.410641804,0.629337443
3,0,6,1,34,0.666666667,-0.41838,0.410641804,0.63144322
3,1,6,2,37,0.666666667,-0.41638,0.410641804,0.634678182
3,1,6,2,39,1,-0.41438,0.410641804,0.634678182
3,1,6,2,42,1,-0.41238,0.410641804,0.634678182
3,1,6,2,45,1,-0.41005,0.410641804,0.634678182
3,0,6,1,47,1,-0.36103,0.411282693,0.641376995
3,0,6,0,48,1,-0.3597,0.420331431,0.64680929
3,0,6,1,50,1,-0.35803,0.426816614,0.647358623
3,2,6,2,52,1,-0.35603,0.428662984,0.647358623
3,2,6,2,55,1,-0.3537,0.42690817,0.653889584
3,2,6,2,57,1,-0.35136,0.423734245,0.73525193
3,1,6,2,61,0.666666667,-1.42127,0.418866543,0.77416303
3,1,6,2,67,1,-1.41727,0.404705954,0.800714133
3,1,6,1,75,1,-1.41127,0.384243294,0.872112186
3,1,6,1,84,1,-1.40527,0.121753594,0.542146062
3,2,6,2,94,1,-1.39827,0,0.518814661
3,2,6,2,103,1,-1.39127,0,0.514313181
3,2,6,1,112,1,-1.38527,0,0.490524003
3,2,6,1,120,1,-1.37927,0,0.464476455
1,1,7,2,0,1,0,0,0.484756005
1,1,7,2,0,1,0,0,0.48792993
1,1,7,1,0,1,0,0,0.475997192
1,1,7,0,0,1,0,0,0.493499557
1,2,7,1,0,1,0,0,0.52948088
1,3,7,3,0,1,0,0,0.589327677
1,2,7,3,-3,0,1.5132,0,0.596194342
1,2,7,3,-8,0,1.5102,0,0.597079379
1,1,7,3,-11,0,-1.52171,0,0.597079379
1,1,7,2,-4,0,-1.51771,0,0.597079379
1,2,7,2,5,1,-1.51171,0,0.605075228
1,3,7,2,14,1,-1.50571,0,0.610889004
1,2,7,2,24,1,-1.49871,0,0.611651967
1,1,7,2,28,1,1.89967,0,0.611651967
1,1,7,3,21,1,1.89567,0,0.611651967
1,2,7,2,9,1,1.88967,0,0.61239967
1,2,7,2,-4,0,1.88267,0,0.616214484
1,1,7,3,-10,0,-0.64692,0,0.621250038
1,2,7,3,-8,0,-0.64292,0,0.600695822
1,2,7,2,-4,0,-0.63692,0,0.5872219
1,2,7,2,0,1,-0.63092,0,0.585757012
1,2,7,3,0,1,1.22969,0,0.585757012
1,1,7,2,-7,0,1.22369,0,0.585757012
1,1,7,2,-16,0,1.21669,0,0.589724418
1,0,7,2,-16,0,-1.62698,0,0.60339671
1,0,7,2,-10,0,-1.62298,0,0.618457595
1,0,7,1,0,1,-1.61698,0,0.621707816
1,2,7,2,11,1,-1.60998,0.031556139,0.622882778
1,2,7,2,23,1,-1.60298,0.031983398,0.622882778
1,2,7,2,34,1,-1.59598,0.031983398,0.622882778
1,2,7,1,45,1,-1.58898,0.031983398,0.622882778
1,2,7,2,55,1,-1.58298,0.031983398,0.623203223
1,2,7,1,66,1,-1.57598,0.031983398,0.62469863
1,4,7,2,75,1,-1.56998,0.031983398,0.643131809
1,3,7,2,82,1,0.40403,0.031983398,0.660847804
1,3,7,2,80,1,0.39903,0.031983398,0.660847804
1,3,7,1,78,1,0.39303,0.028229621,0.663335063
1,2,7,1,75,1,0.38603,0.023224586,0.664067507
1,0,7,0,76,1,-1.30779,0.015259255,0.668004395
1,0,7,0,81,1,-1.30379,0.015259255,0.668004395
1,0,7,1,90,1,-1.29679,0.015259255,0.668004395
1,1,7,2,98,1,-1.29079,0.015259255,0.66524247
1,2,7,2,106,1,-1.28479,0.015259255,0.624897
1,1,7,2,104,1,1.33025,0.015259255,0.624897
1,1,7,2,99,1,1.32625,0.015259255,0.593737602
1,1,7,1,91,1,1.32025,0.015259255,0.561250649
1,2,7,0,82,1,1.31325,0.015259255,0.547212134
1,1,7,0,73,1,0.76839,0.015259255,0.551942503
1,2,7,1,69,1,0.76339,0.015259255,0.554811243
1,2,7,1,64,1,0.75739,0.015259255,0.532227546
1,3,7,2,59,1,0.75039,0.015259255,0.499725333
1,3,7,2,53,1,0.74339,0.015259255,0.461699271
1,3,7,2,48,1,0.73639,0.015259255,0.409939879
1,3,7,1,44,1,0.73039,0.015259255,0.35564745
1,1,7,1,46,1,2.28677,0.017471847,0.296365246
1,1,7,0,36,1,2.28277,0.019211402,0.237357707
1,1,7,0,25,1,2.27777,0.020935698,0.190710166
1,2,7,2,11,1,2.27177,0.022598956,0.162068545
1,2,7,2,-4,0,2.26477,0.022598956,0.135029145
1,1,7,2,-20,0,2.25777,0.022598956,0.131778924
1,2,7,3,-34,0,2.25177,0.026810511,0.131778924
1,2,7,3,-50,0,2.24477,0.030320139,0.131778924
1,2,7,2,-63,0,2.23877,0.059007538,0.131778924
1,3,7,3,-79,0,2.23177,0.069307535,0.131778924
1,2,7,3,-90,0,-2.19816,0.071565905,0.131778924
1,2,7,2,-81,0,-2.19416,0.071565905,0.167058321
1,2,7,2,-66,0,-2.18816,0.081240272,0.235587634
1,2,7,2,-53,0,-2.18216,0.10585345,0.285607471
1,2,7,2,-40,0,-2.17616,0.108615375,0.306619465
1,3,7,3,-24,0,-2.16916,0.103350932,0.30814539
2,2,7,3,-5,0.5,-1.08108,0.099948119,0.333704642
2,2,7,3,3,1,-1.07758,0.099948119,0.368099002
2,1,7,3,2,1,0.80971,0.099948119,0.358394116
2,2,7,3,-2,0.5,0.80771,0.096575823,0.30405591
2,3,7,2,-7,0.5,0.80421,0.086870937,0.261101108
2,3,7,2,-13,0.5,0.80071,0.080919828,0.236182745
2,2,7,2,-13,0.5,-0.25936,0.074098941,0.229636525
2,2,7,2,-12,0.5,-0.25686,0.068300424,0.224356822
2,4,7,2,-10,0.5,-0.25386,0.065675832,0.209067049
2,4,7,2,-9,0.5,-0.25086,0.063814203,0.187063204
2,3,7,2,-7,0.5,-0.24736,0.062562944,0.183935057
2,4,7,2,-5,0.5,-0.24436,0.0622425,0.194448683
2,4,7,1,-4,0.5,-0.24086,0.035157323,0.263542589
2,5,7,2,-2,0.5,-0.23736,0.032090213,0.354060488
2,5,7,2,-1,0.5,-0.23436,0.020340587,0.440290536
2,4,7,2,1,1,-0.23086,0.007293924,0.48217719
2,3,7,2,4,1,-1.12548,0.005798517,0.496551408
2,3,7,3,9,1,-1.12148,0.004730369,0.499847407
2,3,7,1,15,1,-1.11548,0.004730369,0.509262368
2,3,7,2,22,1,-1.10948,0.00430311,0.520096438
2,3,7,2,30,1,-1.10248,0.00430311,0.515305033
2,2,7,2,33,1,0.46196,0.01454207,0.483123264
2,1,7,1,32,1,0.46196,0.018799402,0.441480758
2,0,7,1,29,1,0.29876,0.022064882,0.396420179
2,0,7,1,28,1,0.29876,0.029969176,0.357066561
2,0,7,1,26,1,0.29876,0.049623096,0.310892056
2,1,7,1,24,1,0.29876,0.070741905,0.301309244
2,1,7,1,22,1,0.29876,0.090548418,0.327524644
2,1,7,2,21,0.5,0.29876,0.10852382,0.396465957
2,2,7,2,18,0.5,0.29876,0.110553301,0.475066378
2,2,7,3,16,0.5,0.29876,0.112506485,0.50184637
2,3,7,3,15,0.5,0.29876,0.141468551,0.509186071
2,3,7,3,12,0.5,0.29876,0.153828547,0.49488815
2,2,7,2,9,0.5,1.08764,0.153828547,0.49488815
2,3,7,3,4,0.5,1.08364,0.153828547,0.424634541
2,3,7,2,-3,0.5,1.07764,0.159154027,0.390423292
2,2,7,2,-6,0.5,-0.06026,0.169789727,0.454435865
2,2,7,2,-6,0.5,-0.06026,0.173772393,0.476638081
2,1,7,2,-5,0.5,-0.06026,0.193548387,0.480239265
2,1,7,1,-5,0.5,-0.06026,0.204855495,0.485793634
2,2,7,1,-4,0.5,-0.06026,0.205603198,0.494003113
2,2,7,2,-4,0.5,-0.06026,0.205603198,0.494003113
2,2,7,2,-3,0.5,-0.06026,0.205603198,0.487578967
2,2,7,2,-3,0.5,-0.06026,0.205603198,0.457548753
2,2,7,1,-2,0.5,-0.06026,0.205603198,0.38492996
2,2,7,1,-2,0,-0.06026,0.205603198,0.380077517
2,2,7,1,-2,0.5,-0.06026,0.205603198,0.421094394
2,2,7,2,-1,0.5,-0.06026,0.205603198,0.421094394
2,3,7,3,-1,0.5,-0.06026,0.205603198,0.476409192
2,4,7,3,0,0.5,-0.06026,0.205603198,0.480574969
2,3,7,3,0,0.5,-0.06026,0.201574755,0.484344005
2,3,7,2,0,0.5,-0.06026,0.200079348,0.487014374
2,3,7,1,1,0.5,-0.06026,0.200079348,0.487289041
2,2,7,0,1,0.5,-0.25733,0.200079348,0.47563097
2,2,7,1,2,0.5,-0.25733,0.201956236,0.319071017
2,3,7,2,3,0.5,-0.25733,0.203466903,0.231894894
2,2,7,2,3,0.5,0.35706,0.203466903,0.177190466
2,2,7,2,1,0.5,0.35706,0.203466903,0.177190466
2,3,7,2,-1,0.5,0.35706,0.204672384,0.160695212
2,2,7,1,-4,0.5,1.77564,0.204992828,0.13246559
2,1,7,1,-11,0.5,1.77164,0.207693716,0.095690786
